Symbol,SecurityName,Exchange,MarketCategory,ETF
A,"Agilent Technologies, Inc. Common Stock",N,,N
AA,"Alcoa Corporation Common Stock ",N,,N
AAAU,"Perth Mint Physical Gold ETF",P,,Y
AACG,"ATA Creativity Global - American Depositary Shares, each representing two common shares",Q,G,N
AADR,"AdvisorShares Dorsey Wright ADR ETF",P,,Y
AAL,"American Airlines Group, Inc. - Common Stock",Q,Q,N
AAMC,"Altisource Asset Management Corp Com",A,,N
AAME,"Atlantic American Corporation - Common Stock",Q,G,N
AAN,"Aaron's, Inc. Common Stock",N,,N
AAOI,"Applied Optoelectronics, Inc. - Common Stock",Q,G,N
AAON,"AAON, Inc. - Common Stock",Q,Q,N
AAP,"Advance Auto Parts Inc Advance Auto Parts Inc W/I",N,,N
AAPL,"Apple Inc. - Common Stock",Q,Q,N
AAT,"American Assets Trust, Inc. Common Stock",N,,N
AAU,"Almaden Minerals, Ltd. Common Shares",A,,N
AAWW,"Atlas Air Worldwide Holdings - Common Stock",Q,Q,N
AAXJ,"iShares MSCI All Country Asia ex Japan Index Fund",Q,G,Y
AAXN,"Axon Enterprise, Inc. - Common Stock",Q,Q,N
AB,"AllianceBernstein Holding L.P.  Units",N,,N
ABB,"ABB Ltd Common Stock",N,,N
ABBV,"AbbVie Inc. Common Stock",N,,N
ABC,"AmerisourceBergen Corporation Common Stock",N,,N
ABCB,"Ameris Bancorp - Common Stock",Q,Q,N
ABEO,"Abeona Therapeutics Inc. - Common Stock",Q,S,N
ABEQ,"Absolute Core Strategy ETF",P,,Y
ABEV,"Ambev S.A. American Depositary Shares (Each representing 1 Common Share)",N,,N
ABG,"Asbury Automotive Group Inc Common Stock",N,,N
ABIO,"ARCA biopharma, Inc. - Common Stock",Q,S,N
ABM,"ABM Industries Incorporated Common Stock",N,,N
ABMD,"ABIOMED, Inc. - Common Stock",Q,Q,N
ABR,"Arbor Realty Trust Common Stock",N,,N
ABT,"Abbott Laboratories Common Stock",N,,N
ABTX,"Allegiance Bancshares, Inc. - Common Stock",Q,G,N
ABUS,"Arbutus Biopharma Corporation - Common Stock",Q,Q,N
AC,"Associated Capital Group, Inc. Common Stock",N,,N
ACA,"Arcosa, Inc. Common Stock ",N,,N
ACAD,"ACADIA Pharmaceuticals Inc. - Common Stock",Q,Q,N
ACAM,"Acamar Partners Acquisition Corp. - Class A Common Stock",Q,S,N
ACAMU,"Acamar Partners Acquisition Corp. - Units",Q,S,N
ACB,"Aurora Cannabis Inc. Common Shares",N,,N
ACBI,"Atlantic Capital Bancshares, Inc. - Common Stock",Q,Q,N
ACC,"American Campus Communities Inc Common Stock",N,,N
ACCO,"Acco Brands Corporation Common Stock",N,,N
ACEL,"Accel Entertainment, Inc. ",N,,N
ACER,"Acer Therapeutics Inc. - Common Stock",Q,S,N
ACES,"ALPS Clean Energy ETF",Z,,Y
ACGL,"Arch Capital Group Ltd. - Common Stock",Q,Q,N
ACGLO,"Arch Capital Group Ltd. - Depositary Shares Each Representing 1/1,000th Interest in a Share of5.45% Non-Cumulative Preferred Shares, Series F",Q,Q,N
ACGLP,"Arch Capital Group Ltd. - Depositary Shares Representing Interest in 5.25% Non-Cumulative Preferred Series E Shrs",Q,Q,N
ACH,"Aluminum Corporation of China Limited American Depositary Shares",N,,N
ACHC,"Acadia Healthcare Company, Inc. - Common Stock",Q,Q,N
ACHV,"Achieve Life Sciences, Inc.  - Common Shares",Q,S,N
ACIA,"Acacia Communications, Inc. - Common Stock",Q,Q,N
ACIO,"ETF Series Solutions Aptus Collared Income Opportunity ETF",Z,,Y
ACIU,"AC Immune SA - Common Stock",Q,G,N
ACIW,"ACI Worldwide, Inc. - Common Stock",Q,Q,N
ACLS,"Axcelis Technologies, Inc. - Common Stock",Q,Q,N
ACM,"AECOM Common Stock",N,,N
ACMR,"ACM Research, Inc. - Class A Common Stock",Q,G,N
ACN,"Accenture plc Class A Ordinary Shares (Ireland)",N,,N
ACNB,"ACNB Corporation - Common Stock",Q,S,N
ACOR,"Acorda Therapeutics, Inc. - Common Stock",Q,Q,N
ACP,"Aberdeen Income Credit Strategies Fund Common Shares",N,,N
ACRE,"Ares Commercial Real Estate Corporation Common Stock",N,,N
ACRS,"Aclaris Therapeutics, Inc. - Common Stock",Q,Q,N
ACRX,"AcelRx Pharmaceuticals, Inc. - Common Stock",Q,G,N
ACSG,"Xtrackers MSCI ACWI ex USA ESG Leaders Equity ETF",P,,Y
ACSI,"American Customer Satisfaction ETF",Z,,Y
ACST,"Acasti Pharma, Inc. - Class A Common Stock",Q,S,N
ACT,"AdvisorShares Vice ETF",Q,G,Y
ACTG,"Acacia Research Corporation - Common Stock",Q,Q,N
ACTT,"Act II Global Acquisition Corp. - Class A Ordinary Shares",Q,S,N
ACTTU,"Act II Global Acquisition Corp. - Unit",Q,S,N
ACU,"Acme United Corporation. Common Stock",A,,N
ACV,"AllianzGI Diversified Income & Convertible Fund Common Shares of Beneficial Interest",N,,N
ACWF,"iShares Edge MSCI Multifactor Global ETF",P,,Y
ACWI,"iShares MSCI ACWI Index Fund",Q,G,Y
ACWV,"iShares Edge MSCI Min Vol Global ETF",Z,,Y
ACWX,"iShares MSCI ACWI ex US Index Fund",Q,G,Y
ACY,"AeroCentury Corp. Common Stock",A,,N
ADAP,"Adaptimmune Therapeutics plc - American Depositary Shares",Q,Q,N
ADBE,"Adobe Inc. - Common Stock",Q,Q,N
ADC,"Agree Realty Corporation Common Stock",N,,N
ADES,"Advanced Emissions Solutions, Inc. - Common Stock",Q,G,N
ADI,"Analog Devices, Inc. - Common Stock",Q,Q,N
ADIL,"Adial Pharmaceuticals, Inc - Common Stock",Q,S,N
ADM,"Archer-Daniels-Midland Company Common Stock",N,,N
ADMA,"ADMA Biologics Inc - Common Stock",Q,G,N
ADME,"Aptus Drawdown Managed Equity ETF",Z,,Y
ADMP,"Adamis Pharmaceuticals Corporation - Common Stock",Q,S,N
ADMS,"Adamas Pharmaceuticals, Inc. - Common Stock",Q,G,N
ADNT,"Adient plc Ordinary Shares ",N,,N
ADP,"Automatic Data Processing, Inc. - Common Stock",Q,Q,N
ADPT,"Adaptive Biotechnologies Corporation - Common Stock",Q,Q,N
ADRE,"Invesco BLDRS Emerging Markets 50 ADR Index Fund",Q,G,Y
ADRO,"Aduro Biotech, Inc. - Common Stock",Q,Q,N
ADS,"Alliance Data Systems Corporation Common Stock",N,,N
ADSK,"Autodesk, Inc. - Common Stock",Q,Q,N
ADSW,"Advanced Disposal Services, Inc. Common Stock",N,,N
ADT,"ADT Inc. Common Stock",N,,N
ADTN,"ADTRAN, Inc. - Common Stock",Q,Q,N
ADUS,"Addus HomeCare Corporation - Common Stock",Q,Q,N
ADVM,"Adverum Biotechnologies, Inc. - Common Stock",Q,G,N
ADX,"Adams Diversified Equity Fund Inc.",N,,N
ADXN,"Addex Therapeutics Ltd - American Depositary Shares",Q,S,N
ADXS,"Advaxis, Inc. - Common Stock",Q,Q,N
AE,"Adams Resources & Energy, Inc. Common Stock",A,,N
AEB,"AEGON N.V. Perp. Cap. Secs. Floating Rate (Netherlands)",N,,N
AEE,"Ameren Corporation Common Stock",N,,N
AEF,"Aberdeen Emerging Markets Equity Income Fund, Inc. Common Stock",A,,N
AEFC,"Aegon Funding Company LLC 5.10% Subordinated Notes due 2049",N,,N
AEG,"AEGON N.V. Common Stock",N,,N
AEGN,"Aegion Corp - Class A Common Stock",Q,Q,N
AEHR,"Aehr Test Systems - Common Stock",Q,S,N
AEIS,"Advanced Energy Industries, Inc. - Common Stock",Q,Q,N
AEL,"American Equity Investment Life Holding Company Common Stock",N,,N
AEM,"Agnico Eagle Mines Limited Common Stock",N,,N
AEMD,"Aethlon Medical, Inc. - Common Stock",Q,S,N
AEO,"American Eagle Outfitters, Inc. Common Stock",N,,N
AEP,"American Electric Power Company, Inc. Common Stock",N,,N
AER,"AerCap Holdings N.V. Ordinary Shares",N,,N
AERI,"Aerie Pharmaceuticals, Inc. - Common Stock",Q,G,N
AES,"The AES Corporation Common Stock",N,,N
AESE,"Allied Esports Entertainment, Inc. - Common Stock",Q,S,N
AESR,"Anfield U.S. Equity Sector Rotation ETF",Z,,Y
AEY,"ADDvantage Technologies Group, Inc. - Common Stock",Q,G,N
AEYE,"AudioEye, Inc. - Common Stock",Q,S,N
AEZS,"Aeterna Zentaris Inc. - Common Stock",Q,S,N
AFB,"AllianceBernstein National Municipal Income Fund Inc",N,,N
AFC,"Allied Capital Corporation Allied Capital Corporation 6.875% Notes due April 15, 2047",N,,N
AFG,"American Financial Group, Inc. Common Stock",N,,N
AFGC,"American Financial Group, Inc. 5.125% Subordinated Debentures due 2059",N,,N
AFGH,"American Financial Group, Inc. 6% Subordinated Debentures due 2055",N,,N
AFH,"Atlas Financial Holdings, Inc. - Ordinary Shares",Q,S,N
AFI,"Armstrong Flooring, Inc. Common Stock",N,,N
AFIF,"Anfield Universal Fixed Income ETF",Z,,Y
AFIN,"American Finance Trust, Inc. - Class A Common Stock",Q,Q,N
AFINP,"American Finance Trust, Inc. - 7.50% Series A Cumulative Redeemable Perpetual Preferred Stock",Q,Q,N
AFK,"VanEck Vectors-Africa Index ETF",P,,Y
AFL,"AFLAC Incorporated Common Stock",N,,N
AFLG,"First Trust Active Factor Large Cap ETF",P,,Y
AFMC,"First Trust Active Factor Mid Cap ETF",P,,Y
AFMD,"Affimed N.V. - Common Stock",Q,G,N
AFSM,"First Trust Active Factor Small Cap ETF",P,,Y
AFT,"Apollo Senior Floating Rate Fund Inc. Common Stock",N,,N
AFTY,"Pacer CSOP FTSE China A50 ETF",P,,Y
AFYA,"Afya Limited - Class A Common Shares",Q,Q,N
AG,"First Majestic Silver Corp. Ordinary Shares (Canada)",N,,N
AGBA,"AGBA Acquisition Limited - Ordinary Share",Q,S,N
AGBAU,"AGBA Acquisition Limited - Unit",Q,S,N
AGCO,"AGCO Corporation Common Stock",N,,N
AGD,"Aberdeen Global Dynamic Dividend Fund",N,,N
AGE,"AgeX Therapeutics, Inc. Common Stock",A,,N
AGEN,"Agenus Inc. - Common Stock",Q,S,N
AGFS,"AgroFresh Solutions, Inc. - Common Stock",Q,Q,N
AGG,"iShares Core U.S. Aggregate Bond ETF",P,,Y
AGGP,"IQ Enhanced Core Plus Bond U.S. ETF",P,,Y
AGGY,"WisdomTree Yield Enhanced U.S. Aggregate Bond Fund",P,,Y
AGI,"Alamos Gold Inc. Class A Common Shares",N,,N
AGIO,"Agios Pharmaceuticals, Inc. - Common Stock",Q,Q,N
AGLE,"Aeglea BioTherapeutics, Inc. - Common Stock",Q,G,N
AGM,"Federal Agricultural Mortgage Corporation Common Stock",N,,N
AGM$A,"Federal Agricultural Mortgage Corporation 5.875% Non-CUmulative Preferred Stock, Series A",N,,N
AGMH,"AGM Group Holdings Inc. - Class A Ordinary Shares",Q,S,N
AGN,"Allergan plc Ordinary Shares",N,,N
AGNC,"AGNC Investment Corp. - Common Stock",Q,Q,N
AGNCM,"AGNC Investment Corp. - Depositary Shares rep 6.875% Series D Fixed-to-Floating Cumulative Redeemable Preferred Stock",Q,Q,N
AGNCN,"AGNC Investment Corp. - Depositary Shares Each Representing a 1/1,000th Interest in a Share of 7.00% Series C Fixed-To-Floating Rate Cumulative Redeemable Preferred Stock",Q,Q,N
AGNCO,"AGNC Investment Corp. - Depositary Shares, each representing a 1/1,000th interest in a share of Series E Fixed-to-Floating Cumulative Redeemable Preferred Stock",Q,Q,N
AGNCP,"AGNC Investment Corp. - Depositary Shares Each Representing a 1/1,000th Interest in a Share of 6.125% Series F Fixed-to-Floating Rate Cumulative Redeemable Preferred Stock",Q,Q,N
AGND,"WisdomTree Barclays Negative Duration U.S. Aggregate Bond Fund",Q,G,Y
AGO,"Assured Guaranty Ltd. Common Stock",N,,N
AGQ,"ProShares Ultra Silver",P,,Y
AGR,"Avangrid, Inc. Common Stock",N,,N
AGRO,"Adecoagro S.A. Common Shares",N,,N
AGRX,"Agile Therapeutics, Inc. - Common Stock",Q,S,N
AGS,"PlayAGS, Inc. Common Stock",N,,N
AGT,"iShares MSCI Argentina and Global Exposure ETF",Z,,Y
AGTC,"Applied Genetic Technologies Corporation - Common Stock",Q,G,N
AGX,"Argan, Inc. Common Stock",N,,N
AGYS,"Agilysys, Inc. - Common Stock",Q,Q,N
AGZ,"iShares  Agency Bond ETF",P,,Y
AGZD,"WisdomTree Interest Rate Hedged U.S. Aggregate Bond Fund",Q,G,Y
AHC,"A.H. Belo Corporation (TX) Common Stock",N,,N
AHCO,"AdaptHealth Corp.  - Class A Common Stock",Q,S,N
AHH,"Armada Hoffler Properties, Inc. Common Stock",N,,N
AHPI,"Allied Healthcare Products, Inc. - Common Stock",Q,S,N
AHT,"Ashford Hospitality Trust Inc Common Stock",N,,N
AI,"Arlington Asset Investment Corp Class A (new)",N,,N
AIA,"iShares Asia 50 ETF",Q,G,Y
AIC,"Arlington Asset Investment Corp 6.750% Notes due 2025",N,,N
AIEQ,"AI Powered Equity ETF",P,,Y
AIF,"Apollo Tactical Income Fund Inc. Common Stock",N,,N
AIG,"American International Group, Inc. New Common Stock",N,,N
AIH,"Aesthetic Medical International Holdings Group Ltd. - American Depositary Shares",Q,G,N
AIHS,"Senmiao Technology Limited - Common Stock",Q,S,N
AIIQ,"AI Powered International Equity ETF",P,,Y
AIKI,"AIkido Pharma Inc. - Common Stock",Q,S,N
AIM,"AIM ImmunoTech Inc. Common Stock",A,,N
AIMC,"Altra Industrial Motion Corp. - Common Stock",Q,Q,N
AIMT,"Aimmune Therapeutics, Inc. - Common Stock",Q,Q,N
AIN,"Albany International Corporation Common Stock",N,,N
AINC,"Ashford Inc. (Holding Company) Common Stock",A,,N
AINV,"Apollo Investment Corporation - Closed End Fund",Q,Q,N
AIO,"AllianzGI Artificial Intelligence & Technology Opportunities Fund Common Shares",N,,N
AIQ,"Global X Future Analytics Tech ETF",Q,G,Y
AIR,"AAR Corp. Common Stock",N,,N
AIRG,"Airgain, Inc. - Common Stock",Q,S,N
AIRI,"Air Industries Group Common Stock",A,,N
AIRR,"First Trust RBA American Industrial Renaissance ETF",Q,G,Y
AIRT,"Air T, Inc. - Common Stock",Q,G,N
AIRTP,"Air T, Inc. - Trust Preferred Securities",Q,G,N
AIT,"Applied Industrial Technologies, Inc. Common Stock",N,,N
AIV,"Apartment Investment and Management Company Common Stock",N,,N
AIW,"Arlington Asset Investment Corp 6.625% Notes due 2023",N,,N
AIZ,"Assurant, Inc. Common Stock",N,,N
AIZP,"Assurant, Inc. 6.50% Series D Mandatory Convertible Preferred Stock, $1.00 par value",N,,N
AJG,"Arthur J. Gallagher & Co. Common Stock",N,,N
AJRD,"Aerojet Rocketdyne Holdings, Inc. Common Stock",N,,N
AJX,"Great Ajax Corp. Common Stock",N,,N
AJXA,"Great Ajax Corp. 7.25% Convertible Senior Notes due 2024",N,,N
AKAM,"Akamai Technologies, Inc. - Common Stock",Q,Q,N
AKBA,"Akebia Therapeutics, Inc. - Common Stock",Q,G,N
AKCA,"Akcea Therapeutics, Inc. - Common Stock",Q,Q,N
AKER,"Akers Biosciences Inc. - Common Stock",Q,S,N
AKG,"Asanko Gold Inc.",A,,N
AKR,"Acadia Realty Trust Common Stock",N,,N
AKRO,"Akero Therapeutics, Inc. - Common Stock",Q,Q,N
AKRX,"Akorn, Inc. - Common Stock",Q,Q,N
AKTS,"Akoustis Technologies, Inc. - Common Stock",Q,S,N
AKTX,"Akari Therapeutics Plc - American Depositary Shares",Q,S,N
AL,"Air Lease Corporation Class A Common Stock",N,,N
ALAC,"Alberton Acquisition Corporation - Ordinary Shares",Q,S,N
ALACR,"Alberton Acquisition Corporation - Rights",Q,S,N
ALACU,"Alberton Acquisition Corporation - Unit",Q,S,N
ALB,"Albemarle Corporation Common Stock",N,,N
ALBO,"Albireo Pharma, Inc. - Common Stock",Q,S,N
ALC,"Alcon Inc. Ordinary Shares",N,,N
ALCO,"Alico, Inc. - Common Stock",Q,Q,N
ALDX,"Aldeyra Therapeutics, Inc. - Common Stock",Q,S,N
ALE,"Allete, Inc.",N,,N
ALEC,"Alector, Inc. - Common Stock",Q,Q,N
ALEX,"Alexander & Baldwin, Inc. Common Stock REIT Holding Company",N,,N
ALFA,"AlphaClone Alternative Alpha ETF",Z,,Y
ALG,"Alamo Group, Inc. Common Stock",N,,N
ALGN,"Align Technology, Inc. - Common Stock",Q,Q,N
ALGR,"Allegro Merger Corp. - Common Stock",Q,S,N
ALGRU,"Allegro Merger Corp. - Unit",Q,S,N
ALGT,"Allegiant Travel Company - Common Stock",Q,Q,N
ALIM,"Alimera Sciences, Inc. - Common Stock",Q,G,N
ALJJ,"ALJ Regional Holdings, Inc. - Common Stock",Q,G,N
ALK,"Alaska Air Group, Inc. Common Stock",N,,N
ALKS,"Alkermes plc - Ordinary Shares",Q,Q,N
ALL,"Allstate Corporation (The) Common Stock",N,,N
ALLE,"Allegion plc Ordinary Shares",N,,N
ALLK,"Allakos Inc. - Common Stock",Q,Q,N
ALLO,"Allogene Therapeutics, Inc. - Common Stock",Q,Q,N
ALLT,"Allot Ltd. - Ordinary Shares",Q,Q,N
ALLY,"Ally Financial Inc. Common Stock",N,,N
ALNA,"Allena Pharmaceuticals, Inc. - Common Stock",Q,Q,N
ALNY,"Alnylam Pharmaceuticals, Inc. - Common Stock",Q,Q,N
ALO,"Alio Gold Inc. Common Shares (Canada)",A,,N
ALOT,"AstroNova, Inc. - Common Stock",Q,G,N
ALPN,"Alpine Immune Sciences, Inc. - Common Stock",Q,G,N
ALRM,"Alarm.com Holdings, Inc. - Common Stock",Q,Q,N
ALRN,"Aileron Therapeutics, Inc. - Common Stock",Q,S,N
ALRS,"Alerus Financial Corporation - Common Stock",Q,S,N
ALSK,"Alaska Communications Systems Group, Inc. - Common Stock",Q,Q,N
ALSN,"Allison Transmission Holdings, Inc. Common Stock",N,,N
ALT,"Altimmune, Inc. - Common Stock",Q,G,N
ALTG,"Alta Equipment Group Inc. Class A Common Stock",N,,N
ALTM,"Altus Midstream Company - Class A Common Stock",Q,G,N
ALTR,"Altair Engineering Inc. - Class A Common Stock",Q,Q,N
ALTS,"ProShares Morningstar Alternatives Solution ETF",Z,,Y
ALTY,"Global X SuperDividend Alternatives ETF",Q,G,Y
ALUS,"Alussa Energy Acquisition Corp. Class A Ordinary Shares",N,,N
ALV,"Autoliv, Inc. Common Stock",N,,N
ALX,"Alexander's, Inc. Common Stock",N,,N
ALXN,"Alexion Pharmaceuticals, Inc. - Common Stock",Q,Q,N
ALYA,"Alithya Group inc. - Class A subordinate voting shares",Q,S,N
AM,"Antero Midstream Corporation Common Stock",N,,N
AMAG,"AMAG Pharmaceuticals, Inc. - Common Stock",Q,Q,N
AMAL,"Amalgamated Bank - Class A Common Stock",Q,G,N
AMAT,"Applied Materials, Inc. - Common Stock",Q,Q,N
AMBA,"Ambarella, Inc. - Ordinary Shares",Q,Q,N
AMBC,"Ambac Financial Group, Inc. Common Stock",N,,N
AMBO,"Ambow Education Holding Ltd. American Depository Shares, each representing two Class A ordinary shares",A,,N
AMC,"AMC Entertainment Holdings, Inc. Class A Common Stock",N,,N
AMCA,"iShares Russell 1000 Pure U.S. Revenue ETF",Q,G,Y
AMCI,"AMCI Acquisition Corp. - Class A Common Stock",Q,S,N
AMCIU,"AMCI Acquisition Corp. - Unit",Q,S,N
AMCR,"Amcor plc Ordinary Shares",N,,N
AMCX,"AMC Networks Inc. - Class A Common Stock",Q,Q,N
AMD,"Advanced Micro Devices, Inc. - Common Stock",Q,Q,N
AME,"AMETEK, Inc.",N,,N
AMED,"Amedisys Inc - Common Stock",Q,Q,N
AMEH,"Apollo Medical Holdings, Inc. - Common Stock",Q,S,N
AMG,"Affiliated Managers Group, Inc. Common Stock",N,,N
AMGN,"Amgen Inc. - Common Stock",Q,Q,N
AMH,"American Homes 4 Rent Common Shares of Beneficial Interest",N,,N
AMHC,"Amplitude Healthcare Acquisition Corporation - Class A Common Stock",Q,S,N
AMHCU,"Amplitude Healthcare Acquisition Corporation - Unit",Q,S,N
AMJ,"JPMorgan Chase Capital XVI JP Morgan Alerian MLP ETN",P,,N
AMK,"AssetMark Financial Holdings, Inc. Common Stock",N,,N
AMKR,"Amkor Technology, Inc. - Common Stock",Q,Q,N
AMLP,"Alerian MLP ETF",P,,Y
AMN,"AMN Healthcare Services Inc AMN Healthcare Services Inc",N,,N
AMNB,"American National Bankshares, Inc. - Common Stock",Q,Q,N
AMOM,"QRAFT AI-Enhanced U.S. Large Cap Momentum ETF",P,,Y
AMOT,"Allied Motion Technologies, Inc. - Common Stock",Q,G,N
AMOV,"America Movil, S.A.B. de C.V. Class A American Depositary Shares",N,,N
AMP,"Ameriprise Financial, Inc. Common Stock",N,,N
AMPE,"Ampio Pharmaceuticals, Inc.",A,,N
AMPH,"Amphastar Pharmaceuticals, Inc. - Common Stock",Q,Q,N
AMPY,"Amplify Energy Corp. Common Stock",N,,N
AMRB,"American River Bankshares - Common Stock",Q,Q,N
AMRC,"Ameresco, Inc. Class A Common Stock",N,,N
AMRH,"Ameri Holdings, Inc. - Common Stock",Q,S,N
AMRK,"A-Mark Precious Metals, Inc. - Common Stock",Q,Q,N
AMRN,"Amarin Corporation plc - American Depositary Shares, each representing one Ordinary Share",Q,G,N
AMRS,"Amyris, Inc. - Common Stock",Q,Q,N
AMRX,"Amneal Pharmaceuticals, Inc. Class A Common Stock",N,,N
AMS,"American Shared Hospital Services Common Stock",A,,N
AMSC,"American Superconductor Corporation - Common Stock",Q,Q,N
AMSF,"AMERISAFE, Inc. - Common Stock",Q,Q,N
AMSWA,"American Software, Inc. - Class A Common Stock",Q,Q,N
AMT,"American Tower Corporation (REIT) Common Stock",N,,N
AMTB,"Amerant Bancorp Inc. - Class A Common Stock",Q,Q,N
AMTBB,"Amerant Bancorp Inc. - Class B Common Stock",Q,Q,N
AMTD,"TD Ameritrade Holding Corporation - Common Stock",Q,Q,N
AMTX,"Aemetis, Inc - Common Stock",Q,G,N
AMU,"ETRACS Alerian MLP Index ETN",P,,N
AMUB,"ETRACS Alerian MLP Index ETN Series B due July 18, 2042",P,,N
AMWD,"American Woodmark Corporation - Common Stock",Q,Q,N
AMX,"America Movil, S.A.B. de C.V. American Depository Receipt Series L",N,,N
AMZA,"InfraCap MLP ETF",P,,Y
AMZN,"Amazon.com, Inc. - Common Stock",Q,Q,N
AN,"AutoNation, Inc. Common Stock",N,,N
ANAB,"AnaptysBio, Inc. - Common Stock",Q,Q,N
ANAT,"American National Insurance Company - Common Stock",Q,Q,N
ANCN,"Anchiano Therapeutics Ltd. - American Depositary Shares",Q,S,N
ANDA,"Andina Acquisition Corp. III - Ordinary Shares",Q,S,N
ANDAU,"Andina Acquisition Corp. III - Unit",Q,S,N
ANDE,"The Andersons, Inc. - Common Stock",Q,Q,N
ANET,"Arista Networks, Inc. Common Stock",N,,N
ANF,"Abercrombie & Fitch Company Common Stock",N,,N
ANGI,"ANGI Homeservices Inc. - Class A Common Stock",Q,Q,N
ANGL,"VanEck Vectors Fallen Angel High Yield Bond ETF",Q,G,Y
ANGO,"AngioDynamics, Inc. - Common Stock",Q,Q,N
ANH,"Anworth Mortgage Asset Corporation Common Stock",N,,N
ANIK,"Anika Therapeutics Inc. - Common Stock",Q,Q,N
ANIP,"ANI Pharmaceuticals, Inc. - Common Stock",Q,G,N
ANIX,"Anixa Biosciences, Inc. - Common Stock",Q,S,N
ANPC,"AnPac Bio-Medical Science Co., Ltd. - American Depositary Shares",Q,G,N
ANSS,"ANSYS, Inc. - Common Stock",Q,Q,N
ANTE,"AirNet Technology Inc. - American Depositary Shares, each representing ten ordinary shares",Q,S,N
ANTM,"Anthem, Inc. Common Stock",N,,N
ANVS,"Annovis Bio, Inc. Common Stock",A,,N
ANY,"Sphere 3D Corp. - Common Shares",Q,S,N
AOA,"iShares Core Aggressive Allocation ETF",P,,Y
AOBC,"American Outdoor Brands Corporation - Common Stock",Q,Q,N
AOD,"Aberdeen Total Dynamic Dividend Fund Common Stock",N,,N
AOK,"iShares Core Conservative Allocation ETF",P,,Y
AOM,"iShares Core Moderate Allocation ETF",P,,Y
AON,"Aon plc Class A Ordinary Shares (Ireland)",N,,N
AOR,"iShares Core Growth Allocation ETF",P,,Y
AOS,"A.O. Smith Corporation Common Stock",N,,N
AOSL,"Alpha and Omega Semiconductor Limited - Common Shares",Q,Q,N
AP,"Ampco-Pittsburgh Corporation Common Stock",N,,N
APA,"Apache Corporation Common Stock",N,,N
APAM,"Artisan Partners Asset Management Inc. Class A Common Stock",N,,N
APD,"Air Products and Chemicals, Inc. Common Stock",N,,N
APDN,"Applied DNA Sciences, Inc. - Common Stock",Q,S,N
APEI,"American Public Education, Inc. - Common Stock",Q,Q,N
APEN,"Apollo Endosurgery, Inc. - Common Stock",Q,G,N
APEX,"Apex Global Brands Inc. - Common Stock",Q,S,N
APH,"Amphenol Corporation Common Stock",N,,N
APHA,"Aphria Inc. Common Shares",N,,N
APLE,"Apple Hospitality REIT, Inc. Common Shares",N,,N
APLS,"Apellis Pharmaceuticals, Inc. - Common Stock",Q,Q,N
APLT,"Applied Therapeutics, Inc. - Common Stock",Q,G,N
APM,"Aptorum Group Limited - Class A Ordinary Shares",Q,G,N
APO,"Apollo Global Management, Inc. Class A Common Stock",N,,N
APOG,"Apogee Enterprises, Inc. - Common Stock",Q,Q,N
APOP,"Cellect Biotechnology Ltd. - American Depositary Shares",Q,S,N
APPF,"AppFolio, Inc. - Class A Common Stock",Q,G,N
APPN,"Appian Corporation - Class A Common Stock",Q,G,N
APPS,"Digital Turbine, Inc. - Common Stock",Q,S,N
APRE,"Aprea Therapeutics, Inc. - Common Stock",Q,Q,N
APRN,"Blue Apron Holdings, Inc. Class A Common Stock",N,,N
APT,"Alpha Pro Tech, Ltd. Common Stock",A,,N
APTO,"Aptose Biosciences, Inc. - Common Shares",Q,S,N
APTS,"Preferred Apartment Communities, Inc. Common Stock",N,,N
APTV,"Aptiv PLC Ordinary Shares",N,,N
APTX,"Aptinyx Inc. - Common Stock",Q,Q,N
APVO,"Aptevo Therapeutics Inc. - Common Stock",Q,S,N
APWC,"Asia Pacific Wire & Cable Corporation Limited - Common shares, Par value .01 per share",Q,G,N
APXT,"Apex Technology Acquisition Corporation - Class A Common Stock",Q,S,N
APXTU,"Apex Technology Acquisition Corporation - Unit",Q,S,N
APY,"Apergy Corporation Common Stock ",N,,N
APYX,"Apyx Medical Corporation - Common Stock",Q,Q,N
AQB,"AquaBounty Technologies, Inc. - Common Stock",Q,S,N
AQMS,"Aqua Metals, Inc. - Common Stock",Q,S,N
AQN,"Algonquin Power & Utilities Corp. Common Shares",N,,N
AQNA,"Algonquin Power & Utilities Corp. 6.875% Fixed-to-Floating Rate Subordinated Notes Series 2018-A due October 17, 2078",N,,N
AQNB,"Algonquin Power & Utilities Corp. 6.20% Fixed-to-Floating Subordinated Notes Series 2019-A due July 1, 2079",N,,N
AQST,"Aquestive Therapeutics, Inc. - Common Stock",Q,G,N
AQUA,"Evoqua Water Technologies Corp. Common Stock",N,,N
AR,"Antero Resources Corporation Common Stock",N,,N
ARA,"American Renal Associates Holdings, Inc Common Stock",N,,N
ARAV,"Aravive, Inc. - Common Stock",Q,Q,N
ARAY,"Accuray Incorporated - Common Stock",Q,Q,N
ARC,"ARC Document Solutions, Inc. Common Stock",N,,N
ARCB,"ArcBest Corporation - Common Stock",Q,Q,N
ARCC,"Ares Capital Corporation - Closed End Fund",Q,Q,N
ARCE,"Arco Platform Limited - Class A Common Shares",Q,Q,N
ARCH,"Arch Coal, Inc. Class A Common Stock",N,,N
ARCM,"Arrow Reserve Capital Management ETF",Z,,Y
ARCO,"Arcos Dorados Holdings Inc. Class A Shares",N,,N
ARCT,"Arcturus Therapeutics Holdings Inc. - Common Stock",Q,G,N
ARD,"Ardagh Group S.A. Common Shares",N,,N
ARDC,"Ares Dynamic Credit Allocation Fund, Inc. Common Shares",N,,N
ARDS,"Aridis Pharmaceuticals Inc. - Common Stock",Q,S,N
ARDX,"Ardelyx, Inc. - Common Stock",Q,G,N
ARE,"Alexandria Real Estate Equities, Inc. Common Stock",N,,N
AREC,"American Resources Corporation - Class A Common Stock",Q,S,N
ARES,"Ares Management Corporation Class A Common Stock",N,,N
ARGD,"Argo Group International Holdings, Ltd. 6.5% Senior Notes Due 2042",N,,N
ARGO,"Argo Group International Holdings, Ltd.",N,,N
ARGT,"Global X MSCI Argentina ETF",P,,Y
ARGX,"argenx SE - American Depositary Shares",Q,Q,N
ARI,"Apollo Commercial Real Estate Finance, Inc",N,,N
ARKF,"ARK Fintech Innovation ETF",P,,Y
ARKG,"ARK Genomic Revolution ETF",Z,,Y
ARKK,"ARK Innovation ETF",P,,Y
ARKQ,"ARK Autonomous Technology & Robotics ETF",Z,,Y
ARKR,"Ark Restaurants Corp. - Common Stock",Q,G,N
ARKW,"ARK Next Generation Internet ETF",P,,Y
ARL,"American Realty Investors, Inc. Common Stock",N,,N
ARLO,"Arlo Technologies, Inc. Common Stock",N,,N
ARLP,"Alliance Resource Partners, L.P. - Common Units Representing Limited Partnership Interests",Q,Q,N
ARMK,"Aramark Common Stock",N,,N
ARMP,"Armata Pharmaceuticals, Inc. Common Stock",A,,N
ARMR,"Exchange Listed Funds Trust Armor US Equity Index ETF",P,,Y
ARNA,"Arena Pharmaceuticals, Inc. - Common Stock",Q,Q,N
ARNC,"Arconic Corporation Common Stock ",N,,N
AROC,"Archrock, Inc. Common Stock",N,,N
AROW,"Arrow Financial Corporation - Common Stock",Q,Q,N
ARPO,"Aerpio Pharmaceuticals, Inc. - Common Stock",Q,S,N
ARQT,"Arcutis Biotherapeutics, Inc. - Common stock",Q,Q,N
ARR,"ARMOUR Residential REIT, Inc.",N,,N
ARTL,"Artelo Biosciences, Inc. - Common Stock",Q,S,N
ARTNA,"Artesian Resources Corporation - Class A Non-Voting Common Stock",Q,Q,N
ARTW,"Art's-Way Manufacturing Co., Inc. - Common Stock",Q,S,N
ARVN,"Arvinas, Inc. - Common Stock",Q,Q,N
ARW,"Arrow Electronics, Inc. Common Stock",N,,N
ARWR,"Arrowhead Pharmaceuticals, Inc. - Common Stock",Q,Q,N
ARYA,"ARYA Sciences Acquisition Corp. - Class A Ordinary Shares",Q,S,N
ARYAU,"ARYA Sciences Acquisition Corp. - Unit",Q,S,N
ASA,"ASA  Gold and Precious Metals Limited",N,,N
ASB,"Associated Banc-Corp Common Stock",N,,N
ASC,"Ardmore Shipping Corporation Common Stock",N,,N
ASEA,"Global X FTSE Southeast Asia ETF",P,,Y
ASET,"FlexShares Real Assets Allocation Index Fund",Q,G,Y
ASFI,"Asta Funding, Inc. - Common Stock",Q,Q,N
ASG,"Liberty All-Star Growth Fund, Inc.",N,,N
ASGN,"ASGN Incorporated Common Stock",N,,N
ASH,"Ashland Global Holdings Inc. Common Stock",N,,N
ASHR,"Xtrackers Harvest CSI 300 China A-Shares ETF",P,,Y
ASHS,"Xtrackers Harvest CSI 500 China A-Shares Small Cap ETF",P,,Y
ASHX,"Xtrackers MSCI China A Inclusion Equity ETF",P,,Y
ASIX,"AdvanSix Inc. Common Stock ",N,,N
ASLN,"ASLAN Pharmaceuticals Limited - American Depositary Shares",Q,G,N
ASM,"Avino Silver & Gold Mines Ltd. Common Shares (Canada)",A,,N
ASMB,"Assembly Biosciences, Inc. - Common Stock",Q,Q,N
ASML,"ASML Holding N.V. - New York Registry Shares",Q,Q,N
ASNA,"Ascena Retail Group, Inc. - Common Stock",Q,Q,N
ASND,"Ascendis Pharma A/S - American Depositary Shares",Q,Q,N
ASPN,"Aspen Aerogels, Inc. Common Stock",N,,N
ASPS,"Altisource Portfolio Solutions S.A. - Common Stock",Q,Q,N
ASPU,"Aspen Group Inc. - Common Stock",Q,G,N
ASR,"Grupo Aeroportuario del Sureste, S.A. de C.V. Common Stock",N,,N
ASRT,"Assertio Therapeutics, Inc. - Common Stock",Q,Q,N
ASRV,"AmeriServ Financial Inc. - Common Stock",Q,G,N
ASRVP,"AmeriServ Financial Inc. - AmeriServ Financial Trust I - 8.45% Beneficial Unsecured Securities, Series A",Q,G,N
ASTC,"Astrotech Corporation - Common Stock",Q,S,N
ASTE,"Astec Industries, Inc. - Common Stock",Q,Q,N
ASUR,"Asure Software Inc - Common Stock",Q,S,N
ASX,"ASE Technology Holding Co., Ltd. American Depositary Shares (each representing Two Common Shares) ",N,,N
ASYS,"Amtech Systems, Inc. - Common Stock",Q,Q,N
AT,"Atlantic Power Corporation Ordinary Shares (Canada)",N,,N
ATAX,"America First Multifamily Investors, L.P. - Beneficial Unit Certificates (BUCs) representing Limited Partnership Interests",Q,Q,N
ATCO,"Atlas Corp. Common Shares",N,,N
ATCX,"Atlas Technical Consultants, Inc. - Class A Common Stock",Q,G,N
ATEC,"Alphatec Holdings, Inc. - Common Stock",Q,Q,N
ATEN,"A10 Networks, Inc. Common Stock",N,,N
ATEX,"Anterix Inc. - Common Stock",Q,S,N
ATGE,"Adtalem Global Education Inc. Common Stock",N,,N
ATH,"Athene Holding Ltd. Class A Common Shares",N,,N
ATHE,"Alterity Therapeutics Limited - American Depositary Shares",Q,S,N
ATHM,"Autohome Inc. American Depositary Shares, each representing one class A ordinary share.",N,,N
ATHX,"Athersys, Inc. - Common Stock",Q,S,N
ATI,"Allegheny Technologies Incorporated Common Stock",N,,N
ATIF,"ATIF Holdings Limited - Ordinary Shares",Q,S,N
ATKR,"Atkore International Group Inc. Common Stock",N,,N
ATLC,"Atlanticus Holdings Corporation - Common Stock",Q,Q,N
ATLO,"Ames National Corporation - Common Stock",Q,S,N
ATMP,"iPath Select MLP ETN",Z,,N
ATNI,"ATN International, Inc. - Common Stock",Q,Q,N
ATNM,"Actinium Pharmaceuticals, Inc. (Delaware) Common Stock",A,,N
ATNX,"Athenex, Inc. - Common Stock",Q,Q,N
ATO,"Atmos Energy Corporation Common Stock",N,,N
ATOM,"Atomera Incorporated - Common Stock",Q,S,N
ATOS,"Atossa Therapeutics, Inc. - Common Stock",Q,S,N
ATR,"AptarGroup, Inc. Common Stock",N,,N
ATRA,"Atara Biotherapeutics, Inc. - Common Stock",Q,Q,N
ATRC,"AtriCure, Inc. - Common Stock",Q,G,N
ATRI,"Atrion Corporation - Common Stock",Q,Q,N
ATRO,"Astronics Corporation - Common Stock",Q,Q,N
ATRS,"Antares Pharma, Inc. - Common Stock",Q,S,N
ATSG,"Air Transport Services Group, Inc - Common Stock",Q,Q,N
ATTO,"Atento S.A. Ordinary Shares",N,,N
ATUS,"Altice USA, Inc. Class A Common Stock",N,,N
ATV,"Acorn International, Inc. ADS",N,,N
ATVI,"Activision Blizzard, Inc - Common Stock",Q,Q,N
ATXI,"Avenue Therapeutics, Inc. - Common Stock",Q,S,N
AU,"AngloGold Ashanti Limited Common Stock",N,,N
AUB,"Atlantic Union Bankshares Corporation - Common Stock",Q,Q,N
AUBN,"Auburn National Bancorporation, Inc. - Common Stock",Q,G,N
AUDC,"AudioCodes Ltd. - Ordinary Shares",Q,Q,N
AUG,"Auryn Resources Inc. Common Shares",A,,N
AUMN,"Golden Minerals Company Common Stock",A,,N
AUPH,"Aurinia Pharmaceuticals Inc - Common Shares",Q,G,N
AUSF,"Global X Funds Global X Adaptive U.S. Factor ETF",P,,Y
AUTL,"Autolus Therapeutics plc - American Depositary Shares",Q,Q,N
AUTO,"AutoWeb, Inc. - Common Stock",Q,S,N
AUY,"Yamana Gold Inc. Ordinary Shares (Canada)",N,,N
AVA,"Avista Corporation Common Stock",N,,N
AVAL,"Grupo Aval Acciones y Valores S.A. ADR (Each representing 20 preferred shares)",N,,N
AVAV,"AeroVironment, Inc. - Common Stock",Q,Q,N
AVB,"AvalonBay Communities, Inc. Common Stock",N,,N
AVCO,"Avalon GloboCare Corp. - Common Stock",Q,S,N
AVD,"American Vanguard Corporation Common Stock ($0.10 Par Value)",N,,N
AVDE,"Avantis International Equity ETF",P,,Y
AVDL,"Avadel Pharmaceuticals plc - American Depositary Shares each representing one Ordinary Share",Q,G,N
AVDV,"Avantis International Small Cap Value ETF",P,,Y
AVEM,"Avantis Emerging Markets Equity ETF",P,,Y
AVEO,"AVEO Pharmaceuticals, Inc. - Common Stock",Q,S,N
AVGO,"Broadcom Inc. - Common Stock",Q,Q,N
AVGOP,"Broadcom Inc. - 8.00% Mandatory Convertible Preferred Stock, Series A",Q,Q,N
AVGR,"Avinger, Inc. - Common Stock",Q,S,N
AVH,"Avianca Holdings S.A. American Depositary Shares (Each representing 8 preferred Shares)",N,,N
AVID,"Avid Technology, Inc. - Common Stock",Q,Q,N
AVK,"Advent Convertible and Income Fund",N,,N
AVLR,"Avalara, Inc. Common Stock",N,,N
AVNS,"Avanos Medical, Inc. Common Stock",N,,N
AVNW,"Aviat Networks, Inc. - Common Stock",Q,Q,N
AVRO,"AVROBIO, Inc. - Common Stock",Q,Q,N
AVT,"Avnet, Inc. - Common Stock",Q,Q,N
AVTR,"Avantor, Inc. Common Stock",N,,N
AVUS,"Avantis U.S. Equity ETF",P,,Y
AVUV,"Avantis U.S. Small Cap Value ETF",P,,Y
AVXL,"Anavex Life Sciences Corp. - Common Stock",Q,S,N
AVY,"Avery Dennison Corporation Common Stock",N,,N
AVYA,"Avaya Holdings Corp. Common Stock",N,,N
AWAY,"ETFMG Travel Tech ETF",P,,Y
AWF,"Alliancebernstein Global High Income Fund",N,,N
AWI,"Armstrong World Industries Inc Common Stock",N,,N
AWK,"American Water Works Company, Inc. Common Stock",N,,N
AWP,"Aberdeen Global Premier Properties Fund Common Shares of Beneficial Interest",N,,N
AWR,"American States Water Company Common Stock",N,,N
AWRE,"Aware, Inc. - Common Stock",Q,G,N
AWTM,"Aware Ultra-Short Duration Enhanced Income ETF",P,,Y
AWX,"Avalon Holdings Corporation Common Stock",A,,N
AX,"Axos Financial, Inc. Common Stock",N,,N
AXAS,"Abraxas Petroleum Corporation - Common Stock",Q,S,N
AXDX,"Accelerate Diagnostics, Inc. - Common Stock",Q,S,N
AXE,"Anixter International Inc. Common Stock",N,,N
AXGN,"Axogen, Inc. - Common Stock",Q,S,N
AXGT,"Axovant Gene Therapies Ltd. - Common Shares",Q,Q,N
AXJL,"WisdomTree Asia Pacific ex-Japan Total Dividend Fund",P,,Y
AXL,"American Axle & Manufacturing Holdings, Inc. Common Stock",N,,N
AXLA,"Axcella Health Inc. - Common Stock",Q,G,N
AXNX,"Axonics Modulation Technologies, Inc. - Common Stock",Q,Q,N
AXO,"Axos Financial, Inc. 6.25% Subordinated Notes Due 2026",N,,N
AXP,"American Express Company Common Stock",N,,N
AXR,"AMREP Corporation Common Stock",N,,N
AXS,"Axis Capital Holdings Limited Common Stock",N,,N
AXSM,"Axsome Therapeutics, Inc. - Common Stock",Q,G,N
AXTA,"Axalta Coating Systems Ltd. Common Shares",N,,N
AXTI,"AXT Inc - Common Stock",Q,Q,N
AXU,"Alexco Resource Corp Common Shares (Canada)",A,,N
AY,"Atlantica Yield plc - Ordinary Shares",Q,Q,N
AYI,"Acuity Brands, Inc. ",N,,N
AYTU,"Aytu BioScience, Inc. - Common Stock",Q,S,N
AYX,"Alteryx, Inc. Class A Common Stock",N,,N
AZN,"Astrazeneca PLC Common Stock",N,,N
AZO,"AutoZone, Inc. Common Stock",N,,N
AZPN,"Aspen Technology, Inc. - Common Stock",Q,Q,N
AZRE,"Azure Power Global Limited Equity Shares",N,,N
AZRX,"AzurRx BioPharma, Inc. - Common Stock",Q,S,N
AZUL,"Azul S.A. American Depositary Shares (each representing three preferred shares)",N,,N
AZZ,"AZZ Inc.",N,,N
B,"Barnes Group, Inc. Common Stock",N,,N
BA,"Boeing Company (The) Common Stock",N,,N
BAB,"Invesco Taxable Municipal Bond ETF",P,,Y
BABA,"Alibaba Group Holding Limited American Depositary Shares each representing eight Ordinary share",N,,N
BAC,"Bank of America Corporation Common Stock",N,,N
BAF,"BlackRock Municipal Income Investment Quality Trust",N,,N
BAH,"Booz Allen Hamilton Holding Corporation Common Stock",N,,N
BAK,"Braskem SA ADR",N,,N
BAL,"iPathA Series B Bloomberg Cotton Subindex Total Return ETN",P,,N
BAM,"Brookfield Asset Management Inc. Common Stock",N,,N
BANC,"Banc of California, Inc. Common Stock",N,,N
BAND,"Bandwidth Inc. - Class A Common Stock",Q,Q,N
BANF,"BancFirst Corporation - Common Stock",Q,Q,N
BANFP,"BancFirst Corporation - 7.2% Cumulative Trust Preferred Securities",Q,Q,N
BANR,"Banner Corporation - Common Stock",Q,Q,N
BANX,"StoneCastle Financial Corp - Common Stock",Q,Q,N
BAP,"Credicorp Ltd. Common Stock",N,,N
BAPR,"Innovator S&P 500 Buffer ETF - April ",Z,,Y
BAR,"GraniteShares Gold Trust Shares of Beneficial Interest",P,,N
BASI,"Bioanalytical Systems, Inc. - Common Stock",Q,S,N
BATL,"Battalion Oil Corporation Common Stock",A,,N
BATRA,"Liberty Media Corporation - Series A Liberty Braves Common Stock",Q,Q,N
BATRK,"Liberty Media Corporation - Series C Liberty Braves Common Stock",Q,Q,N
BATT,"Amplify Advanced Battery Metals and Materials ETF",P,,Y
BAUG,"Innovator S&P 500 Buffer ETF - August",Z,,Y
BAX,"Baxter International Inc. Common Stock",N,,N
BB,"BlackBerry Limited Common Stock",N,,N
BBAR,"Banco BBVA Argentina S.A. ADS",N,,N
BBAX,"JPMorgan BetaBuilders Developed Asia-ex Japan ETF ",Z,,Y
BBBY,"Bed Bath & Beyond Inc. - Common Stock",Q,Q,N
BBC,"Virtus LifeSci Biotech Clinical Trials ETF",P,,Y
BBCA,"JPMorgan BetaBuilders Canada ETF ",Z,,Y
BBCP,"Concrete Pumping Holdings, Inc.  - Common Stock",Q,S,N
BBD,"Banco Bradesco Sa American Depositary Shares",N,,N
BBDC,"Barings BDC, Inc. Common Stock",N,,N
BBDO,"Banco Bradesco Sa American Depositary Shares (each representing one Common Share)",N,,N
BBEU,"JPMorgan BetaBuilders Europe ETF ",Z,,Y
BBF,"BlackRock Municipal Income Investment Trust",N,,N
BBGI,"Beasley Broadcast Group, Inc. - Class A Common Stock",Q,G,N
BBH,"VanEck Vectors Biotech ETF",Q,G,Y
BBI,"Brickell Biotech, Inc. - Common Stock",Q,S,N
BBIN,"JPMorgan BetaBuilders International Equity ETF",Z,,Y
BBIO,"BridgeBio Pharma, Inc. - Common Stock",Q,Q,N
BBJP,"JPMorgan BetaBuilders Japan ETF ",Z,,Y
BBK,"Blackrock Municipal Bond Trust",N,,N
BBL,"BHP Group PlcSponsored ADR",N,,N
BBN,"BlackRock Taxable Municipal Bond Trust Common Shares of Beneficial Interest",N,,N
BBP,"Virtus LifeSci Biotech Products ETF",P,,Y
BBQ,"BBQ Holdings, Inc.  - Common Stock",Q,Q,N
BBRE,"JPMorgan BetaBuilders MSCI U.S. REIT ETF ",Z,,Y
BBSA,"JPMorgan BetaBuilders 1-5 Year U.S. Aggregate Bond ETF ",Z,,Y
BBSI,"Barrett Business Services, Inc. - Common Stock",Q,Q,N
BBU,"Brookfield Business Partners L.P. Limited Partnership Units ",N,,N
BBUS,"JPMorgan BetaBuilders U.S. Equity ETF",Z,,Y
BBVA,"Banco Bilbao Vizcaya Argentaria S.A. Common Stock",N,,N
BBW,"Build-A-Bear Workshop, Inc. Common Stock",N,,N
BBX,"BBX Capital Corporation Class A Common Stock",N,,N
BBY,"Best Buy Co., Inc. Common Stock",N,,N
BC,"Brunswick Corporation Common Stock",N,,N
BCBP,"BCB Bancorp, Inc. (NJ) - Common Stock",Q,G,N
BCC,"Boise Cascade, L.L.C. Common Stock",N,,N
BCD,"Aberdeen Standard Bloomberg All Commodity Longer Dated Strategy K-1 Free ETF",P,,Y
BCDA,"BioCardia, Inc. - Common Stock",Q,S,N
BCE,"BCE, Inc. Common Stock",N,,N
BCEI,"Bonanza Creek Energy, Inc. Common Stock",N,,N
BCEL,"Atreca, Inc. - Class A Common Stock",Q,Q,N
BCH,"Banco De Chile Banco De Chile ADS",N,,N
BCI,"Aberdeen Standard Bloomberg All Commodity Strategy K-1 Free ETF",P,,Y
BCLI,"Brainstorm Cell Therapeutics Inc. - Common Stock",Q,S,N
BCM,"iPath Pure Beta Broad Commodity ETN",P,,N
BCML,"BayCom Corp - Common Stock",Q,Q,N
BCO,"Brinks Company (The) Common Stock",N,,N
BCOM,"B Communications Ltd. - Ordinary Shares",Q,Q,N
BCOR,"Blucora, Inc. - Common Stock",Q,Q,N
BCOV,"Brightcove Inc. - Common Stock",Q,Q,N
BCOW,"1895 Bancorp of Wisconsin, Inc. - Common Stock",Q,S,N
BCPC,"Balchem Corporation - Common Stock",Q,Q,N
BCRX,"BioCryst Pharmaceuticals, Inc. - Common Stock",Q,Q,N
BCS,"Barclays PLC Common Stock",N,,N
BCSF,"Bain Capital Specialty Finance, Inc. Common Stock",N,,N
BCTF,"Bancorp 34, Inc. - Common Stock",Q,S,N
BCV,"Bancroft Fund, Ltd.",A,,N
BCX,"BlackRock Resources Common Shares of Beneficial Interest",N,,N
BCYC,"Bicycle Therapeutics plc - American Depositary Shares",Q,Q,N
BDC,"Belden Inc Common Stock",N,,N
BDCS,"UBS AG Exchange Traded Access Securities (E TRACS) Linked to the Wells Fargo Business Development Company Index due April 26, 2041",P,,N
BDCY,"ETRACS 2xMonthly Leveraged Wells Fargo Diversified Business Development Company Index ETN Series B due October 21, 2049",P,,Y
BDCZ,"ETRACS Wells Fargo Business Development Company Index ETN Series B due April 26, 2041",P,,N
BDEC,"Innovator S&P 500 Buffer ETF - December",Z,,Y
BDGE,"Bridge Bancorp, Inc. - Common Stock",Q,Q,N
BDJ,"Blackrock Enhanced Equity Dividend Trust",N,,N
BDL,"Flanigan's Enterprises, Inc. Common Stock",A,,N
BDN,"Brandywine Realty Trust Common Stock",N,,N
BDR,"Blonder Tongue Laboratories, Inc. Common Stock",A,,N
BDRY,"Breakwave Dry Bulk Shipping ETF",P,,Y
BDSI,"BioDelivery Sciences International, Inc. - Common Stock",Q,Q,N
BDTX,"Black Diamond Therapeutics, Inc. - Common Stock",Q,Q,N
BDX,"Becton, Dickinson and Company Common Stock",N,,N
BDXA,"Becton, Dickinson and Company Depositary Shares, each Representing a 1/20th Interest in a Share of 6.125% Mandatory Convertible Preferred Stock, Series A, $1.00 par value",N,,N
BE,"Bloom Energy Corporation Class A Common Stock",N,,N
BEAM,"Beam Therapeutics Inc. - Common Stock",Q,Q,N
BEAT,"BioTelemetry, Inc. - Common Stock",Q,Q,N
BECN,"Beacon Roofing Supply, Inc. - Common Stock",Q,Q,N
BEDU,"Bright Scholar Education Holdings Limited American Depositary Shares, each  representing one Class A Ordinary Share",N,,N
BELFA,"Bel Fuse Inc. - Class A Common Stock",Q,Q,N
BELFB,"Bel Fuse Inc. - Class B Common Stock",Q,Q,N
BEN,"Franklin Resources, Inc. Common Stock",N,,N
BEP,"Brookfield Renewable Partners L.P. ",N,,N
BERY,"Berry Global Group, Inc. Common Stock",N,,N
BEST,"BEST Inc. American Depositary Shares, each representing one Class A Ordinary Share",N,,N
BFAM,"Bright Horizons Family Solutions Inc. Common Stock",N,,N
BFC,"Bank First Corporation - Common Stock",Q,S,N
BFEB,"Innovator S&P 500 Buffer ETF - February",Z,,Y
BFIN,"BankFinancial Corporation - Common Stock",Q,Q,N
BFIT,"Global X Health & Wellness Thematic ETF",Q,G,Y
BFK,"BlackRock Municipal Income Trust",N,,N
BFO,"Blackrock Florida Municipal 2020 Term Trust",N,,N
BFOR,"Barron's 400",P,,Y
BFRA,"Biofrontera AG - American Depositary Shares",Q,S,N
BFS,"Saul Centers, Inc. Common Stock",N,,N
BFST,"Business First Bancshares, Inc. - Common Stock",Q,Q,N
BFY,"BlackRock New York Municipal Income Trust II",N,,N
BFYT,"Benefytt Technologies, Inc. - Class A Common Stock",Q,G,N
BFZ,"BlackRock California Municipal Income Trust",N,,N
BG,"Bunge Limited Bunge Limited",N,,N
BGB,"Blackstone / GSO Strategic Credit Fund Common Shares",N,,N
BGCP,"BGC Partners, Inc. - Class A Common Stock",Q,Q,N
BGFV,"Big 5 Sporting Goods Corporation - Common Stock",Q,Q,N
BGG,"Briggs & Stratton Corporation Common Stock",N,,N
BGH,"Barings Global Short Duration High Yield Fund Common Shares of Beneficial Interests",N,,N
BGI,"Birks Group Inc. Common Stock",A,,N
BGIO,"BlackRock 2022 Global Income Opportunity Trust Common Shares of Beneficial Interest",N,,N
BGNE,"BeiGene, Ltd. - American Depositary Shares",Q,Q,N
BGR,"BlackRock Energy and Resources Trust",N,,N
BGRN,"iShares Global Green Bond ETF",Q,G,Y
BGS,"B&G Foods, Inc. B&G Foods, Inc. Common Stock",N,,N
BGSF,"BG Staffing Inc Common Stock",N,,N
BGT,"BlackRock Floating Rate Income Trust",N,,N
BGX,"Blackstone GSO Long Short Credit Income Fund Common Shares",N,,N
BGY,"Blackrock Enhanced International Dividend Trust",N,,N
BH,"Biglari Holdings Inc. Class B Common Stock",N,,N
BHAT,"Blue Hat Interactive Entertainment Technology - Ordinary Shares",Q,S,N
BHB,"Bar Harbor Bankshares, Inc. Common Stock",A,,N
BHC,"Bausch Health Companies Inc. Common Stock",N,,N
BHE,"Benchmark Electronics, Inc. Common Stock",N,,N
BHF,"Brighthouse Financial, Inc. - Common Stock",Q,Q,N
BHFAL,"Brighthouse Financial, Inc. - 6.25% Junior Subordinated Debentures due 2058",Q,Q,N
BHFAP,"Brighthouse Financial, Inc. - Depositary Shares 6.6% Non-Cumulative Preferred Stock, Series A",Q,Q,N
BHK,"Blackrock Core Bond Trust Blackrock Core Bond Trust",N,,N
BHLB,"Berkshire Hills Bancorp, Inc. Common Stock",N,,N
BHP,"BHP Group Limited American Depositary Shares (Each representing two Ordinary Shares)",N,,N
BHR,"Braemar Hotels & Resorts Inc. Common Stock",N,,N
BHTG,"BioHiTech Global, Inc. - Common Stock",Q,S,N
BHV,"BlackRock Virginia Municipal Bond Trust",N,,N
BHVN,"Biohaven Pharmaceutical Holding Company Ltd. Common Shares",N,,N
BIB,"ProShares Ultra Nasdaq Biotechnology",Q,G,Y
BIBL,"Inspire 100 ETF",P,,Y
BICK,"First Trust BICK Index Fund",Q,G,Y
BIDU,"Baidu, Inc. - American Depositary Shares, each representing one tenth Class A ordinary share",Q,Q,N
BIF,"Boulder Growth & Income Fund, Inc.",N,,N
BIG,"Big Lots, Inc. Common Stock",N,,N
BIIB,"Biogen Inc. - Common Stock",Q,Q,N
BIL,"SPDR Bloomberg Barclays 1-3 Month T-Bill ETF",P,,Y
BILI,"Bilibili Inc. - American Depositary Shares",Q,Q,N
BILL,"Bill.com Holdings, Inc. Common Stock",N,,N
BIMI,"BOQI International Medical Inc. - Common Stock",Q,S,N
BIO,"Bio-Rad Laboratories, Inc. Class A Common Stock",N,,N
BIOC,"Biocept, Inc. - Common Stock",Q,S,N
BIOL,"Biolase, Inc. - Common Stock",Q,S,N
BIOX,"Bioceres Crop Solutions Corp. Ordinary Shares",A,,N
BIP,"Brookfield Infrastructure Partners LP Limited Partnership Units",N,,N
BIS,"ProShares UltraShort Nasdaq Biotechnology",Q,G,Y
BIT,"BlackRock Multi-Sector Income Trust Common Shares of Beneficial Interest",N,,N
BITA,"Bitauto Holdings Limited American Depositary Shares (each representing one ordinary share)",N,,N
BIV,"Vanguard Intermediate-Term Bond ETF",P,,Y
BIZD,"VanEck Vectors BDC Income ETF",P,,Y
BJ,"BJ's Wholesale Club Holdings, Inc. Common Stock",N,,N
BJAN,"Innovator S&P 500 Buffer ETF - January",Z,,Y
BJK,"VanEck Vectors Gaming ETF",Q,G,Y
BJRI,"BJ's Restaurants, Inc. - Common Stock",Q,Q,N
BJUL,"Innovator ETFs Trust Innovator S&P 500 Buffer ETF - July",Z,,Y
BJUN,"Innovator S&P 500 Buffer ETF - June",Z,,Y
BK,"The Bank of New York Mellon Corporation Common Stock",N,,N
BKCC,"BlackRock Capital Investment Corporation - Common Stock",Q,Q,N
BKD,"Brookdale Senior Living Inc. Common Stock",N,,N
BKE,"Buckle, Inc. (The) Common Stock",N,,N
BKEP,"Blueknight Energy Partners L.P., L.L.C. - Common Units representing Limited Partner Interests",Q,G,N
BKEPP,"Blueknight Energy Partners L.P., L.L.C. - Series A Preferred Units",Q,G,N
BKF,"iShares MSCI BRIC Index Fund",P,,Y
BKH,"Black Hills Corporation Common Stock",N,,N
BKI,"Black Knight, Inc. Common Stock ",N,,N
BKK,"Blackrock Municipal 2020 Term Trust",N,,N
BKLN,"Invesco Senior Loan ETF",P,,Y
BKN,"BlackRock Investment Quality Municipal Trust Inc. (The)",N,,N
BKNG,"Booking Holdings Inc. - Common Stock",Q,Q,N
BKR,"Baker Hughes Company Class A Common Stock",N,,N
BKSC,"Bank of South Carolina Corp. - Common Stock",Q,S,N
BKT,"BlackRock Income Trust Inc. (The)",N,,N
BKTI,"BK Technologies Corporation Common Stock",A,,N
BKU,"BankUnited, Inc. Common Stock",N,,N
BKYI,"BIO-key International, Inc. - Common Stock",Q,S,N
BL,"BlackLine, Inc. - Common Stock",Q,Q,N
BLBD,"Blue Bird Corporation - Common Stock",Q,G,N
BLCM,"Bellicum Pharmaceuticals, Inc. - Common Stock",Q,G,N
BLCN,"Reality Shares Nasdaq NextGen Economy ETF",Q,G,Y
BLD,"TopBuild Corp. Common Stock",N,,N
BLDP,"Ballard Power Systems, Inc. - Common Shares",Q,G,N
BLDR,"Builders FirstSource, Inc. - Common Stock",Q,Q,N
BLE,"BlackRock Municipal Income Trust II",N,,N
BLES,"Inspire Global Hope ETF",P,,Y
BLFS,"BioLife Solutions, Inc. - Common Stock",Q,S,N
BLHY,"Virtus Newfleet Dynamic Credit",P,,Y
BLIN,"Bridgeline Digital, Inc. - Common Stock",Q,S,N
BLK,"BlackRock, Inc. Common Stock",N,,N
BLKB,"Blackbaud, Inc. - Common Stock",Q,Q,N
BLL,"Ball Corporation Common Stock",N,,N
BLMN,"Bloomin' Brands, Inc. - Common Stock",Q,Q,N
BLNK,"Blink Charging Co. - Common Stock",Q,S,N
BLOK,"Amplify Transformational Data Sharing ETF",P,,Y
BLPH,"Bellerophon Therapeutics, Inc. - Common Stock",Q,S,N
BLRX,"BioLineRx Ltd. - American Depositary Shares",Q,S,N
BLU,"BELLUS Health Inc. - Common Shares",Q,Q,N
BLUE,"bluebird bio, Inc. - Common Stock",Q,Q,N
BLV,"Vanguard Long-Term Bond ETF",P,,Y
BLW,"Blackrock Limited Duration Income Trust",N,,N
BLX,"Banco Latinoamericano de Comercio Exterior, S.A.",N,,N
BMA,"Banco Macro S.A.  ADR (representing Ten Class B Common Shares)",N,,N
BMAR,"Innovator S&P 500 Buffer ETF - March",Z,,Y
BMCH,"BMC Stock Holdings, Inc. - Common Stock",Q,Q,N
BME,"Blackrock Health Sciences Trust",N,,N
BMEZ,"BlackRock Health Sciences Trust II Common Shares of Beneficial Interest",N,,N
BMI,"Badger Meter, Inc. Common Stock",N,,N
BMLP,"Bank Of Montreal - Dorsey Wright MLP Index ETNs due December 10, 2036",Q,G,N
BMO,"Bank Of Montreal Common Stock",N,,N
BMRA,"Biomerica, Inc. - Common Stock",Q,S,N
BMRC,"Bank of Marin Bancorp - Common Stock",Q,S,N
BMRN,"BioMarin Pharmaceutical Inc. - Common Stock",Q,Q,N
BMTC,"Bryn Mawr Bank Corporation - Common Stock",Q,Q,N
BMY,"Bristol-Myers Squibb Company Common Stock",N,,N
BND,"Vanguard Total Bond Market ETF",Q,G,Y
BNDC,"FlexShares Core Select Bond Fund",P,,Y
BNDW,"Vanguard Total World Bond ETF",Q,G,Y
BNDX,"Vanguard Total International Bond ETF",Q,G,Y
BNED,"Barnes & Noble Education, Inc Common Stock",N,,N
BNFT,"Benefitfocus, Inc. - Common Stock",Q,G,N
BNGO,"Bionano Genomics, Inc. - Common Stock",Q,S,N
BNKD,"MicroSectors U.S. Big Banks Index -3X Inverse Leveraged ETNs",P,,N
BNKO,"MicroSectors U.S. Big Banks Index 2X Leveraged ETNs",P,,N
BNKU,"MicroSectors U.S. Big Banks Index 3X Leveraged ETNs",P,,N
BNKZ,"MicroSectors U.S. Big Banks Index -2X Inverse Leveraged ETNs",P,,N
BNO,"United States Brent Oil Fund, LP ETV",P,,Y
BNOV,"Innovator S&P 500 Buffer ETF - November",Z,,Y
BNS,"Bank Nova Scotia Halifax Pfd 3 Ordinary Shares",N,,N
BNSO,"Bonso Electronics International, Inc. - Common Stock",Q,S,N
BNTC,"Benitec Biopharma Limited - American Depositary Shares",Q,S,N
BNTX,"BioNTech SE - American Depositary Shares",Q,Q,N
BNY,"BlackRock New York Municipal Income Trust",N,,N
BOCH,"Bank of Commerce Holdings (CA) - Common Stock",Q,G,N
BOCT,"Innovator S&P 500 Buffer ETF - October",Z,,Y
BOE,"Blackrock Enhanced Global Dividend Trust Common Shares of Beneficial Interest",N,,N
BOH,"Bank of Hawaii Corporation Common Stock",N,,N
BOIL,"ProShares Ultra Bloomberg Natural Gas",P,,Y
BOKF,"BOK Financial Corporation - Common Stock",Q,Q,N
BOKFL,"BOK Financial Corporation - 5.375% Subordinated Notes due 2056",Q,Q,N
BOMN,"Boston Omaha Corporation - Class A Common Stock",Q,S,N
BOND,"PIMCO Active Bond Exchange-Traded Fund Exchange-Traded Fund",P,,Y
BOOM,"DMC Global Inc. - Common Stock",Q,Q,N
BOOT,"Boot Barn Holdings, Inc. Common Stock",N,,N
BORR,"Borr Drilling Limited Common Shares",N,,N
BOSC,"B.O.S. Better Online Solutions - Ordinary Shares",Q,S,N
BOSS,"Global X Funds Global X Founder-Run Companies ETF",Z,,Y
BOTJ,"Bank of the James Financial Group, Inc. - Common Stock",Q,S,N
BOTZ,"Global X Robotics & Artificial Intelligence ETF",Q,G,Y
BOUT,"Innovator IBD Breakout Opportunities ETF",P,,Y
BOX,"Box, Inc. Class A Common Stock",N,,N
BOXL,"Boxlight Corporation - Class A Common Stock",Q,S,N
BP,"BP p.l.c. Common Stock",N,,N
BPFH,"Boston Private Financial Holdings, Inc. - Common Stock",Q,Q,N
BPMC,"Blueprint Medicines Corporation - Common Stock",Q,Q,N
BPMP,"BP Midstream Partners LP Common Units representing Limited Partner Interests",N,,N
BPMX,"BioPharmX Corporation Common Stock",A,,N
BPOP,"Popular, Inc. - Common Stock",Q,Q,N
BPOPM,"Popular, Inc. - Popular Capital Trust II - 6.125% Cumulative Monthly Income Trust Preferred Securities",Q,Q,N
BPOPN,"Popular, Inc. - Popular Capital Trust I -6.70% Cumulative Monthly Income Trust Preferred Securities",Q,Q,N
BPRN,"The Bank of Princeton - Common Stock",Q,Q,N
BPT,"BP Prudhoe Bay Royalty Trust Common Stock",N,,N
BPTH,"Bio-Path Holdings, Inc. - Common Stock",Q,S,N
BPY,"Brookfield Property Partners L.P. - Limited Partnership Units",Q,Q,N
BPYPN,"Brookfield Property Partners L.P. - 5.750% Class A Cumulative Redeemable Perpetual Preferred Units, Series 3",Q,Q,N
BPYPO,"Brookfield Property Partners L.P. - 6.375% Class A Cumulative Redeemable Perpetual Preferred Units, Series 2",Q,Q,N
BPYPP,"Brookfield Property Partners L.P. - 6.50% Class A Cumulative Redeemable Perpetual Preferred Units",Q,Q,N
BPYU,"Brookfield Property REIT Inc. - Class A Common Stock",Q,Q,N
BPYUP,"Brookfield Property REIT Inc. - 6.375% Series A Preferred Stock",Q,Q,N
BQH,"Blackrock New York Municipal Bond Trust Common Shares of Beneficial Interest",N,,N
BR,"Broadridge Financial Solutions, Inc.Common Stock",N,,N
BRBR,"BellRing Brands, Inc. Class A Common Stock",N,,N
BRBS,"Blue Ridge Bankshares, Inc. Common Stock",A,,N
BRC,"Brady Corporation Common Stock",N,,N
BREW,"Craft Brew Alliance, Inc. - Common Stock",Q,Q,N
BRF,"VanEck Vectors Brazil Small-Cap ETF",P,,Y
BRFS,"BRF S.A.",N,,N
BRG,"Bluerock Residential Growth REIT, Inc. Class A Common Stock",A,,N
BRID,"Bridgford Foods Corporation - Common Stock",Q,G,N
BRKL,"Brookline Bancorp, Inc. - Common Stock",Q,Q,N
BRKR,"Bruker Corporation - Common Stock",Q,Q,N
BRKS,"Brooks Automation, Inc. - Common Stock",Q,Q,N
BRMK,"Broadmark Realty Capital Inc. Common Stock",N,,N
BRN,"Barnwell Industries, Inc. Common Stock",A,,N
BRO,"Brown & Brown, Inc. Common Stock",N,,N
BROG,"Brooge Holdings Limited  - Ordinary Shares",Q,S,N
BRP,"BRP Group, Inc. - Class A Common Stock",Q,Q,N
BRPA,"Big Rock Partners Acquisition Corp. - Common Stock",Q,S,N
BRPAR,"Big Rock Partners Acquisition Corp. - Right",Q,S,N
BRPAU,"Big Rock Partners Acquisition Corp. - Unit",Q,S,N
BRQS,"Borqs Technologies, Inc.  - Ordinary Shares",Q,S,N
BRT,"BRT Apartments Corp. (MD) Common Stock",N,,N
BRX,"Brixmor Property Group Inc. Common Stock",N,,N
BRY,"Berry Corporation (bry) - Common Stock",Q,Q,N
BRZU,"Direxion Daily Brazil Bull 2X Shares",P,,Y
BSA,"BrightSphere Investment Group Inc. 5.125% Notes due 2031",N,,N
BSAC,"Banco Santander - Chile ADS",N,,N
BSAE,"Invesco BulletShares 2021 USD Emerging Markets Debt ETF",Q,G,Y
BSBE,"Invesco BulletShares 2022 USD Emerging Markets Debt ETF",Q,G,Y
BSBK,"Bogota Financial Corp. - Common Stock",Q,S,N
BSBR,"Banco Santander Brasil SA American Depositary Shares, each representing one unit",N,,N
BSCE,"Invesco BulletShares 2023 USD Emerging Markets Debt ETF",Q,G,Y
BSCK,"Invesco BulletShares 2020 Corporate Bond ETF",Q,G,Y
BSCL,"Invesco BulletShares 2021 Corporate Bond ETF",Q,G,Y
BSCM,"Invesco BulletShares 2022 Corporate Bond ETF",Q,G,Y
BSCN,"Invesco BulletShares 2023 Corporate Bond ETF",Q,G,Y
BSCO,"Invesco BulletShares 2024 Corporate Bond ETF",Q,G,Y
BSCP,"Invesco BulletShares 2025 Corporate Bond ETF",Q,G,Y
BSCQ,"Invesco BulletShares 2026 Corporate Bond ETF",Q,G,Y
BSCR,"Invesco BulletShares 2027 Corporate Bond ETF",Q,G,Y
BSCS,"Invesco BulletShares 2028 Corporate Bond ETF",Q,G,Y
BSCT,"Invesco BulletShares 2029 Corporate Bond ETF",Q,G,Y
BSD,"BlackRock Strategic Municipal Trust Inc. (The) Common Stock",N,,N
BSDE,"Invesco BulletShares 2024 USD Emerging Markets Debt ETF",Q,G,Y
BSE,"Blackrock New York Municipal Income Quality Trust Common Shares of Beneficial Interest",N,,N
BSEP,"Innovator ETFs Trust Innovator S&P 500 Buffer ETF - September",Z,,Y
BSET,"Bassett Furniture Industries, Incorporated - Common Stock",Q,Q,N
BSGM,"BioSig Technologies, Inc. - Common Stock",Q,S,N
BSIG,"BrightSphere Investment Group Inc. Common Stock",N,,N
BSJK,"Invesco BulletShares 2020 High Yield Corporate Bond ETF",Q,G,Y
BSJL,"Invesco BulletShares 2021 High Yield Corporate Bond ETF",Q,G,Y
BSJM,"Invesco BulletShares 2022 High Yield Corporate Bond ETF",Q,G,Y
BSJN,"Invesco BulletShares 2023 High Yield Corporate Bond ETF",Q,G,Y
BSJO,"Invesco BulletShares 2024 High Yield Corporate Bond ETF",Q,G,Y
BSJP,"Invesco BulletShares 2025 High Yield Corporate Bond ETF",Q,G,Y
BSJQ,"Invesco BulletShares 2026 High Yield Corporate Bond ETF",Q,G,Y
BSJR,"Invesco BulletShares 2027 High Yield Corporate Bond ETF",Q,G,Y
BSL,"Blackstone GSO Senior Floating Rate Term Fund Common Shares of Beneficial Interest",N,,N
BSM,"Black Stone Minerals, L.P. Common units representing limited partner interests",N,,N
BSML,"Invesco BulletShares 2021 Municipal Bond ETF",Q,G,Y
BSMM,"Invesco BulletShares 2022 Municipal Bond ETF",Q,G,Y
BSMN,"Invesco BulletShares 2023 Municipal Bond ETF",Q,G,Y
BSMO,"Invesco BulletShares 2024 Municipal Bond ETF",Q,G,Y
BSMP,"Invesco BulletShares 2025 Municipal Bond ETF",Q,G,Y
BSMQ,"Invesco BulletShares 2026 Municipal Bond ETF",Q,G,Y
BSMR,"Invesco BulletShares 2027 Municipal Bond ETF",Q,G,Y
BSMS,"Invesco BulletShares 2028 Municipal Bond ETF",Q,G,Y
BSMT,"Invesco BulletShares 2029 Municipal Bond ETF",Q,G,Y
BSMX,"Banco Santander Mexico, S.A., Institucion de Banca Multiple, Grupo Financiero Santander Mexico",N,,N
BSQR,"BSQUARE Corporation - Common Stock",Q,S,N
BSRR,"Sierra Bancorp - Common Stock",Q,Q,N
BST,"BlackRock Science and Technology Trust Common Shares of Beneficial Interest",N,,N
BSTC,"BioSpecifics Technologies Corp - Common Stock",Q,G,N
BSTZ,"BlackRock Science and Technology Trust II Common Shares of Beneficial Interest",N,,N
BSV,"Vanguard Short-Term Bond ETF",P,,Y
BSVN,"Bank7 Corp. - Common stock",Q,Q,N
BSX,"Boston Scientific Corporation Common Stock",N,,N
BTA,"BlackRock Long-Term Municipal Advantage Trust BlackRock Long-Term Municipal Advantage Trust Common Shares of Beneficial Interest",N,,N
BTAI,"BioXcel Therapeutics, Inc. - Common Stock",Q,S,N
BTAL,"AGFiQ U.S. Market Neutral Anti-Beta Fund",P,,Y
BTE,"Baytex Energy Corp",N,,N
BTEC,"Principal Healthcare Innovators Index ETF",Q,G,Y
BTG,"B2Gold Corp Common shares (Canada)",A,,N
BTI,"British American Tobacco  Industries, p.l.c. Common Stock ADR",N,,N
BTN,"Ballantyne Strong, Inc. Common Stock",A,,N
BTO,"John Hancock Financial Opportunities Fund Common Stock",N,,N
BTT,"BlackRock Municipal 2030 Target Term Trust",N,,N
BTU,"Peabody Energy Corporation Common Stock ",N,,N
BTYS,"iPath Series B US Treasury 10-year Bear ETN",Z,,Y
BTZ,"BlackRock Credit Allocation Income Trust",N,,N
BUD,"Anheuser-Busch Inbev SA Sponsored ADR (Belgium)",N,,N
BUG,"Global X Cybersecurity ETF",Q,G,Y
BUI,"BlackRock Utility, Infrastructure & Power Opportunities Trust",N,,N
BUL,"Pacer US Cash Cows Growth ETF",P,,Y
BURL,"Burlington Stores, Inc. Common Stock",N,,N
BUSE,"First Busey Corporation - Common Stock",Q,Q,N
BUY,"USCF SummerHaven SHPEI Index Fund",P,,Y
BUYN,"USCF SummerHaven SHPEN Index Fund",P,,Y
BUYZ,"Franklin Disruptive Commerce ETF",Z,,Y
BV,"BrightView Holdings, Inc. Common Stock",N,,N
BVAL,"Brand Value ETF",P,,Y
BVN,"Buenaventura Mining Company Inc.",N,,N
BVSN,"BroadVision, Inc. - Common Stock",Q,S,N
BVXV,"BiondVax Pharmaceuticals Ltd. - American Depositary Shares",Q,S,N
BW,"Babcock & Wilcox Enterprises, Inc. Common Stock",N,,N
BWA,"BorgWarner Inc. Common Stock",N,,N
BWAY,"Brainsway Ltd. - American Depositary Shares",Q,G,N
BWB,"Bridgewater Bancshares, Inc. - Common Stock",Q,S,N
BWEN,"Broadwind Energy, Inc. - Common Stock",Q,S,N
BWFG,"Bankwell Financial Group, Inc. - Common Stock",Q,G,N
BWG,"BrandywineGLOBAL Global Income Opportunities Fund Inc.",N,,N
BWMX,"Betterware de Mexico, S.A. de C.V. - Ordinary Shares",Q,S,N
BWX,"SPDR Bloomberg Barclays Intl Treasury Bd",P,,Y
BWXT,"BWX Technologies, Inc. Common Stock",N,,N
BWZ,"SPDR Bloomberg Barclays Short Term International Treasury Bond ETF",P,,Y
BX,"The Blackstone Group Inc. Class A Common Stock",N,,N
BXC,"Bluelinx Holdings Inc. Common Stock",N,,N
BXG,"Bluegreen Vacations Corporation Common Stock",N,,N
BXMT,"Blackstone Mortgage Trust, Inc. Common Stock",N,,N
BXMX,"Nuveen S&P 500 Buy-Write Income Fund Common Shares of Beneficial Interest",N,,N
BXP,"Boston Properties, Inc. Common Stock",N,,N
BXRX,"Baudax Bio, Inc. - Common stock",Q,S,N
BXS,"BancorpSouth Bank Common Stock",N,,N
BY,"Byline Bancorp, Inc. Common Stock",N,,N
BYD,"Boyd Gaming Corporation Common Stock",N,,N
BYFC,"Broadway Financial Corporation - Common Stock",Q,S,N
BYLD,"iShares Yield Optimized Bond ETF",P,,Y
BYM,"Blackrock Municipal Income Quality Trust Common Shares of Beneficial Interest",N,,N
BYND,"Beyond Meat, Inc. - Common stock",Q,Q,N
BYSI,"BeyondSpring, Inc. - Ordinary Shares",Q,S,N
BZH,"Beazer Homes USA, Inc. Common Stock",N,,N
BZM,"BlackRock Maryland Municipal Bond Trust Common shares of beneficial interest",N,,N
BZQ,"ProShares UltraShort MSCI Brazil Capped",P,,Y
BZUN,"Baozun Inc. - American Depositary Shares",Q,Q,N
C,"Citigroup, Inc. Common Stock",N,,N
CAAP,"Corporacion America Airports SA Common Shares",N,,N
CAAS,"China Automotive Systems, Inc. - Common Stock",Q,S,N
CABA,"Cabaletta Bio, Inc. - Common Stock",Q,Q,N
CABO,"Cable One, Inc. Common Stock",N,,N
CAC,"Camden National Corporation - Common Stock",Q,Q,N
CACC,"Credit Acceptance Corporation - Common Stock",Q,Q,N
CACG,"ClearBridge All Cap Growth ETF",Q,G,Y
CACI,"CACI International, Inc. Class A Common Stock",N,,N
CADE,"Cadence Bancorporation Class A Common Stock",N,,N
CAE,"CAE Inc. Ordinary Shares",N,,N
CAF,"Morgan Stanley China A Share Fund Inc. Common Stock",N,,N
CAG,"ConAgra Brands, Inc. Common Stock",N,,N
CAH,"Cardinal Health, Inc. Common Stock",N,,N
CAI,"CAI International, Inc. Common Stock",N,,N
CAJ,"Canon, Inc. American Depositary Shares",N,,N
CAKE,"The Cheesecake Factory Incorporated - Common Stock",Q,Q,N
CAL,"Caleres, Inc. Common Stock",N,,N
CALA,"Calithera Biosciences, Inc. - Common Stock",Q,Q,N
CALB,"California BanCorp - Common Stock",Q,Q,N
CALF,"Pacer US Small Cap Cash Cows 100 ETF",Z,,Y
CALM,"Cal-Maine Foods, Inc. - Common Stock",Q,Q,N
CALX,"Calix, Inc Common Stock",N,,N
CAMP,"CalAmp Corp. - Common Stock",Q,Q,N
CAMT,"Camtek Ltd. - Ordinary Shares",Q,G,N
CAN,"Canaan Inc. - American Depositary Shares",Q,G,N
CANE,"Teucrium Sugar Fund ETV",P,,Y
CANF,"Can-Fite Biopharma Ltd Sponsored ADR (Israel)",A,,N
CANG,"Cango Inc. American Depositary Shares,  each representing two (2) Class A Ordinary Shares",N,,N
CAPE,"iPath Shiller CAPE ETN",P,,N
CAPL,"CrossAmerica Partners LP Common Units representing limited partner interests",N,,N
CAPR,"Capricor Therapeutics, Inc. - Common Stock",Q,S,N
CAR,"Avis Budget Group, Inc. - Common Stock",Q,Q,N
CARA,"Cara Therapeutics, Inc. - Common Stock",Q,G,N
CARE,"Carter Bank & Trust - Common Stock",Q,Q,N
CARG,"CarGurus, Inc. - Class A Common Stock",Q,Q,N
CARO,"Carolina Financial Corporation - Common Stock",Q,S,N
CARR.V,"Carrier Global Corporation Common Stock When Issued",N,,N
CARS,"Cars.com Inc. Common Stock ",N,,N
CARV,"Carver Bancorp, Inc. - Common Stock",Q,S,N
CARZ,"First Trust NASDAQ Global Auto Index Fund",Q,G,Y
CASA,"Casa Systems, Inc. - Common Stock",Q,Q,N
CASH,"Meta Financial Group, Inc. - Common Stock",Q,Q,N
CASI,"CASI Pharmaceuticals, Inc. - Common Stock",Q,S,N
CASS,"Cass Information Systems, Inc - Common Stock",Q,Q,N
CASY,"Caseys General Stores, Inc. - Common Stock",Q,Q,N
CAT,"Caterpillar, Inc. Common Stock",N,,N
CATB,"Catabasis Pharmaceuticals, Inc. - Common Stock",Q,G,N
CATC,"Cambridge Bancorp - Common Stock",Q,S,N
CATH,"Global X S&P 500 Catholic Values ETF",Q,G,Y
CATM,"Cardtronics plc - Common Stock",Q,Q,N
CATO,"Cato Corporation (The) Class A Common Stock",N,,N
CATS,"Catasys, Inc. - Common Stock",Q,S,N
CATY,"Cathay General Bancorp - Common Stock",Q,Q,N
CB,"Chubb Limited  Common Stock",N,,N
CBAN,"Colony Bankcorp, Inc. - Common Stock",Q,G,N
CBAT,"CBAK Energy Technology, Inc. - Common Stock",Q,S,N
CBAY,"CymaBay Therapeutics Inc. - Common Stock",Q,Q,N
CBB,"Cincinnati Bell Inc. Common Stock",N,,N
CBD,"Companhia Brasileira de Distribuicao American Depsitary Shares; each representing one Common Share",N,,N
CBFV,"CB Financial Services, Inc. - Common Stock",Q,G,N
CBH,"AllianzGI Convertible & Income 2024 Target Term Fund Common Shares of Beneficial Interest",N,,N
CBIO,"Catalyst Biosciences, Inc.  - Common Stock",Q,S,N
CBL,"CBL & Associates Properties, Inc. Common Stock",N,,N
CBLI,"Cleveland BioLabs, Inc. - Common Stock",Q,S,N
CBMB,"CBM Bancorp, Inc. - Common Stock",Q,S,N
CBMG,"Cellular Biomedicine Group, Inc. - Common Stock",Q,Q,N
CBNK,"Capital Bancorp, Inc. - Common Stock",Q,Q,N
CBOE,"Cboe Global Markets, Inc. Common Stock",Z,,N
CBON,"VanEck Vectors ChinaAMC China Bond ETF",P,,Y
CBPO,"China Biologic Products Holdings, Inc. - Common Stock",Q,Q,N
CBRE,"CBRE Group Inc Common Stock Class A",N,,N
CBRL,"Cracker Barrel Old Country Store, Inc. - Common Stock",Q,Q,N
CBSH,"Commerce Bancshares, Inc. - Common Stock",Q,Q,N
CBSHP,"Commerce Bancshares, Inc. - Depositary Shares, each representing a 1/1000th interest of 6.00% Series B Non-Cumulative Perpetual Preferred Stock",Q,Q,N
CBT,"Cabot Corporation Common Stock",N,,N
CBTX,"CBTX, Inc. - Common Stock",Q,Q,N
CBU,"Community Bank System, Inc. Common Stock",N,,N
CBZ,"CBIZ, Inc. Common Stock",N,,N
CC,"Chemours Company (The) Common Stock",N,,N
CCAP,"Crescent Capital BDC, Inc. - Common Stock",Q,G,N
CCB,"Coastal Financial Corporation - Common Stock",Q,Q,N
CCBG,"Capital City Bank Group - Common Stock",Q,Q,N
CCC,"Clarivate Analytics Plc Ordinary Shares",N,,N
CCCL,"China Ceramics Co., Ltd. - Common Stock",Q,S,N
CCD,"Calamos Dynamic Convertible & Income Fund - Common Shares",Q,Q,N
CCEP,"Coca-Cola European Partners plc Ordinary Shares",N,,N
CCF,"Chase Corporation Common Stock",A,,N
CCH,"Collier Creek Holdings Class A Ordinary Shares",N,,N
CCI,"Crown Castle International Corp. (REIT) Common Stock",N,,N
CCJ,"Cameco Corporation Common Stock",N,,N
CCK,"Crown Holdings, Inc.",N,,N
CCL,"Carnival Corporation Common Stock",N,,N
CCLP,"CSI Compressco LP - common units",Q,Q,N
CCM,"Concord Medical Services Holdings Limited ADS (Each represents three ordinary shares)",N,,N
CCMP,"Cabot Microelectronics Corporation - Common Stock",Q,Q,N
CCNE,"CNB Financial Corporation - Common Stock",Q,Q,N
CCO,"Clear Channel Outdoor Holdings, Inc. Common Stock",N,,N
CCOI,"Cogent Communications Holdings, Inc. - Common Stock",Q,Q,N
CCOR,"Core Alternative ETF",P,,Y
CCR,"CONSOL Coal Resources LP Common Units representing limited partner interests",N,,N
CCRC,"China Customer Relations Centers, Inc. - Ordinary Shares",Q,S,N
CCRN,"Cross Country Healthcare, Inc. - Common Stock",Q,Q,N
CCS,"Century Communities, Inc. Common Stock",N,,N
CCU,"Compania Cervecerias Unidas, S.A. Common Stock",N,,N
CCX,"Churchill Capital Corp II Class A Common Stock",N,,N
CCXI,"ChemoCentryx, Inc. - Common Stock",Q,Q,N
CCZ,"Comcast Holdings ZONES",N,,N
CDAY,"Ceridian HCM Holding Inc. Common Stock",N,,N
CDC,"VictoryShares US EQ Income Enhanced Volatility Wtd ETF",Q,G,Y
CDE,"Coeur Mining, Inc. Common Stock",N,,N
CDEV,"Centennial Resource Development, Inc. - Class A Common Stock",Q,S,N
CDK,"CDK Global, Inc. - Common Stock",Q,Q,N
CDL,"VictoryShares US Large Cap High Div Volatility Wtd ETF",Q,G,Y
CDLX,"Cardlytics, Inc. - Common Stock",Q,G,N
CDMO,"Avid Bioservices, Inc. - Common Stock",Q,S,N
CDMOP,"Avid Bioservices, Inc. - 10.50% Series E Convertible Preferred Stock",Q,S,N
CDNA,"CareDx, Inc. - Common Stock",Q,G,N
CDNS,"Cadence Design Systems, Inc. - Common Stock",Q,Q,N
CDOR,"Condor Hospitality Trust, Inc. Common Stock",A,,N
CDR,"Cedar Realty Trust, Inc. Common Stock",N,,N
CDTX,"Cidara Therapeutics, Inc. - Common Stock",Q,G,N
CDW,"CDW Corporation - Common Stock",Q,Q,N
CDXC,"ChromaDex Corporation - Common Stock",Q,S,N
CDXS,"Codexis, Inc. - Common Stock",Q,Q,N
CDZI,"Cadiz, Inc. - Common Stock",Q,G,N
CE,"Celanese Corporation Celanese Corporation Common Stock",N,,N
CEA,"China Eastern Airlines Corporation Ltd. Common Stock",N,,N
CECE,"CECO Environmental Corp. - Common Stock",Q,Q,N
CEE,"The Central and Eastern Europe Fund, Inc. (The) Common Stock",N,,N
CEF,"Sprott Physical Gold and Silver Trust Units",P,,Y
CEFS,"Exchange Listed Funds Trust ETF",Z,,Y
CEI,"Camber Energy, Inc. Common Stock",A,,N
CEIX,"CONSOL Energy Inc. Common Stock ",N,,N
CEL,"Cellcom Israel, Ltd. Ordinary Shares",N,,N
CELC,"Celcuity Inc. - Common Stock",Q,S,N
CELH,"Celsius Holdings, Inc. - Common Stock",Q,S,N
CELP,"Cypress Environmental Partners, L.P. Common Units representing limited partner interests",N,,N
CEM,"ClearBridge MLP and Midstream Fund Inc. Common Stock",N,,N
CEMB,"iShares J.P. Morgan EM Corporate Bond ETF",Z,,Y
CEMI,"Chembio Diagnostics, Inc. - Common Stock",Q,S,N
CEN,"Center Coast Brookfield MLP & Energy Infrastructure Fund",N,,N
CENT,"Central Garden & Pet Company - Common Stock",Q,Q,N
CENTA,"Central Garden & Pet Company - Class A Common Stock Nonvoting",Q,Q,N
CENX,"Century Aluminum Company - Common Stock",Q,Q,N
CEO,"CNOOC Limited Common Stock",N,,N
CEPU,"Central Puerto S.A. American Depositary Shares (each represents ten Common Shares)",N,,N
CEQP,"Crestwood Equity Partners LP",N,,N
CERC,"Cerecor Inc. - Common Stock",Q,S,N
CERN,"Cerner Corporation - Common Stock",Q,Q,N
CERS,"Cerus Corporation - Common Stock",Q,G,N
CET,"Central Securities Corporation Common Stock",A,,N
CETV,"Central European Media Enterprises Ltd. - Class A Common Stock",Q,Q,N
CETX,"Cemtrex Inc. - Common Stock",Q,S,N
CETXP,"Cemtrex Inc. - Series 1 Preferred Stock",Q,S,N
CEV,"Eaton Vance California Municipal Income Trust Shares of Beneficial Interest",A,,N
CEVA,"CEVA, Inc. - Common Stock",Q,Q,N
CEW,"WisdomTree Emerging Currency Strategy Fund",P,,Y
CEY,"VictoryShares Emerging Market High Div Volatility Wtd ETF",Q,G,Y
CEZ,"VictoryShares Emerging Market Volatility Wtd ETF",Q,G,Y
CF,"CF Industries Holdings, Inc. Common Stock",N,,N
CFA,"VictoryShares US 500 Volatility Wtd ETF",Q,G,Y
CFB,"CrossFirst Bankshares, Inc. - Common Stock",Q,Q,N
CFBI,"Community First Bancshares, Inc. - Common Stock",Q,S,N
CFBK,"Central Federal Corporation - Common Stock",Q,S,N
CFFA,"CF Finance Acquisition Corp. - Class A Common Stock",Q,S,N
CFFAU,"CF Finance Acquisition Corp. - Unit",Q,S,N
CFFI,"C&F Financial Corporation - Common Stock",Q,Q,N
CFFN,"Capitol Federal Financial, Inc. - Common Stock",Q,Q,N
CFG,"Citizens Financial Group, Inc. Common Stock",N,,N
CFMS,"Conformis, Inc. - Common Stock",Q,Q,N
CFO,"VictoryShares US 500 Enhanced Volatility Wtd ETF",Q,G,Y
CFR,"Cullen/Frost Bankers, Inc. Common Stock",N,,N
CFRX,"ContraFect Corporation - Common Stock",Q,S,N
CFX,"Colfax Corporation Common Stock",N,,N
CFXA,"Colfax Corporation 5.75% Tangible Equity Units",N,,N
CG,"The Carlyle Group Inc. - Common Stock",Q,Q,N
CGA,"China Green Agriculture, Inc. Common Stock",N,,N
CGBD,"TCG BDC, Inc. - Common Stock",Q,Q,N
CGC,"Canopy Growth Corporation Common Stock",N,,N
CGEN,"Compugen Ltd. - Ordinary Shares",Q,G,N
CGIX,"Cancer Genetics, Inc. - Common Stock",Q,S,N
CGNX,"Cognex Corporation - Common Stock",Q,Q,N
CGO,"Calamos Global Total Return Fund - Common Stock",Q,Q,N
CGW,"Invesco S&P Global Water Index ETF",P,,Y
CHA,"China Telecom Corp Ltd ADS",N,,N
CHAD,"Direxion Daily CSI 300 China A Shares Bear 1X Shares",P,,Y
CHAP,"Chaparral Energy, Inc. Class A Common Stock",N,,N
CHAU,"Direxion Daily CSI 300 China A Share Bull 2X Shares",P,,Y
CHCI,"Comstock Holding Companies, Inc. - Class A Common Stock",Q,S,N
CHCO,"City Holding Company - Common Stock",Q,Q,N
CHCT,"Community Healthcare Trust Incorporated Common Stock",N,,N
CHD,"Church & Dwight Company, Inc. Common Stock",N,,N
CHDN,"Churchill Downs, Incorporated - Common Stock",Q,Q,N
CHE,"Chemed Corp",N,,N
CHEF,"The Chefs' Warehouse, Inc. - Common Stock",Q,Q,N
CHEK,"Check-Cap Ltd. - Ordinary Share",Q,S,N
CHEP,"AGFiQ U.S. Market Neutral Value Fund",P,,Y
CHFS,"CHF Solutions, Inc. - Common Stock",Q,S,N
CHGG,"Chegg, Inc. Common Stock",N,,N
CHGX,"Change Finance U.S. Large Cap Fossil Fuel Free ETF",P,,Y
CHH,"Choice Hotels International, Inc. Common Stock",N,,N
CHI,"Calamos Convertible Opportunities and Income Fund - Common Stock",Q,Q,N
CHIC,"Global X Funds Global X MSCI China Communication Services ETF",P,,Y
CHIE,"Global X MSCI China Energy ETF",P,,Y
CHIH,"Global X Funds Global X MSCI China Health Care ETF",P,,Y
CHII,"Global X MSCI China Industrials ETF",P,,Y
CHIK,"Global X Funds Global X MSCI China Information Technology ETF",P,,Y
CHIL,"Global X Funds Global X MSCI China Large-Cap 50 ETF",P,,Y
CHIM,"Global X MSCI China Materials ETF",P,,Y
CHIQ,"Global X MSCI China Consumer Discretionary ETF",P,,Y
CHIR,"Global X Funds Global X MSCI China Real Estate ETF",P,,Y
CHIS,"Global X Funds Global X MSCI China Consumer Staples ETF",P,,Y
CHIU,"Global X Funds Global X MSCI China Utilities ETF",P,,Y
CHIX,"Global X MSCI China Financials ETF",P,,Y
CHK,"Chesapeake Energy Corporation Common Stock",N,,N
CHKP,"Check Point Software Technologies Ltd. - Ordinary Shares",Q,Q,N
CHL,"China Mobile Limited Common Stock",N,,N
CHMA,"Chiasma, Inc. - Common Stock",Q,Q,N
CHMG,"Chemung Financial Corp - Common Stock",Q,Q,N
CHMI,"Cherry Hill Mortgage Investment Corporation Common Stock",N,,N
CHN,"China Fund, Inc. (The) Common Stock",N,,N
CHNA,"Loncar China BioPharma ETF",Q,G,Y
CHNG,"Change Healthcare Inc. - Common Stock",Q,Q,N
CHNGU,"Change Healthcare Inc. - Tangible Equity Units",Q,Q,N
CHNR,"China Natural Resources, Inc. - Common Stock",Q,S,N
CHPM,"CHP Merger Corp. - Class A Common Stock",Q,S,N
CHPMU,"CHP Merger Corp. - Unit",Q,S,N
CHRA,"Charah Solutions, Inc. Common Stock",N,,N
CHRS,"Coherus BioSciences, Inc. - Common Stock",Q,G,N
CHRW,"C.H. Robinson Worldwide, Inc. - Common Stock",Q,Q,N
CHS,"Chico's FAS, Inc. Common Stock",N,,N
CHSCL,"CHS Inc - Class B Cumulative Redeemable Preferred Stock, Series 4",Q,Q,N
CHSCM,"CHS Inc - Class B Reset Rate Cumulative Redeemable Preferred Stock, Series 3",Q,Q,N
CHSCN,"CHS Inc - Preferred Class B Series 2 Reset Rate",Q,Q,N
CHSCO,"CHS Inc - Class B Cumulative Redeemable Preferred Stock",Q,Q,N
CHSCP,"CHS Inc - 8%  Cumulative Redeemable Preferred Stock",Q,Q,N
CHT,"Chunghwa Telecom Co., Ltd.",N,,N
CHTR,"Charter Communications, Inc. - Class A Common Stock",Q,Q,N
CHU,"China Unicom (Hong Kong) Ltd Common Stock",N,,N
CHUY,"Chuy's Holdings, Inc. - Common Stock",Q,Q,N
CHW,"Calamos Global Dynamic Income Fund - Common Stock",Q,Q,N
CHWY,"Chewy, Inc. Class A Common Stock",N,,N
CHY,"Calamos Convertible and High Income Fund - Common Stock",Q,Q,N
CI,"Cigna Corporation Common Stock",N,,N
CIA,"Citizens, Inc. Class A Common Stock ($1.00 Par)",N,,N
CIB,"BanColombia S.A. Common Stock",N,,N
CIBR,"First Trust NASDAQ Cybersecurity ETF",Q,G,Y
CID,"VictoryShares International High Div Volatility Wtd ETF",Q,G,Y
CIDM,"Cinedigm Corp - Class A Common Stock",Q,G,N
CIEN,"Ciena Corporation Common Stock",N,,N
CIF,"MFS Intermediate High Income Fund Common Stock",N,,N
CIFS,"China Internet Nationwide Financial Services Inc. - Ordinary Shares",Q,G,N
CIG,"Comp En De Mn Cemig ADS American Depositary Shares",N,,N
CIGI,"Colliers International Group Inc.  - Subordinate Voting Shares",Q,Q,N
CIH,"China Index Holdings Limited - American Depository Shares",Q,Q,N
CII,"Blackrock Capital and Income Fund, Inc.",N,,N
CIIC,"CIIG Merger Corp. - Class A Common Stock",Q,S,N
CIICU,"CIIG Merger Corp. - Units",Q,S,N
CIK,"Credit Suisse Asset Management Income Fund, Inc. Common Stock",A,,N
CIL,"VictoryShares International Volatility Wtd ETF",Q,G,Y
CIM,"Chimera Investment Corporation Common Stock",N,,N
CINF,"Cincinnati Financial Corporation - Common Stock",Q,Q,N
CINR,"Ciner Resources LP Common Units representing Limited Partner Interests",N,,N
CIO,"City Office REIT, Inc. Common Stock",N,,N
CIR,"CIRCOR International, Inc. Common Stock",N,,N
CIT,"CIT Group Inc (DEL) Common Stock",N,,N
CIVB,"Civista Bancshares, Inc.  - Common Stock",Q,S,N
CIX,"CompX International Inc. Common Stock",A,,N
CIZ,"VictoryShares Developed Enhanced Volatility Wtd ETF",Q,G,Y
CIZN,"Citizens Holding Company - Common Stock",Q,G,N
CJJD,"China Jo-Jo Drugstores, Inc. - Common Stock",Q,S,N
CKH,"SEACOR Holdings Inc. Common Stock",N,,N
CKPT,"Checkpoint Therapeutics, Inc. - Common Stock",Q,S,N
CKX,"CKX Lands, Inc. Common Stock",A,,N
CL,"Colgate-Palmolive Company Common Stock",N,,N
CLAR,"Clarus Corporation - Common Stock",Q,Q,N
CLB,"Core Laboratories N.V. Common Stock",N,,N
CLBK,"Columbia Financial, Inc. - Common Stock",Q,Q,N
CLBS,"Caladrius Biosciences, Inc. - Common Stock",Q,S,N
CLCT,"Collectors Universe, Inc. - Common Stock",Q,G,N
CLDB,"Cortland Bancorp - Common Stock",Q,S,N
CLDR,"Cloudera, Inc. Common Stock",N,,N
CLDT,"Chatham Lodging Trust (REIT) Common Shares of Beneficial Interest",N,,N
CLDX,"Celldex Therapeutics, Inc. - Common Stock",Q,S,N
CLF,"Cleveland-Cliffs Inc. Common Stock",N,,N
CLFD,"Clearfield, Inc. - Common Stock",Q,G,N
CLGN,"CollPlant Biotechnologies Ltd. - American Depositary Shares",Q,S,N
CLGX,"CoreLogic, Inc. Common Stock",N,,N
CLH,"Clean Harbors, Inc. Common Stock",N,,N
CLI,"Mack-Cali Realty Corporation Common Stock",N,,N
CLIR,"ClearSign Technologies Corporation - Common Stock",Q,S,N
CLIX,"ProShares Long Online/Short Stores ETF",P,,Y
CLLS,"Cellectis S.A. - American Depositary Shares",Q,G,N
CLM,"Cornerstone Strategic Value Fund, Inc. New Common Stock",A,,N
CLMT,"Calumet Specialty Products Partners, L.P. - Common units representing limited partner interests",Q,Q,N
CLNC,"Colony Credit Real Estate, Inc. Class A Common Stock",N,,N
CLNE,"Clean Energy Fuels Corp. - Common Stock",Q,Q,N
CLNY,"Colony Capital, Inc.",N,,N
CLOU,"Global X Cloud Computing ETF",Q,G,Y
CLPR,"Clipper Realty Inc. Common Stock",N,,N
CLPS,"CLPS Incorporation - Common Stock",Q,G,N
CLPT,"ClearPoint Neuro Inc. - Common Stock",Q,S,N
CLR,"Continental Resources, Inc. Common Stock",N,,N
CLRB,"Cellectar Biosciences, Inc. - Common Stock",Q,S,N
CLRG,"IQ Chaikin U.S. Large Cap ETF",Q,G,Y
CLRO,"ClearOne, Inc. - Common Stock",Q,S,N
CLS,"Celestica, Inc. Common Stock",N,,N
CLSD,"Clearside Biomedical, Inc. - Common Stock",Q,G,N
CLSK,"CleanSpark, Inc. - Common Stock",Q,S,N
CLSN,"Celsion Corporation - Common Stock",Q,S,N
CLTL,"Invesco Treasury Collateral ETF",P,,Y
CLUB,"Town Sports International Holdings, Inc. - Common Stock",Q,G,N
CLVS,"Clovis Oncology, Inc. - Common Stock",Q,Q,N
CLW,"Clearwater Paper Corporation Common Stock",N,,N
CLWT,"Euro Tech Holdings Company Limited - Ordinary Shares",Q,S,N
CLX,"Clorox Company (The) Common Stock",N,,N
CLXT,"Calyxt, Inc. - Common Stock",Q,G,N
CM,"Canadian Imperial Bank of Commerce Common Stock",N,,N
CMA,"Comerica Incorporated Common Stock",N,,N
CMBM,"Cambium Networks Corporation - Ordinary Shares",Q,G,N
CMBS,"iShares CMBS Bond ETF",P,,Y
CMC,"Commercial Metals Company Common Stock",N,,N
CMCL,"Caledonia Mining Corporation Plc Common Shares",A,,N
CMCM,"Cheetah Mobile Inc. American Depositary Shares, each representing 10 Class Ordinary Shares",N,,N
CMCO,"Columbus McKinnon Corporation - Common Stock",Q,Q,N
CMCSA,"Comcast Corporation - Class A Common Stock",Q,Q,N
CMCT,"CIM Commercial Trust Corporation - Common Stock",Q,G,N
CMCTP,"CIM Commercial Trust Corporation - Series L Preferred Stock",Q,G,N
CMD,"Cantel Medical Corp. Common Stock",N,,N
CMDY,"iShares Bloomberg Roll Select Commodity Strategy ETF",P,,Y
CME,"CME Group Inc. - Class A Common Stock",Q,Q,N
CMF,"iShares California Muni Bond ETF",P,,Y
CMG,"Chipotle Mexican Grill, Inc. Common Stock",N,,N
CMI,"Cummins Inc. Common Stock",N,,N
CMLS,"Cumulus Media Inc. - Class A Common Stock",Q,G,N
CMO,"Capstead Mortgage Corporation Common Stock",N,,N
CMP,"Compass Minerals Intl Inc Common Stock",N,,N
CMPR,"Cimpress plc - Ordinary Shares",Q,Q,N
CMRE,"Costamare Inc. Common Stock $0.0001 par value",N,,N
CMRX,"Chimerix, Inc. - Common Stock",Q,G,N
CMS,"CMS Energy Corporation Common Stock",N,,N
CMSA,"CMS Energy Corporation 5.625% Junior Subordinated Notes due 2078",N,,N
CMSC,"CMS Energy Corporation 5.875% Junior Subordinated Notes due 2078",N,,N
CMSD,"CMS Energy Corporation 5.875% Junior Subordinated Notes due 2079",N,,N
CMT,"Core Molding Technologies Inc Common Stock",A,,N
CMTL,"Comtech Telecommunications Corp. - Common Stock",Q,Q,N
CMU,"MFS Municipal Income Trust Common Stock",N,,N
CN,"Xtrackers MSCI All China Equity ETF",P,,Y
CNA,"CNA Financial Corporation Common Stock",N,,N
CNAT,"Conatus Pharmaceuticals Inc. - Common Stock",Q,S,N
CNBKA,"Century Bancorp, Inc. - Class A Common Stock",Q,Q,N
CNBS,"Amplify Seymour Cannabis ETF",P,,Y
CNC,"Centene Corporation Common Stock",N,,N
CNCE,"Concert Pharmaceuticals, Inc. - Common Stock",Q,G,N
CNCR,"Loncar Cancer Immunotherapy ETF",Q,G,Y
CNDT,"Conduent Incorporated - Common Stock",Q,Q,N
CNET,"ChinaNet Online Holdings, Inc. - Common Stock",Q,S,N
CNF,"CNFinance Holdings Limited American Depositary Shares, each representing  twenty (20) Ordinary Shares",N,,N
CNFR,"Conifer Holdings, Inc. - Common Stock",Q,G,N
CNFRL,"Conifer Holdings, Inc. - Senior Unsecured Notes",Q,G,N
CNHI,"CNH Industrial N.V. Common Shares",N,,N
CNI,"Canadian National Railway Company Common Stock",N,,N
CNK,"Cinemark Holdings Inc Cinemark Holdings, Inc. Common Stock",N,,N
CNMD,"CONMED Corporation Common Stock",N,,N
CNNB,"Cincinnati Bancorp, Inc. - Common Stock",Q,S,N
CNNE,"Cannae Holdings, Inc. Common Stock",N,,N
CNO,"CNO Financial Group, Inc. Common Stock",N,,N
CNOB,"ConnectOne Bancorp, Inc. - Common Stock",Q,Q,N
CNP,"CenterPoint Energy, Inc (Holding Co) Common Stock",N,,N
CNQ,"Canadian Natural Resources Limited Common Stock",N,,N
CNR,"Cornerstone Building Brands, Inc. Common Stock",N,,N
CNRG,"SPDR S&P Kensho Clean Power ETF",P,,Y
CNS,"Cohen & Steers Inc Common Stock",N,,N
CNSL,"Consolidated Communications Holdings, Inc. - Common Stock",Q,Q,N
CNSP,"CNS Pharmaceuticals, Inc. - Common Stock",Q,S,N
CNST,"Constellation Pharmaceuticals, Inc. - Common Stock",Q,Q,N
CNTG,"Centogene N.V. - Common Shares",Q,G,N
CNTY,"Century Casinos, Inc. - Common Stock",Q,S,N
CNX,"CNX Resources Corporation Common Stock",N,,N
CNXM,"CNX Midstream Partners LP Common Units representing limited partner interests",N,,N
CNXN,"PC Connection, Inc. - Common Stock",Q,Q,N
CNXT,"VanEck Vectors ChinaAMC SME-ChNext ETF",P,,Y
CNYA,"iShares MSCI China A ETF",Z,,Y
CO,"Global Cord Blood Corporation Common Stock",N,,N
COCP,"Cocrystal Pharma, Inc. - Common Stock",Q,S,N
CODA,"Coda Octopus Group, Inc. - Common stock",Q,S,N
CODI,"Compass Diversified Holdings Shares of Beneficial Interest",N,,N
CODX,"Co-Diagnostics, Inc. - Common Stock",Q,S,N
COE,"China Online Education Group American depositary shares, each representing 15 Class A ordinary shares",N,,N
COF,"Capital One Financial Corporation Common Stock",N,,N
COFS,"ChoiceOne Financial Services, Inc. - Common Stock",Q,S,N
COG,"Cabot Oil & Gas Corporation Common Stock",N,,N
COHN,"Cohen & Company Inc.",A,,N
COHR,"Coherent, Inc. - Common Stock",Q,Q,N
COHU,"Cohu, Inc. - Common Stock",Q,Q,N
COKE,"Coca-Cola Consolidated, Inc. - Common Stock",Q,Q,N
COLB,"Columbia Banking System, Inc. - Common Stock",Q,Q,N
COLD,"Americold Realty Trust Common Shares",N,,N
COLL,"Collegium Pharmaceutical, Inc. - Common Stock",Q,Q,N
COLM,"Columbia Sportswear Company - Common Stock",Q,Q,N
COM,"Direxion Auspice Broad Commodity Strategy ETF",P,,Y
COMB,"GraniteShares Bloomberg Commodity Broad Strategy No K-1 ETF",P,,Y
COMM,"CommScope Holding Company, Inc. - Common Stock",Q,Q,N
COMT,"iShares Commodities Select Strategy ETF",Q,G,Y
CONE,"CyrusOne Inc - Common Stock",Q,Q,N
CONN,"Conn's, Inc. - Common Stock",Q,Q,N
COO,"The Cooper Companies, Inc. Common Stock",N,,N
COOP,"Mr. Cooper Group Inc. - Common Stock",Q,S,N
COP,"ConocoPhillips Common Stock",N,,N
COPX,"Global X Copper Miners ETF",P,,Y
COR,"CoreSite Realty Corporation Common Stock",N,,N
CORE,"Core-Mark Holding Company, Inc. - Common Stock",Q,Q,N
CORN,"Teucrium Corn Fund ETV",P,,Y
CORP,"Pimco Investment Grade Corporate Bond Index Exchange-Traded Fund",P,,Y
CORR,"CorEnergy Infrastructure Trust, Inc. Common Stock",N,,N
CORT,"Corcept Therapeutics Incorporated - Common Stock",Q,S,N
CORV,"Correvio Pharma Corp. - Ordinary Shares (Canada)",Q,S,N
COST,"Costco Wholesale Corporation - Common Stock",Q,Q,N
COTY,"Coty Inc. Class A Common Stock",N,,N
COUP,"Coupa Software Incorporated - Common Stock",Q,Q,N
COW,"iPathA Series B Bloomberg Livestock Subindex Total Return ETN",P,,N
COWN,"Cowen Inc. - Class A Common Stock",Q,Q,N
COWNL,"Cowen Inc. - 7.75% Senior Notes due 2033",Q,Q,N
COWNZ,"Cowen Inc. - 7.35% Senior Notes Due 2027",Q,Q,N
COWZ,"Pacer US Cash Cows 100 ETF",Z,,Y
CP,"Canadian Pacific Railway Limited Common Stock",N,,N
CPA,"Copa Holdings, S.A. Copa Holdings, S.A. Class A Common Stock",N,,N
CPAA,"Conyers Park II Acquisition Corp. - Class A Common Stock",Q,S,N
CPAAU,"Conyers Park II Acquisition Corp. - Unit",Q,S,N
CPAC,"Cementos Pacasmayo S.A.A. American Depositary Shares (Each representing five Common Shares)",N,,N
CPAH,"CounterPath Corporation - Common Stock",Q,S,N
CPB,"Campbell Soup Company Common Stock",N,,N
CPE,"Callon Petroleum Company Common Stock",N,,N
CPER,"United States Copper Index Fund ETV",P,,Y
CPF,"Central Pacific Financial Corp New",N,,N
CPG,"Crescent Point Energy Corporation Ordinary Shares (Canada)",N,,N
CPHC,"Canterbury Park Holding Corporation - Common Stock",Q,G,N
CPHI,"China Pharma Holdings, Inc. Common Stock",A,,N
CPI,"IQ Real Return ETF",P,,Y
CPIX,"Cumberland Pharmaceuticals Inc. - Common Stock",Q,Q,N
CPK,"Chesapeake Utilities Corporation Common Stock",N,,N
CPLG,"CorePoint Lodging Inc. Common Stock ",N,,N
CPLP,"Capital Product Partners L.P. - common units representing limited partner interests",Q,Q,N
CPRI,"Capri Holdings Limited Ordinary Shares",N,,N
CPRT,"Copart, Inc. - Common Stock",Q,Q,N
CPRX,"Catalyst Pharmaceuticals, Inc. - Common Stock",Q,S,N
CPS,"Cooper-Standard Holdings Inc. Common Stock",N,,N
CPSH,"CPS Technologies Corp. - Common Stock",Q,S,N
CPSI,"Computer Programs and Systems, Inc. - Common Stock",Q,Q,N
CPSS,"Consumer Portfolio Services, Inc. - Common Stock",Q,G,N
CPST,"Capstone Turbine Corporation - Common Stock",Q,S,N
CPT,"Camden Property Trust Common Stock",N,,N
CPTA,"Capitala Finance Corp. - Common Stock",Q,Q,N
CPTAG,"Capitala Finance Corp. - 5.75% Convertible Notes Due 2022",Q,S,N
CPTAL,"Capitala Finance Corp. - 6% Notes Due 2022",Q,Q,N
CPZ,"Calamos Long/Short Equity & Dynamic Income Trust - Common Stock",Q,Q,N
CQP,"Cheniere Energy Partners, LP Cheniere Energy Partners, LP Common Units",A,,N
CQQQ,"Invesco China Technology ETF",P,,Y
CR,"Crane Co. Common Stock",N,,N
CRAI,"CRA International,Inc. - Common Stock",Q,Q,N
CRAK,"VanEck Vectors Oil Refiners ETF",P,,Y
CRBN,"iShares MSCI ACWI Low Carbon Target ETF",P,,Y
CRBP,"Corbus Pharmaceuticals Holdings, Inc. - Common Stock",Q,G,N
CRC,"California Resources Corporation Common Stock",N,,N
CREE,"Cree, Inc. - Common Stock",Q,Q,N
CREG,"China Recycling Energy Corporation - Common Stock",Q,S,N
CRESY,"Cresud S.A.C.I.F. y A. - American Depositary Shares, each representing ten shares of Common Stock",Q,Q,N
CREX,"Creative Realities, Inc. - Common Stock",Q,S,N
CRF,"Cornerstone Total Return Fund, Inc. (The) Common Stock",A,,N
CRH,"CRH PLC American Depositary Shares",N,,N
CRHM,"CRH Medical Corporation Common Shares of Beneficial Interest",A,,N
CRI,"Carter's, Inc. Common Stock",N,,N
CRIS,"Curis, Inc. - Common Stock",Q,G,N
CRK,"Comstock Resources, Inc. Common Stock",N,,N
CRL,"Charles River Laboratories International, Inc. Common Stock",N,,N
CRM,"Salesforce.com Inc Common Stock",N,,N
CRMD,"CorMedix Inc. Common Stock",A,,N
CRMT,"America's Car-Mart, Inc. - Common Stock",Q,Q,N
CRNC,"Cerence Inc. - Common Stock",Q,Q,N
CRNT,"Ceragon Networks Ltd. - Ordinary Shares",Q,Q,N
CRNX,"Crinetics Pharmaceuticals, Inc. - Common Stock",Q,Q,N
CROC,"ProShares UltraShort Australian Dollar",P,,N
CRON,"Cronos Group Inc. - Common Share",Q,G,N
CROP,"IQ Global Agribusiness Small Cap ETF",P,,Y
CROX,"Crocs, Inc. - Common Stock",Q,Q,N
CRS,"Carpenter Technology Corporation Common Stock",N,,N
CRSA,"Crescent Acquisition Corp - Class A Common Stock",Q,S,N
CRSAU,"Crescent Acquisition Corp - Unit",Q,S,N
CRSP,"CRISPR Therapeutics AG - Common Shares",Q,G,N
CRT,"Cross Timbers Royalty Trust Common Stock",N,,N
CRTO,"Criteo S.A. - American Depositary Shares",Q,Q,N
CRTX,"Cortexyme, Inc. - Common Stock",Q,Q,N
CRUS,"Cirrus Logic, Inc. - Common Stock",Q,Q,N
CRVL,"CorVel Corp. - Common Stock",Q,Q,N
CRVS,"Corvus Pharmaceuticals, Inc. - Common Stock",Q,G,N
CRWD,"CrowdStrike Holdings, Inc. - Class A Common Stock",Q,Q,N
CRWS,"Crown Crafts, Inc. - Common Stock",Q,S,N
CRY,"CryoLife, Inc. Common Stock",N,,N
CS,"Credit Suisse Group American Depositary Shares",N,,N
CSA,"VictoryShares US Small Cap Volatility Wtd ETF",Q,G,Y
CSB,"VictoryShares US Small Cap High Div Volatility Wtd ETF",Q,G,Y
CSBR,"Champions Oncology, Inc. - Common Stock",Q,S,N
CSCO,"Cisco Systems, Inc. - Common Stock",Q,Q,N
CSD,"Invesco S&P Spin-Off ETF",P,,Y
CSF,"VictoryShares US Discovery Enhanced Volatility Wtd ETF",Q,G,Y
CSFL,"CenterState Bank Corporation - Common Stock",Q,Q,N
CSGP,"CoStar Group, Inc. - Common Stock",Q,Q,N
CSGS,"CSG Systems International, Inc. - Common Stock",Q,Q,N
CSII,"Cardiovascular Systems, Inc. - Common Stock",Q,Q,N
CSIQ,"Canadian Solar Inc. - common shares",Q,Q,N
CSL,"Carlisle Companies Incorporated Common Stock",N,,N
CSLT,"Castlight Health, Inc. Class B Common Stock",N,,N
CSM,"ProShares Large Cap Core Plus",Z,,Y
CSML,"IQ Chaikin U.S. Small Cap ETF",Q,G,Y
CSOD,"Cornerstone OnDemand, Inc. - Common Stock",Q,Q,N
CSPI,"CSP Inc. - Common Stock",Q,G,N
CSPR,"Casper Sleep Inc. Common Stock",N,,N
CSQ,"Calamos Strategic Total Return Fund - Common Stock",Q,Q,N
CSSE,"Chicken Soup for the Soul Entertainment, Inc. - Class A Common Stock",Q,G,N
CSSEP,"Chicken Soup for the Soul Entertainment, Inc. - 9.75% Series A Cumulative Redeemable Perpetual Preferred Stock",Q,G,N
CSTE,"Caesarstone Ltd. - Ordinary Shares",Q,Q,N
CSTL,"Castle Biosciences, Inc. - Common stock",Q,G,N
CSTM,"Constellium SE Ordinary Shares (France)",N,,N
CSTR,"CapStar Financial Holdings, Inc. - Common Stock",Q,Q,N
CSU,"Capital Senior Living Corporation Common Stock",N,,N
CSV,"Carriage Services, Inc. Common Stock",N,,N
CSWC,"Capital Southwest Corporation - Common Stock",Q,Q,N
CSWCL,"Capital Southwest Corporation - 5.95% Notes due 2022",Q,Q,N
CSWI,"CSW Industrials, Inc. - Common Stock",Q,Q,N
CSX,"CSX Corporation - Common Stock",Q,Q,N
CTAA,"Qwest Corporation 7% Notes due 2056",N,,N
CTAS,"Cintas Corporation - Common Stock",Q,Q,N
CTB,"Cooper Tire & Rubber Company Common Stock",N,,N
CTBB,"Qwest Corporation 6.5% Notes due 2056",N,,N
CTBI,"Community Trust Bancorp, Inc. - Common Stock",Q,Q,N
CTDD,"Qwest Corporation 6.75% Notes due 2057",N,,N
CTEK,"CynergisTek, Inc. Common Stock",A,,N
CTG,"Computer Task Group, Incorporated - Common Stock",Q,Q,N
CTHR,"Charles & Colvard Ltd. - Common Stock",Q,S,N
CTIB,"Yunhong CTI Ltd. - Common Stock",Q,S,N
CTIC,"CTI BioPharma Corp. - Common Stock",Q,S,N
CTK,"CooTek (Cayman) Inc. American Depositary Shares, each representing 50 Class A Ordinary Shares",N,,N
CTL,"CenturyLink, Inc. Common Stock",N,,N
CTLT,"Catalent, Inc. Common Stock",N,,N
CTMX,"CytomX Therapeutics, Inc. - Common Stock",Q,Q,N
CTO,"Consolidated-Tomoka Land Co. Common Stock ",A,,N
CTR,"ClearBridge MLP and Midstream Total Return Fund Inc. Common Stock",N,,N
CTRA,"Contura Energy, Inc. Common Stock",N,,N
CTRC,"Centric Brands Inc. - Common Stock",Q,S,N
CTRE,"CareTrust REIT, Inc. - Common Stock",Q,Q,N
CTRM,"Castor Maritime Inc. - Common Shares",Q,S,N
CTRN,"Citi Trends, Inc. - Common Stock",Q,Q,N
CTS,"CTS Corporation Common Stock",N,,N
CTSH,"Cognizant Technology Solutions Corporation - Class A Common Stock",Q,Q,N
CTSO,"Cytosorbents Corporation - Common Stock",Q,S,N
CTT,"CatchMark Timber Trust, Inc. Class A Common Stock",N,,N
CTV,"Qwest Corporation 6.875% Notes due 2054",N,,N
CTVA,"Corteva, Inc. Common Stock ",N,,N
CTXR,"Citius Pharmaceuticals, Inc. - Common Stock",Q,S,N
CTXS,"Citrix Systems, Inc. - Common Stock",Q,Q,N
CTY,"Qwest Corporation 6.125% Notes due 2053",N,,N
CTZ,"Qwest Corporation 6.625% Notes due 2055",N,,N
CUB,"Cubic Corporation Common Stock",N,,N
CUBA,"The Herzfeld Caribbean Basin Fund, Inc. - Closed End FUnd",Q,S,N
CUBB,"Customers Bancorp, Inc 5.375% Subordinated Notes Due 2034",N,,N
CUBE,"CubeSmart Common Shares",N,,N
CUBI,"Customers Bancorp, Inc Common Stock",N,,N
CUE,"Cue Biopharma, Inc. - Common Stock",Q,S,N
CUI,"CUI Global, Inc. - Common Stock",Q,S,N
CUK,"Carnival Plc ADS ADS",N,,N
CULP,"Culp, Inc. Common Stock",N,,N
CUO,"Continental Materials Corporation Common Stock",A,,N
CURE,"Direxion Daily Healthcare Bull 3X Shares",P,,Y
CURO,"CURO Group Holdings Corp. Common Stock",N,,N
CUT,"Invesco MSCI Global Timber ETF",P,,Y
CUTR,"Cutera, Inc. - Common Stock",Q,Q,N
CUZ,"Cousins Properties Incorporated Common Stock",N,,N
CVA,"Covanta Holding Corporation Common Stock",N,,N
CVBF,"CVB Financial Corporation - Common Stock",Q,Q,N
CVCO,"Cavco Industries, Inc. - Common Stock",Q,Q,N
CVCY,"Central Valley Community Bancorp - Common Stock",Q,S,N
CVE,"Cenovus Energy Inc Common Stock",N,,N
CVEO,"Civeo Corporation (Canada) Common Shares",N,,N
CVET,"Covetrus, Inc. - Common Stock",Q,Q,N
CVGI,"Commercial Vehicle Group, Inc. - Common Stock",Q,Q,N
CVGW,"Calavo Growers, Inc. - Common Stock",Q,Q,N
CVI,"CVR Energy Inc. Common Stock",N,,N
CVIA,"Covia Holdings Corporation Common Stock",N,,N
CVLT,"Commvault Systems, Inc. - Common Stock",Q,Q,N
CVLY,"Codorus Valley Bancorp, Inc - Common Stock",Q,G,N
CVM,"Cel-Sci Corporation Common Stock",A,,N
CVNA,"Carvana Co. Class A Common Stock",N,,N
CVR,"Chicago Rivet & Machine Co. Common Stock",A,,N
CVS,"CVS Health Corporation Common Stock",N,,N
CVTI,"Covenant Transportation Group, Inc. - Class A Common Stock",Q,Q,N
CVU,"CPI Aerostructures, Inc. Common Stock",A,,N
CVV,"CVD Equipment Corporation - Common Stock",Q,S,N
CVX,"Chevron Corporation Common Stock",N,,N
CVY,"Invesco Zacks Multi-Asset Income ETF",P,,Y
CW,"Curtiss-Wright Corporation Common Stock",N,,N
CWB,"SPDR Bloomberg Barclays Convertible Securities ETF",P,,Y
CWBC,"Community West Bancshares - Common Stock",Q,G,N
CWBR,"CohBar, Inc. - Common Stock",Q,S,N
CWCO,"Consolidated Water Co. Ltd. - Ordinary Shares",Q,Q,N
CWEB,"Direxion Daily CSI China Internet Index Bull 2X Shares",P,,Y
CWEN,"Clearway Energy, Inc. Class C Common Stock",N,,N
CWH,"Camping World Holdings, Inc. Class A Commom Stock",N,,N
CWI,"SPDR MSCI ACWI ex-US ETF",P,,Y
CWK,"Cushman & Wakefield plc Ordinary Shares",N,,N
CWS,"AdvisorShares Focused Equity ETF",P,,Y
CWST,"Casella Waste Systems, Inc. - Class A Common Stock",Q,Q,N
CWT,"California Water Service Group Common Stock",N,,N
CX,"Cemex, S.A.B. de C.V. Sponsored ADR",N,,N
CXDC,"China XD Plastics Company Limited - Common Stock",Q,G,N
CXE,"MFS High Income Municipal Trust Common Stock",N,,N
CXH,"MFS Investment Grade Municipal Trust Common Stock",N,,N
CXO,"Concho Resources Inc. Common Stock",N,,N
CXP,"Columbia Property Trust, Inc. Common Stock",N,,N
CXSE,"WisdomTree China ex-State-Owned Enterprises Fund",Q,G,Y
CXW,"CoreCivic, Inc. Common Stock",N,,N
CY,"Cypress Semiconductor Corporation - Common Stock",Q,Q,N
CYAD,"Celyad SA - American Depositary Shares",Q,G,N
CYAN,"Cyanotech Corporation - Common Stock",Q,S,N
CYB,"WisdomTree Chinese Yuan Strategy Fund",P,,Y
CYBE,"CyberOptics Corporation - Common Stock",Q,G,N
CYBR,"CyberArk Software Ltd. - Ordinary Shares",Q,Q,N
CYCC,"Cyclacel Pharmaceuticals, Inc. - Common Stock",Q,S,N
CYCCP,"Cyclacel Pharmaceuticals, Inc. - 6% Convertible Preferred Stock",Q,S,N
CYCN,"Cyclerion Therapeutics, Inc. - Common Stock ",Q,Q,N
CYD,"China Yuchai International Limited Common Stock",N,,N
CYH,"Community Health Systems, Inc. Common Stock",N,,N
CYOU,"Changyou.com Limited - American Depositary Shares, each representing two Class A ordinary shares",Q,Q,N
CYRN,"CYREN Ltd. - Ordinary Shares",Q,S,N
CYRX,"CryoPort, Inc. - Common Stock",Q,S,N
CYTK,"Cytokinetics, Incorporated - Common Stock",Q,Q,N
CZA,"Invesco Zacks Mid-Cap ETF",P,,Y
CZNC,"Citizens & Northern Corp - Common Stock",Q,S,N
CZR,"Caesars Entertainment Corporation - Common Stock",Q,Q,N
CZWI,"Citizens Community Bancorp, Inc. - Common Stock",Q,G,N
CZZ,"Cosan Limited Class A Common Stock",N,,N
D,"Dominion Energy, Inc. Common Stock",N,,N
DAC,"Danaos Corporation Common Stock",N,,N
DAIO,"Data I/O Corporation - Common Stock",Q,S,N
DAKT,"Daktronics, Inc. - Common Stock",Q,Q,N
DAL,"Delta Air Lines, Inc. Common Stock",N,,N
DALI,"First Trust DorseyWright DALI 1 ETF",Q,G,Y
DALT,"Anfield Capital Diversified Alternatives ETF ETF",Z,,Y
DAN,"Dana Incorporated Common Stock ",N,,N
DAO,"Youdao, Inc. American Depositary Shares, each representing one Class A Ordinary Share",N,,N
DAR,"Darling Ingredients Inc. Common Stock",N,,N
DARE,"Dare Bioscience, Inc. - Common Stock",Q,S,N
DAUD,"ETNs linked to the VelocityShares Daily 4X Long USD vs. AUD Index",P,,N
DAUG,"FT Cboe Vest U.S. Equity Deep Buffer ETF - August",Z,,Y
DAVA,"Endava plc American Depositary Shares (each representing one Class A Ordinary Share)",N,,N
DAX,"Global X DAX Germany ETF",Q,G,Y
DB,"Deutsche Bank AG Common Stock",N,,N
DBA,"Invesco DB Agriculture Fund",P,,Y
DBAW,"Xtrackers MSCI All World ex US Hedged Equity ETF",P,,Y
DBB,"Invesco DB Base Metals Fund",P,,Y
DBC,"Invesco DB Commodity Index Tracking Fund",P,,Y
DBD,"Diebold Nixdorf Incorporated Common Stock",N,,N
DBE,"Invesco DB Energy Fund",P,,Y
DBEF,"Xtrackers MSCI EAFE Hedged Equity ETF",P,,Y
DBEH,"iM DBi Hedge Strategy ETF",P,,Y
DBEM,"Xtrackers MSCI Emerging Markets Hedged Equity ETF",P,,Y
DBEU,"Xtrackers MSCI Europe Hedged Equity ETF",P,,Y
DBEZ,"Xtrackers MSCI Eurozone Hedged Equity ETF",P,,Y
DBGR,"Xtrackers MSCI Germany Hedged Equity ETF",P,,Y
DBI,"Designer Brands Inc. Class A Common Stock",N,,N
DBJP,"Xtrackers MSCI Japan Hedged Equity ETF",P,,Y
DBL,"DoubleLine Opportunistic Credit Fund Common Shares of Beneficial Interest",N,,N
DBLV,"AdvisorShares DoubleLine Value Equity ETF",P,,Y
DBMF,"iM DBi Managed Futures Strategy ETF ETF",P,,Y
DBO,"Invesco DB Oil Fund",P,,Y
DBP,"Invesco DB Precious Metals Fund",P,,Y
DBS,"Invesco DB Silver Fund",P,,Y
DBV,"Invesco DB G10 Currency Harvest Fund",P,,Y
DBVT,"DBV Technologies S.A. - American Depositary Shares",Q,Q,N
DBX,"Dropbox, Inc. - Class A Common Stock",Q,Q,N
DCAR,"DropCar, Inc. - Common Stock",Q,S,N
DCF,"BNY Mellon Alcentra Global Credit Income 2024 Target Term Fund, Inc. Common Stock",N,,N
DCHF,"ETNs linked to the VelocityShares Daily 4X Long USD vs. CHF Index",P,,N
DCI,"Donaldson Company, Inc. Common Stock",N,,N
DCO,"Ducommun Incorporated Common Stock",N,,N
DCOM,"Dime Community Bancshares, Inc. - Common Stock",Q,Q,N
DCOMP,"Dime Community Bancshares, Inc. - 5.50% Fixed-Rate Non-Cumulative Perpetual Preferred Stock, Series A",Q,S,N
DCP,"DCP Midstream,  LP Common Units ",N,,N
DCPH,"Deciphera Pharmaceuticals, Inc. - Common Stock",Q,Q,N
DCUE,"Dominion Energy, Inc. 2019 Series A Corporate Units",N,,N
DD,"DuPont de Nemours, Inc. Common Stock",N,,N
DDD,"3D Systems Corporation Common Stock",N,,N
DDF,"Delaware Investments Dividend & Income Fund, Inc. Common Stock",N,,N
DDG,"ProShares Short Oil & Gas",P,,Y
DDIV,"First Trust Dorsey Wright Momentum & Dividend ETF",Q,G,Y
DDLS,"WisdomTree Dynamic Currency Hedged International SmallCap Equity Fund",Z,,Y
DDM,"ProShares Ultra Dow30",P,,Y
DDOG,"Datadog, Inc. - Class A Common Stock",Q,Q,N
DDS,"Dillard's, Inc. Common Stock",N,,N
DDT,"Dillard's Capital Trust I",N,,N
DDWM,"WisdomTree Dynamic Currency Hedged International Equity Fund",Z,,Y
DE,"Deere & Company Common Stock",N,,N
DEA,"Easterly Government Properties, Inc. Common Stock",N,,N
DEAC,"Diamond Eagle Acquisition Corp. - Class A Common Stock",Q,S,N
DEACU,"Diamond Eagle Acquisition Corp. - Unit",Q,S,N
DECK,"Deckers Outdoor Corporation Common Stock",N,,N
DEEF,"Xtrackers FTSE Developed ex US Comprehensive Factor ETF",P,,Y
DEF,"Invesco Defensive Equity ETF",P,,Y
DEFA,"iShares Adaptive Currency Hedged MSCI EAFE ETF",Z,,Y
DEI,"Douglas Emmett, Inc. Common Stock",N,,N
DELL,"Dell Technologies Inc. Class C Common Stock ",N,,N
DEM,"WisdomTree Emerging Markets High Dividend Fund",P,,Y
DENN,"Denny's Corporation - Common Stock",Q,S,N
DEO,"Diageo plc Common Stock",N,,N
DES,"WisdomTree U.S. SmallCap Dividend Fund",P,,Y
DESP,"Despegar.com, Corp. Ordinary Shares",N,,N
DEUR,"ETNs linked to the VelocityShares Daily 4X Long USD vs. EUR Index",P,,N
DEUS,"Xtrackers Russell 1000 Comprehensive Factor ETF",P,,Y
DEW,"WisdomTree Global High Dividend Fund",P,,Y
DEX,"Delaware Enhanced Global Dividend Common Shares of Beneficial Interest",N,,N
DFE,"WisdomTree Europe SmallCap Dividend Fund",P,,Y
DFEB,"FT Cboe Vest U.S. Equity Deep Buffer ETF - February",Z,,Y
DFEN,"Direxion Daily Aerospace & Defense Bull 3X Shares",P,,Y
DFFN,"Diffusion Pharmaceuticals Inc. - Common Stock",Q,S,N
DFIN,"Donnelley Financial Solutions, Inc. Common Stock ",N,,N
DFJ,"WisdomTree Japan SmallCap Fund",P,,Y
DFND,"Realty Shares DIVCON Dividend Defender ETF",Z,,Y
DFNL,"Davis Select Financial ETF",Q,G,Y
DFNS,"LGL Systems Acquisition Corp. Common Stock",N,,N
DFP,"Flaherty & Crumrine Dynamic Preferred and Income Fund Inc. Common Stock",N,,N
DFS,"Discover Financial Services Common Stock",N,,N
DFVL,"iPath US Treasury 5 Year Bull ETN",Z,,N
DFVS,"iPath US Treasury 5 Year Bear ETN",Z,,N
DG,"Dollar General Corporation Common Stock",N,,N
DGAZ,"VelocityShares 3X Inverse Natural Gas ETN linked to the S&P GSCI Natural Gas INdex Excess Return",P,,N
DGBP,"ETNs linked to the VelocityShares Daily 4X Long USD vs. GBP Index",P,,N
DGICA,"Donegal Group, Inc. - Class A Common Stock",Q,Q,N
DGICB,"Donegal Group, Inc. - Class B Common Stock",Q,Q,N
DGII,"Digi International Inc. - Common Stock",Q,Q,N
DGL,"Invesco DB Gold Fund",P,,Y
DGLD,"Credit Suisse AG - VelocityShares 3x Inverse Gold ETN",Q,G,N
DGLY,"Digital Ally, Inc. - Common Stock",Q,S,N
DGP,"DB Gold Double Long ETN due February 15, 2038",P,,N
DGRE,"WisdomTree Emerging Markets Quality Dividend Growth Fund",Q,G,Y
DGRO,"iShares Core Dividend Growth ETF",P,,Y
DGRS,"WisdomTree U.S. SmallCap Quality Dividend Growth Fund",Q,G,Y
DGRW,"WisdomTree U.S. Quality Dividend Growth Fund",Q,G,Y
DGS,"WisdomTree Emerging Market SmallCap Fund",P,,Y
DGT,"SPDR Global Dow ETF (based on The Global Dow)",P,,Y
DGX,"Quest Diagnostics Incorporated Common Stock",N,,N
DGZ,"DB Gold Short ETN due February 15, 2038",P,,N
DHC,"Diversified Healthcare Trust  - Common Shares of Beneficial Interest",Q,Q,N
DHCNI,"Diversified Healthcare Trust  - 5.625% Senior Notes due 2042",Q,Q,N
DHF,"BNY Mellon High Yield Strategies Fund Common Stock",N,,N
DHI,"D.R. Horton, Inc. Common Stock",N,,N
DHIL,"Diamond Hill Investment Group, Inc. - Class A Common Stock",Q,Q,N
DHR,"Danaher Corporation Common Stock",N,,N
DHS,"WisdomTree U.S. High Dividend Fund",P,,Y
DHT,"DHT Holdings, Inc.",N,,N
DHX,"DHI Group, Inc. Common Stock",N,,N
DHY,"Credit Suisse High Yield Bond Fund Common Stock",A,,N
DIA,"SPDR Dow Jones Industrial Average ETF",P,,Y
DIAL,"Columbia Diversified Fixed Income Allocation ETF",P,,Y
DIAX,"Nuveen Dow 30SM Dynamic Overwrite Fund Common Shares of Beneficial Interest",N,,N
DIET,"Defiance Next Gen Food & Agriculture ETF",P,,Y
DIG,"ProShares Ultra Oil & Gas",P,,Y
DIM,"WisdomTree International MidCap Dividend Fund",P,,Y
DIN,"Dine Brands Global, Inc. Common Stock",N,,N
DINT,"Davis Select International ETF",Q,G,Y
DIOD,"Diodes Incorporated - Common Stock",Q,Q,N
DIS,"Walt Disney Company (The) Common Stock",N,,N
DISCA,"Discovery, Inc. - Series A Common Stock",Q,Q,N
DISCB,"Discovery, Inc. - Series B Common Stock",Q,Q,N
DISCK,"Discovery, Inc. - Series C Common Stock",Q,Q,N
DISH,"DISH Network Corporation - Class A Common Stock",Q,Q,N
DIT,"AMCON Distributing Company Common Stock",A,,N
DIV,"Global X Super Dividend ETF",P,,Y
DIVA,"AGFiQ Hedged Dividend Income Fund",P,,Y
DIVB,"iShares U.S. Dividend and Buyback ETF",Z,,Y
DIVC,"Citigroup Inc. C-Tracks ETN Miller/Howard Strategic Dividend Reinvestors Due 9/16/2014",P,,N
DIVO,"Amplify CWP Enhanced Dividend Income ETF",P,,Y
DIVY,"Realty Shares DIVS ETF",P,,Y
DJCB,"ETRACS Bloomberg Commodity Index Total Return ETN Series B due October 31, 2039",P,,Y
DJCI,"E-TRACS Linked to the Bloomberg Commodity Index Total Return due October 31, 2039",P,,N
DJCO,"Daily Journal Corp. (S.C.) - Common Stock",Q,S,N
DJD,"Invesco Dow Jones Industrial Average Dividend ETF",P,,Y
DJP,"iPath Bloomberg Commodity Index Total Return ETN",P,,N
DJPY,"ETNs linked to the VelocityShares Daily 4X Long USD vs. JPY Index",P,,N
DK,"Delek US Holdings, Inc. Common Stock",N,,N
DKL,"Delek Logistics Partners, L.P. Common Units representing Limited Partner Interests",N,,N
DKS,"Dick's Sporting Goods Inc Common Stock",N,,N
DL,"China Distance Education Holdings Limited American Depositary Shares",N,,N
DLA,"Delta Apparel, Inc. Common Stock",A,,N
DLB,"Dolby Laboratories Common Stock",N,,N
DLBR,"Citigroup Global Markets Holdings Inc VelocityShares Short LIBOR ETN",P,,Y
DLHC,"DLH Holdings Corp. - Common Stock",Q,S,N
DLN,"WisdomTree U.S. LargeCap Dividend Fund",P,,Y
DLNG,"Dynagas LNG Partners LP Common Units",N,,N
DLPH,"Delphi Technologies PLC Ordinary Shares ",N,,N
DLPN,"Dolphin Entertainment, Inc. - Common Stock",Q,S,N
DLR,"Digital Realty Trust, Inc. Common Stock",N,,N
DLS,"WisdomTree International SmallCap Fund",P,,Y
DLTH,"Duluth Holdings Inc. - Class B Common Stock",Q,Q,N
DLTR,"Dollar Tree, Inc. - Common Stock",Q,Q,N
DLX,"Deluxe Corporation Common Stock",N,,N
DLY,"DoubleLine Yield Opportunities Fund Common Shares of Beneficial Interest",N,,N
DMAC,"DiaMedica Therapeutics Inc. - Common Stock",Q,S,N
DMB,"BNY Mellon Municipal Bond Infrastructure Fund, Inc. Common Stock",N,,N
DMDV,"AAM S&P Developed Markets High Dividend Value ETF",P,,Y
DMF,"BNY Mellon Municipal Income Inc. Common Stock",A,,N
DMLP,"Dorchester Minerals, L.P. - Common Units Representing Limited Partnership Interests",Q,Q,N
DMO,"Western Asset Mortgage Opportunity Fund Inc. Common Stock",N,,N
DMPI,"DelMar Pharmaceuticals, Inc. - Common Stock",Q,S,N
DMRC,"Digimarc Corporation - Common Stock",Q,Q,N
DMRE,"DeltaShares S&P EM 100 & Managed Risk ETF",P,,Y
DMRI,"DeltaShares S&P International Managed Risk ETF",P,,Y
DMRL,"DeltaShares S&P 500 Managed Risk ETF",P,,Y
DMRM,"DeltaShares S&P 400 Managed Risk ETF",P,,Y
DMRS,"DeltaShares S&P 600 Managed Risk ETF",P,,Y
DMTK,"DermTech, Inc. - Common Stock",Q,S,N
DNI,"Dividend and Income Fund Common Stock",N,,N
DNJR,"Golden Bull Limited - Ordinary Share",Q,S,N
DNK,"Phoenix Tree Holdings Limited American Depositary Shares, each representing ten (10) Class A ordinary shares",N,,N
DNKN,"Dunkin' Brands Group, Inc. - Common Stock",Q,Q,N
DNL,"WisdomTree Global ex-US Quality Dividend Growth Fund",P,,Y
DNLI,"Denali Therapeutics Inc. - Common Stock",Q,Q,N
DNN,"Denison Mines Corp Ordinary Shares (Canada)",A,,N
DNOV,"FT Cboe Vest U.S. Equity Deep Buffer ETF - November",Z,,Y
DNOW,"NOW Inc. Common Stock",N,,N
DNP,"DNP Select Income Fund, Inc. Common Stock",N,,N
DNR,"Denbury Resources Inc. Common Stock",N,,N
DO,"Diamond Offshore Drilling, Inc. Common Stock",N,,N
DOC,"Physicians Realty Trust Common Shares of Beneficial Interest",N,,N
DOCU,"DocuSign, Inc. - Common Stock",Q,Q,N
DOG,"ProShares Short Dow30",P,,Y
DOGS,"Arrow Dogs of the World ETF",P,,Y
DOGZ,"Dogness (International) Corporation - Class A Common Stock",Q,G,N
DOL,"WisdomTree International LargeCap Dividend Fund",P,,Y
DOMO,"Domo, Inc. - Class B Common Stock",Q,G,N
DON,"WisdomTree U.S. MidCap Dividend Fund",P,,Y
DOO,"WisdomTree International Dividend Top 100 Fund",P,,Y
DOOO,"BRP Inc. - Common Subordinate Voting Shares",Q,Q,N
DOOR,"Masonite International Corporation Ordinary Shares (Canada)",N,,N
DORM,"Dorman Products, Inc. - Common Stock",Q,Q,N
DOV,"Dover Corporation Common Stock",N,,N
DOW,"Dow Inc. Common Stock ",N,,N
DOX,"Amdocs Limited - Ordinary Shares",Q,Q,N
DOYU,"DouYu International Holdings Limited - American Depositary Shares",Q,Q,N
DPG,"Duff & Phelps Utility and Infrastructure Fund Inc.",N,,N
DPHC,"DiamondPeak Holdings Corp. - Class A Common Stock",Q,S,N
DPHCU,"DiamondPeak Holdings Corp. - Units",Q,S,N
DPST,"Direxion Daily Regional Banks Bull 3X Shares",P,,Y
DPW,"DPW Holdings, Inc. Common Stock",A,,N
DPZ,"Domino's Pizza Inc Common Stock",N,,N
DQ,"DAQO New Energy Corp. American Depositary Shares, each representing five ordinary shares",N,,N
DRAD,"Digirad Corporation - Common Stock",Q,G,N
DRADP,"Digirad Corporation - Series A Cumulative Perpetual Preferred Stock",Q,G,N
DRD,"DRDGOLD Limited American Depositary Shares",N,,N
DRE,"Duke Realty Corporation Common Stock",N,,N
DRH,"Diamondrock Hospitality Company Common Stock",N,,N
DRI,"Darden Restaurants, Inc. Common Stock",N,,N
DRIO,"DarioHealth Corp. - Common Stock",Q,S,N
DRIP,"Direxion Daily S&P Oil & Gas Exp. & Prod. Bear 2X Shares",P,,Y
DRIV,"Global X Autonomous & Electric Vehicles ETF",Q,G,Y
DRN,"Direxion Daily Real Estate Bull 3x Shares",P,,Y
DRNA,"Dicerna Pharmaceuticals, Inc. - Common Stock",Q,Q,N
DRQ,"Dril-Quip, Inc. Common Stock",N,,N
DRR,"Market Vectors Double Short Euro ETN",P,,N
DRRX,"DURECT Corporation - Common Stock",Q,S,N
DRSK,"Aptus Defined Risk ETF ",Z,,Y
DRTT,"DIRTT Environmental Solutions Ltd. - Common Shares",Q,Q,N
DRUA,"Dominion Energy, Inc. 2016 Series A 5.25% Enhanced Junior Subordinated Notes due 2076",N,,N
DRV,"Drexion Daily Real Estate Bear 3x Shares",P,,Y
DRW,"WisdomTree Global ex-US Real Estate Index",P,,Y
DS,"Drive Shack Inc.",N,,N
DSE,"Duff & Phelps Select MLP and Midstream Energy Fund Inc.",N,,N
DSGX,"The Descartes Systems Group Inc. - Common Stock",Q,Q,N
DSI,"iShares MSCI KLD 400 Social ETF",P,,Y
DSKE,"Daseke, Inc. - Common Stock",Q,S,N
DSL,"DoubleLine Income Solutions Fund Common Shares of Beneficial Interests",N,,N
DSLV,"Credit Suisse AG - VelocityShares 3x Inverse Silver ETN",Q,G,N
DSM,"BNY Mellon Strategic Municipal Bond Fund, Inc. Common Stock",N,,N
DSPG,"DSP Group, Inc. - Common Stock",Q,Q,N
DSS,"Document Security Systems, Inc. Common Stock",A,,N
DSSI,"Diamond S Shipping Inc. Common Stock ",N,,N
DSTL,"Distillate U.S. Fundamental Stability & Value ETF",P,,Y
DSU,"Blackrock Debt Strategies Fund, Inc. Common Stock",N,,N
DSWL,"Deswell Industries, Inc. - Common Shares",Q,G,N
DSX,"Diana Shipping inc. common stock",N,,N
DT,"Dynatrace, Inc. Common Stock",N,,N
DTD,"WisdomTree U.S. Total Dividend Fund",P,,Y
DTE,"DTE Energy Company Common Stock",N,,N
DTEA,"DAVIDsTEA Inc. - Common Stock",Q,G,N
DTEC,"ALPS ETF Trust ALPS Disruptive Technologies ETF",Z,,Y
DTF,"DTF Tax-Free Income, Inc. Common Stock",N,,N
DTH,"WisdomTree International High Dividend Fund",P,,Y
DTIL,"Precision BioSciences, Inc. - Common Stock",Q,Q,N
DTJ,"DTE Energy Company 2016 Series B 5.375% Junior Subordinated Debentures due 2076",N,,N
DTN,"WisdomTree U.S. Dividend ex-Financials Fund",P,,Y
DTO,"DB Crude Oil Double Short ETN due June 1, 2038",P,,N
DTP,"DTE Energy Company 6.25% Corporate Units",N,,N
DTQ,"DTE Energy Company 2012 Series C 5.25% Junior Subordinate Debentures due December 1, 2062",N,,N
DTSS,"Datasea Inc. - Common Stock",Q,S,N
DTUL,"iPath US Treasury 2 Yr Bull ETN",Z,,N
DTUS,"iPath US Treasury 2 Yr Bear ETN",Z,,N
DTW,"DTE Energy Company 2017 Series E 5.25% Junior Subordinated Debentures due 2077",N,,N
DTY,"DTE Energy Company 2016 Series F 6.00% Junior Subordinated Debentures due 2076",N,,N
DTYL,"iPath US Treasury 10 Yr Bull ETN",Z,,N
DUC,"Duff & Phelps Utility & Corporate Bond Trust, Inc. Common Stock",N,,N
DUG,"ProShares UltraShort Oil & Gas",P,,Y
DUK,"Duke Energy Corporation (Holding Company) Common Stock",N,,N
DUKB,"Duke Energy Corporation 5.625% Junior Subordinated Debentures due 2078",N,,N
DUKH,"Duke Energy Corporation 5.125% Junior Subordinated Debentures due 2073",N,,N
DUO,"Fangdd Network Group Ltd. - American Depositary Shares",Q,G,N
DUOT,"Duos Technologies Group, Inc. - Common Stock",Q,S,N
DURA,"VanEck Vectors Morningstar Durable Dividend ETF",Z,,Y
DUSA,"Davis Select U.S. Equity ETF",Q,G,Y
DUSL,"Direxion Daily Industrials Bull 3X Shares",P,,Y
DUST,"Direxion Daily Gold Miners Index Bear 2X Shares",P,,Y
DVA,"DaVita Inc. Common Stock",N,,N
DVAX,"Dynavax Technologies Corporation - Common Stock",Q,S,N
DVD,"Dover Motorsports, Inc. Common Stock",N,,N
DVLU,"First Trust Dorsey Wright Momentum & Value ETF",Q,G,Y
DVN,"Devon Energy Corporation Common Stock",N,,N
DVOL,"First Trust Dorsey Wright Momentum & Low Volatility ETF",Q,G,Y
DVOP,"Source Dividend Opportunity ETF",Z,,Y
DVP,"Deep Value ETF",P,,Y
DVY,"iShares Select Dividend ETF",Q,G,Y
DVYA,"iShares Asia / Pacific Dividend 30 Index Fund Exchange Traded Fund",P,,Y
DVYE,"iShares Emerging Markets Dividend Index Fund Exchange Traded Fund",P,,Y
DWAS,"Invesco DWA SmallCap Momentum ETF",Q,G,Y
DWAT,"Arrow DWA Tactical ETF",Q,G,Y
DWAW,"AdvisorShares Dorsey Wright FSM All Cap World ETF",Q,G,Y
DWCR,"Arrow DWA Country Rotation ETF",Q,G,Y
DWEQ,"AdvisorShares Dorsey Wright Alpha Equal Weight ETF",Q,G,Y
DWFI,"SPDR Dorsey Wright Fixed Income Allocation ETF",Q,G,Y
DWLD,"Davis Select Worldwide ETF",Q,G,Y
DWM,"WisdomTree International Equity Fund",P,,Y
DWMC,"AdvisorShares Dorsey Wright Micro-Cap ETF",Q,G,Y
DWMF,"WisdomTree International Multifactor Fund",P,,Y
DWPP,"First Trust Dorsey Wright People's Portfolio ETF",Q,G,Y
DWSH,"AdvisorShares Dorsey Wright Short ETF",Q,G,Y
DWSN,"Dawson Geophysical Company - Common Stock",Q,Q,N
DWT,"VelocityShares 3x Inverse Crude Oil ETNs linked to the S&P GSCI Crude Oil Index ER",P,,Y
DWUS,"AdvisorShares Dorsey Wright FSM US Core ETF",Q,G,Y
DWX,"SPDR S&P International Dividend ETF",P,,Y
DX,"Dynex Capital, Inc. Common Stock",N,,N
DXB,"Deutsche Bk Contingent Cap TR II Tr Pfd Sec",N,,N
DXC,"DXC Technology Company Common Stock ",N,,N
DXCM,"DexCom, Inc. - Common Stock",Q,Q,N
DXD,"ProShares UltraShort Dow30",P,,Y
DXF,"Dunxin Financial Holdings Limited American Depositary Shares",A,,N
DXGE,"WisdomTree Germany Hedged Equity Fund",Q,G,Y
DXJ,"WisdomTree Japan Hedged Equity Fund",P,,Y
DXJS,"WisdomTree Japan Hedged SmallCap Equity Fund",Q,G,Y
DXLG,"Destination XL Group, Inc. - Common Stock",Q,Q,N
DXPE,"DXP Enterprises, Inc. - Common Stock",Q,Q,N
DXR,"Daxor Corporation Common Stock",A,,N
DXYN,"The Dixie Group, Inc. - Common Stock",Q,G,N
DY,"Dycom Industries, Inc. Common Stock",N,,N
DYAI,"Dyadic International, Inc. - Common Stock",Q,S,N
DYLS,"WisdomTree Dynamic Long/Short U.S. Equity Fund",Z,,Y
DYNF,"BlackRock U.S. Equity Factor Rotation ETF",P,,Y
DYNT,"Dynatronics Corporation - Common Stock",Q,S,N
DZK,"Direxion Developed Markets Bull 3x Shares",P,,Y
DZSI,"DASAN Zhone Solutions, Inc. - Common Stock",Q,S,N
DZZ,"DB Gold Double Short ETN due February 15, 2038",P,,N
E,"ENI S.p.A. Common Stock",N,,N
EA,"Electronic Arts Inc. - Common Stock",Q,Q,N
EAB,"Entergy Arkansas, LLC First Mortgage Bonds, 4.90% Series Due December 1, 2052",N,,N
EAD,"Wells Fargo Income Opportunities Fund Common Shares",A,,N
EAE,"Entergy Arkansas, LLC First Mortgage Bonds, 4.75% Series due June 1, 2063",N,,N
EAF,"GrafTech International Ltd. Common Stock",N,,N
EAGG,"iShares ESG U.S. Aggregate Bond ETF",P,,Y
EAI,"Entergy Arkansas, LLC First Mortgage Bonds, 4.875% Series Due September 1, 2066",N,,N
EARN,"Ellington Residential Mortgage REIT Common Shares of Beneficial Interest",N,,N
EARS,"Auris Medical Holding Ltd. - Common Shares",Q,S,N
EASG,"Xtrackers MSCI EAFE ESG Leaders Equity ETF",P,,Y
EASI,"Amplify ETF Trust ETF",P,,Y
EAST,"Eastside Distilling, Inc. - Common Stock",Q,S,N
EAT,"Brinker International, Inc. Common Stock",N,,N
EB,"Eventbrite, Inc. Class A Common Stock",N,,N
EBAY,"eBay Inc. - Common Stock",Q,Q,N
EBAYL,"eBay Inc. - 6.0% Notes Due 2056",Q,Q,N
EBF,"Ennis, Inc. Common Stock",N,,N
EBIX,"Ebix, Inc. - Common Stock",Q,Q,N
EBIZ,"Global X E-commerce ETF",Q,G,Y
EBMT,"Eagle Bancorp Montana, Inc. - Common Stock",Q,G,N
EBND,"SPDR Bloomberg Barclays Emerging Markets Local Bond ETF",P,,Y
EBR,"Centrais Electricas Brasileiras S A American Depositary Shares (Each representing one Common Share)",N,,N
EBS,"Emergent Biosolutions, Inc. Common Stock",N,,N
EBSB,"Meridian Bancorp, Inc. - Common Stock",Q,Q,N
EBTC,"Enterprise Bancorp Inc - Common Stock",Q,Q,N
EC,"Ecopetrol S.A. American Depositary Shares",N,,N
ECC,"Eagle Point Credit Company Inc. Common Stock",N,,N
ECCB,"Eagle Point Credit Company Inc. 7.75% Series B Term Preferred Stock due 2026",N,,N
ECCX,"Eagle Point Credit Company Inc. 6.6875% Notes due 2028",N,,N
ECCY,"Eagle Point Credit Company Inc. 6.75% Notes due 2027",N,,N
ECF,"Ellsworth Growth and Income Fund Ltd.",A,,N
ECH,"iShares Inc. iShares MSCI Chile ETF",Z,,Y
ECHO,"Echo Global Logistics, Inc. - Common Stock",Q,Q,N
ECL,"Ecolab Inc. Common Stock",N,,N
ECLN,"First Trust EIP Carbon Impact ETF",P,,Y
ECNS,"iShares MSCI China Small-Cap ETF",P,,Y
ECOL,"US Ecology, Inc. - Common Stock",Q,Q,N
ECOM,"ChannelAdvisor Corporation Common Stock",N,,N
ECON,"Columbia Emerging Markets Consumer ETF",P,,Y
ECOR,"electroCore, Inc. - Common Stock",Q,Q,N
ECOW,"Pacer Emerging Markets Cash Cows 100 ETF",Q,G,Y
ECOZ,"TrueMark ESG Active Opportunities ETF",P,,Y
ECPG,"Encore Capital Group Inc - Common Stock",Q,Q,N
ECT,"ECA Marcellus Trust I Common Units of Beneficial Interest",N,,N
ED,"Consolidated Edison, Inc. Common Stock",N,,N
EDAP,"EDAP TMS S.A. - American Depositary Shares, each representing One Ordinary Share",Q,G,N
EDC,"Direxion Emerging Markets Bull 3X Shares",P,,Y
EDD,"Morgan Stanley Emerging Markets Domestic Debt Fund, Inc. Morgan Stanley Emerging Markets Domestic Debt Fund, Inc. Common Stock",N,,N
EDEN,"iShares Inc iShares MSCI Denmark ETF",Z,,Y
EDF,"Stone Harbor Emerging Markets Income Fund Common Shares of Beneficial Interest",N,,N
EDI,"Stone Harbor Emerging Markets Total Income Fund Common Shares of Beneficial Interests",N,,N
EDIT,"Editas Medicine, Inc. - Common Stock",Q,Q,N
EDIV,"SPDR S&P Emerging Markets Dividend ETF",P,,Y
EDN,"Empresa Distribuidora Y Comercializadora Norte S.A. (Edenor) Empresa Distribuidora Y Comercializadora Norte S.A. (Edenor) American Depositary Shares",N,,N
EDNT,"Edison Nation, Inc. - Common Stock",Q,S,N
EDOG,"ALPS Emerging Sector Dividend Dogs ETF",P,,Y
EDOW,"First Trust Dow 30 Equal Weight ETF",P,,Y
EDRY,"EuroDry Ltd. - Common Shares",Q,S,N
EDSA,"Edesa Biotech, Inc. - Common Shares",Q,S,N
EDU,"New Oriental Education & Technology Group, Inc. Sponsored ADR representing 1 Ordinary Share (Cayman Islands)",N,,N
EDUC,"Educational Development Corporation - Common Stock",Q,G,N
EDV,"Vanguard Extended Duration Treasury ETF",P,,Y
EDZ,"Direxion Emerging Markets Bear 3X Shares",P,,Y
EE,"El Paso Electric Company Common Stock",N,,N
EEA,"The European Equity Fund, Inc. Common Stock",N,,N
EEFT,"Euronet Worldwide, Inc. - Common Stock",Q,Q,N
EEH,"Aktiebolaget Svensk Exportkredit (Swed Ex Cred Corp) Elements (SM) Linked to the SPECTRUM Large Cap U.S. Sector Momentum Index developed by BNP Paribas due August 8, 2022, Medium-Term Notes, Series D",P,,N
EELV,"Invesco S&P Emerging Markets Low Volatility ETF",P,,Y
EEM,"iShares MSCI Emerging Index Fund",P,,Y
EEMA,"iShares MSCI Emerging Markets Asia ETF",Q,G,Y
EEMD,"AAM S&P Emerging Markets High Dividend Value ETF",P,,Y
EEMO,"Invesco S&P Emerging Markets Momentum ETF",P,,Y
EEMS,"Ishares MSCI Emerging Markets Small Cap Index Fund",P,,Y
EEMV,"iShares Edge MSCI Min Vol Emerging Markets ETF",Z,,Y
EEMX,"SPDR MSCI Emerging Markets Fuel Reserves Free ETF",P,,Y
EES,"WisdomTree U.S. SmallCap Fund",P,,Y
EET,"ProShares Ultra MSCI Emerging Markets",P,,Y
EEV,"ProShares UltraShort MSCI Emerging Markets",P,,Y
EEX,"Emerald Holding, Inc. Common Stock",N,,N
EFA,"iShares MSCI EAFE ETF",P,,Y
EFAD,"ProShares Trust ProShares MSCI EAFE Dividend Growers ETF",Z,,Y
EFAS,"Global X MSCI SuperDividend EAFE ETF",Q,G,Y
EFAV,"iShares Edge MSCI Min Vol EAFE ETF",Z,,Y
EFAX,"SPDR MSCI EAFE Fossil Fuel Reserves Free ETF",P,,Y
EFC,"Ellington Financial Inc. Common Stock ",N,,N
EFF,"Eaton vance Floating-Rate Income Plus Fund Common Shares of Beneficial Interest",N,,N
EFG,"iShares MSCI EAFE Growth ETF",Z,,Y
EFL,"Eaton Vance Floating-Rate 2022 Target Term Trust Common Shares of Beneficial Interest",N,,N
EFNL,"iShares Inc iShares MSCI Finland ETF",Z,,Y
EFO,"ProShares Ultra MSCI EAFE",P,,Y
EFOI,"Energy Focus, Inc. - Common Stock",Q,S,N
EFR,"Eaton Vance Senior Floating-Rate Fund Common Shares of Beneficial Interest",N,,N
EFSC,"Enterprise Financial Services Corporation - Common Stock",Q,Q,N
EFT,"Eaton Vance Floating Rate Income Trust Common Shares of Beneficial Interest",N,,N
EFU,"ProShares UltraShort MSCI EAFE",P,,Y
EFV,"iShares MSCI EAFE Value ETF",Z,,Y
EFX,"Equifax, Inc. Common Stock",N,,N
EFZ,"ProShares Short MSCI EAFE",P,,Y
EGAN,"eGain Corporation - Common Stock",Q,S,N
EGBN,"Eagle Bancorp, Inc. - Common Stock",Q,S,N
EGF,"Blackrock Enhanced Government Fund, Inc. Common Stock",N,,N
EGHT,"8x8 Inc Common Stock",N,,N
EGIF,"Eagle Growth and Income Opportunities Fund Common Shares of Beneficial Interest",N,,N
EGLE,"Eagle Bulk Shipping Inc. - Common Stock",Q,Q,N
EGO,"Eldorado Gold Corporation Ordinary Shares",N,,N
EGOV,"NIC Inc. - Common Stock",Q,Q,N
EGP,"EastGroup Properties, Inc. Common Stock",N,,N
EGPT,"VanEck Vectors Egypt Index ETF",P,,Y
EGRX,"Eagle Pharmaceuticals, Inc. - Common Stock",Q,G,N
EGY,"VAALCO Energy, Inc.  Common Stock",N,,N
EH,"EHang Holdings Limited - ADS",Q,G,N
EHC,"Encompass Health Corporation Common Stock",N,,N
EHI,"Western Asset Global High Income Fund Inc Common Stock",N,,N
EHT,"Eaton Vance High Income 2021 Target Term Trust Common Shares of Beneficial Interest",N,,N
EHTH,"eHealth, Inc. - Common Stock",Q,Q,N
EIC,"Eagle Point Income Company Inc. Common Stock",N,,N
EIDO,"iShares MSCI Indonesia ETF",P,,Y
EIDX,"Eidos Therapeutics, Inc. - Common Stock",Q,Q,N
EIG,"Employers Holdings Inc Common Stock",N,,N
EIGI,"Endurance International Group Holdings, Inc. - Common Stock",Q,Q,N
EIGR,"Eiger BioPharmaceuticals, Inc. - Common Stock",Q,G,N
EIM,"Eaton Vance Municipal Bond Fund Common Shares of Beneficial Interest, $.01 par value",A,,N
EINC,"VanEck Vectors Energy Income ETF",P,,Y
EIRL,"iShares Trust iShares MSCI Ireland ETF",P,,Y
EIS,"iShares Inc iShares MSCI Israel ETF",P,,Y
EIX,"Edison International Common Stock",N,,N
EJAN,"Innovator ETFs Trust Innovator MSCI Emerging Markets Power Buffer ETF - January",P,,Y
EJUL,"Innovator MSCI Emerging Markets Power Buffer ETF - July",P,,Y
EKAR,"Ideanomics NextGen Vehicles and Technology ETF",P,,Y
EKSO,"Ekso Bionics Holdings, Inc. - Common Stock",Q,S,N
EL,"Estee Lauder Companies, Inc. (The) Common Stock",N,,N
ELA,"Envela Corporation Common Stock",A,,N
ELAN,"Elanco Animal Health Incorporated Common Stock",N,,N
ELAT,"Elanco Animal Health Incorporated 5.00% Tangible Equity Units",N,,N
ELC,"Entergy Louisiana, Inc. Collateral Trust Mortgage Bonds, 4.875 % Series due September 1, 2066",N,,N
ELD,"WisdomTree Emerging Markets Local Debt Fund",P,,Y
ELF,"e.l.f. Beauty, Inc. Common Stock",N,,N
ELGX,"Endologix, Inc. - Common Stock",Q,Q,N
ELJ,"Entergy Louisiana, Inc. First Mortgage Bonds, 5.25% Series due July 1, 2052",N,,N
ELLO,"Ellomay Capital Ltd Ordinary Shares (Israel)",A,,N
ELMD,"Electromed, Inc. Common Stock",A,,N
ELOX,"Eloxx Pharmaceuticals, Inc. - Common Stock",Q,G,N
ELP,"Companhia Paranaense de Energia (COPEL) Common Stock",N,,N
ELS,"Equity Lifestyle Properties, Inc. Common Stock",N,,N
ELSE,"Electro-Sensors, Inc. - Common Stock",Q,S,N
ELTK,"Eltek Ltd. - Ordinary Shares",Q,S,N
ELU,"Entergy Louisiana, Inc. First Mortgage Bonds, 4.70% Series due June 1, 2063",N,,N
ELVT,"Elevate Credit, Inc. Common Stock",N,,N
ELY,"Callaway Golf Company Common Stock",N,,N
EMAG,"VanEck Vectors Emerging Markets Aggregate Bond ETF",P,,Y
EMAN,"eMagin Corporation Common Stock",A,,N
EMB,"iShares J.P. Morgan USD Emerging Markets Bond ETF",Q,G,Y
EMBH,"iShares Interest Rate Hedged Emerging Markets Bond ETF",P,,Y
EMCB,"WisdomTree Emerging Markets Corporate Bond Fund",Q,G,Y
EMCF,"Emclaire Financial Corp - Common Stock",Q,S,N
EMCG,"WisdomTree Emerging Markets Consumer Growth Fund",Q,G,Y
EMD,"Western Asset Emerging Markets Debt Fund Inc Common Stock",N,,N
EMDV,"ProShares MSCI Emerging Markets Dividend Growers ETF",Z,,Y
EME,"EMCOR Group, Inc. Common Stock",N,,N
EMF,"Templeton Emerging Markets Fund Common Stock",N,,N
EMFM,"Global X MSCI Next Emerging & Frontier ETF",P,,Y
EMGF,"iShares Edge MSCI Multifactor Emerging Markets ETF",Z,,Y
EMHY,"iShares J.P. Morgan EM High Yield Bond ETF",Z,,Y
EMIF,"iShares S&P Emerging Markets Infrastructure Index Fund",Q,G,Y
EMIH,"Xtrackers Emerging Markets Bond - Interest Rate Hedged ETF",Z,,Y
EMKR,"EMCORE Corporation - Common Stock",Q,G,N
EML,"Eastern Company (The) - Common Stock",Q,G,N
EMLC,"VanEck Vectors J.P. Morgan EM Local Currency Bond ETF",P,,Y
EMLP,"First Trust North American Energy Infrastructure Fund",P,,Y
EMMF,"WisdomTree Emerging Markets Multifactor Fund",P,,Y
EMMS,"Emmis Communications Corporation - Class A Common Stock",Q,Q,N
EMN,"Eastman Chemical Company Common Stock",N,,N
EMNT,"PIMCO Enhanced Short Maturity Active ESG Exchange-Traded Fund",P,,Y
EMO,"ClearBridge Energy Midstream Opportunity Fund Inc. Common Stock",N,,N
EMP,"Entergy Mississippi, LLC First Mortgage Bonds, 4.90% Series Due October 1, 2066",N,,N
EMQQ,"Emerging Markets Internet and Ecommerce ETF (The)",P,,Y
EMR,"Emerson Electric Company Common Stock",N,,N
EMSG,"Xtrackers MSCI Emerging Markets ESG Leaders Equity ETF",P,,Y
EMSH,"ProShares Short Term USD Emerging Markets Bond ETF",Z,,Y
EMTL,"SPDR DoubleLine Emerging Markets Fixed Income ETF",Z,,Y
EMTY,"ProShares Decline of the Retail Store ETF",P,,Y
EMX,"EMX Royalty Corporation Common Shares (Canada)",A,,N
EMXC,"iShares MSCI Emerging Markets ex China ETF",Q,G,Y
ENB,"Enbridge Inc Common Stock",N,,N
ENBA,"Enbridge Inc 6.375% Fixed-to-Floating Rate Subordinated Notes Series 2018-B due 2078",N,,N
ENBL,"Enable Midstream Partners, LP Common Units representing limited partner interests",N,,N
ENDP,"Endo International plc - Ordinary Shares",Q,Q,N
ENFR,"Alerian Energy Infrastructure ETF",P,,Y
ENG,"ENGlobal Corporation - Common Stock",Q,S,N
ENIA,"Enel Americas S.A. American Depositary Shares",N,,N
ENIC,"Enel Chile S.A. American Depositary Shares (Each representing 50 shares of Common Stock)",N,,N
ENJ,"Entergy New Orleans, LLC First Mortgage Bonds, 5.0% Series due December 1, 2052",N,,N
ENLC,"EnLink Midstream, LLC Common Units representing Limited Partner Interests",N,,N
ENLV,"Enlivex Therapeutics Ltd. - Ordinary Shares",Q,S,N
ENO,"Entergy New Orleans, LLC First Mortgage Bonds, 5.50% Series due April 1, 2066",N,,N
ENOB,"Enochian Biosciences, Inc. - Common Stock",Q,S,N
ENOR,"iShares Inc iShares MSCI Norway ETF",Z,,Y
ENPH,"Enphase Energy, Inc. - Common Stock",Q,G,N
ENR,"Energizer Holdings, Inc. Common Stock",N,,N
ENS,"EnerSys Common Stock",N,,N
ENSG,"The Ensign Group, Inc. - Common Stock",Q,Q,N
ENSV,"Enservco Corporation Common Stock",A,,N
ENT,"Global Eagle Entertainment Inc. - Common Stock",Q,S,N
ENTA,"Enanta Pharmaceuticals, Inc. - Common Stock",Q,Q,N
ENTG,"Entegris, Inc. - Common Stock",Q,Q,N
ENTR,"ERShares Entrepreneur 30 ETF",P,,Y
ENTX,"Entera Bio Ltd. - Ordinary Shares",Q,S,N
ENV,"Envestnet, Inc Common Stock",N,,N
ENVA,"Enova International, Inc. Common Stock",N,,N
ENX,"Eaton Vance New York Municipal Bond Fund Common Shares of Beneficial Interest, $.01 par value",A,,N
ENZ,"Enzo Biochem, Inc. Common Stock ($0.01 Par Value)",N,,N
ENZL,"iShares MSCI New Zealand ETF",Q,G,Y
EOD,"Wells Fargo Global Dividend Opportunity Fund",N,,N
EOG,"EOG Resources, Inc. Common Stock",N,,N
EOI,"Eaton Vance Enhance Equity Income Fund Eaton Vance Enhanced Equity Income Fund Shares of Beneficial Interest",N,,N
EOLS,"Evolus, Inc. - Common Stock",Q,G,N
EOS,"Eaton Vance Enhance Equity Income Fund II Common Stock",N,,N
EOT,"Eaton Vance Municipal Income Trust EATON VANCE NATIONAL MUNICIPAL OPPORTUNITIES TRUST",N,,N
EPAC,"Enerpac Tool Group Corp. Common Stock",N,,N
EPAM,"EPAM Systems, Inc. Common Stock",N,,N
EPAY,"Bottomline Technologies, Inc. - Common Stock",Q,Q,N
EPC,"Edgewell Personal Care Company Common Stock",N,,N
EPD,"Enterprise Products Partners L.P. Common Stock",N,,N
EPHE,"iShares MSCI Philippines ETF",P,,Y
EPI,"WisdomTree India Earnings Fund",P,,Y
EPIX,"ESSA Pharma Inc. - Common Stock",Q,S,N
EPM,"Evolution Petroleum Corporation, Inc. Common Stock",A,,N
EPOL,"iShares Trust iShares MSCI Poland ETF",P,,Y
EPP,"iShares MSCI Pacific Ex-Japan Index Fund",P,,Y
EPR,"EPR Properties Common Stock",N,,N
EPRF,"Innovator S&P Investment Grade Preferred ETF",Z,,Y
EPRT,"Essential Properties Realty Trust, Inc. Common Stock",N,,N
EPS,"WisdomTree U.S. LargeCap Fund",P,,Y
EPSN,"Epsilon Energy Ltd. - Common Shares",Q,G,N
EPU,"iShares Trust iShares MSCI Peru ETF",P,,Y
EPV,"ProShares UltraShort FTSE Europe ETF",P,,Y
EPZM,"Epizyme, Inc. - Common Stock",Q,Q,N
EQ,"Equillium, Inc. - Common Stock",Q,G,N
EQAL,"Invesco Russell 1000 Equal Weight ETF",P,,Y
EQBK,"Equity Bancshares, Inc. - Class A Common Stock",Q,Q,N
EQC,"Equity Commonwealth Common Shares of Beneficial Interest",N,,N
EQH,"Equitable Holdings, Inc. Common Stock",N,,N
EQIX,"Equinix, Inc. - Common Stock",Q,Q,N
EQL,"ALPS Equal Sector Weight ETF",P,,Y
EQM,"EQM Midstream Partners, LP Common Units representing Limited Partner Interests",N,,N
EQNR,"Equinor ASA",N,,N
EQR,"Equity Residential Common Shares of Beneficial Interest",N,,N
EQRR,"ProShares Equities for Rising Rates ETF",Q,G,Y
EQS,"Equus Total Return, Inc. Common Stock",N,,N
EQT,"EQT Corporation Common Stock",N,,N
EQWL,"Invesco S&P 100 Equal Weight ETF",P,,Y
EQX,"Equinox Gold Corp. Common Shares",A,,N
ERA,"Era Group, Inc. Common Stock",N,,N
ERC,"Wells Fargo Multi-Sector Income Fund Common Stock, no par value",A,,N
ERF,"Enerplus Corporation Common Stock",N,,N
ERH,"Wells Fargo Utilities and High Income Fund",A,,N
ERI,"Eldorado Resorts, Inc. - Common Stock",Q,Q,N
ERIC,"Ericsson - American Depositary Shares each representing 1 underlying Class B share",Q,Q,N
ERIE,"Erie Indemnity Company - Class A Common Stock",Q,Q,N
ERII,"Energy Recovery, Inc. - Common Stock",Q,Q,N
ERJ,"Embraer S.A. Common Stock",N,,N
ERM,"EquityCompass Risk Manager ETF",P,,Y
EROS,"Eros International PLC A Ordinary Shares",N,,N
ERSX,"ERShares Non-US Small Cap ETF",P,,Y
ERUS,"iShares MSCI iShares MSCI Russia ETF ",P,,Y
ERX,"Direxion Energy Bull 2X Shares",P,,Y
ERY,"Direxion Daily Energy Bear 2X Shares",P,,Y
ERYP,"Erytech Pharma S.A. - American Depositary Shares",Q,Q,N
ES,"Eversource Energy (D/B/A) Common Stock",N,,N
ESBA,"Empire State Realty OP, L.P. Series ES Operating Partnership Units Representing Limited Partnership Interests",P,,N
ESBK,"Elmira Savings Bank NY (The) - Common Stock",Q,S,N
ESCA,"Escalade, Incorporated - Common Stock",Q,G,N
ESE,"ESCO Technologies Inc. Common Stock",N,,N
ESEA,"Euroseas Ltd. - Common Stock",Q,S,N
ESG,"FlexShares Trust FlexShares STOXX US ESG Impact Index Fund",Z,,Y
ESGD,"iShares ESG MSCI EAFE ETF",Q,G,Y
ESGE,"iShares ESG MSCI EM ETF",Q,G,Y
ESGG,"FlexShares Trust FlexShares STOXX Global ESG Impact Index Fund",Z,,Y
ESGN,"Columbia Sustainable International Equity Income ETF",P,,Y
ESGR,"Enstar Group Limited - Ordinary Shares",Q,Q,N
ESGRO,"Enstar Group Limited - Depository Shares 7.00% Perpetual Non-Cumulative Preference Shares, Series E",Q,Q,N
ESGRP,"Enstar Group Limited - Depositary Shares Each Representing 1/1000th of an interest in Preference Shares",Q,Q,N
ESGS,"Columbia Sustainable U.S. Equity Income ETF",P,,Y
ESGU,"iShares ESG MSCI USA ETF",Q,G,Y
ESGV,"Vanguard ESG U.S. Stock ETF",Z,,Y
ESI,"Element Solutions Inc. Common Stock",N,,N
ESLT,"Elbit Systems Ltd. - Ordinary Shares",Q,Q,N
ESML,"iShares ESG MSCI USA Small-Cap ETF",Z,,Y
ESNG,"Direxion MSCI USA ESG - Leaders vs. Laggards ETF",P,,Y
ESNT,"Essent Group Ltd. Common Shares",N,,N
ESP,"Espey Mfg. & Electronics Corp. Common Stock",A,,N
ESPO,"VanEck Vectors Video Gaming and eSports ETF",Q,G,Y
ESPR,"Esperion Therapeutics, Inc. - Common Stock",Q,G,N
ESQ,"Esquire Financial Holdings, Inc. - Common Stock",Q,S,N
ESRT,"Empire State Realty Trust, Inc. Class A Common Stock",N,,N
ESS,"Essex Property Trust, Inc. Common Stock",N,,N
ESSA,"ESSA Bancorp, Inc. - common stock",Q,Q,N
ESSC,"East Stone Acquisition Corporation - Ordinary Shares",Q,S,N
ESSCU,"East Stone Acquisition Corporation - Unit",Q,S,N
ESTA,"Establishment Labs Holdings Inc. - Common Shares",Q,S,N
ESTC,"Elastic N.V. Ordinary Shares",N,,N
ESTE,"Earthstone Energy, Inc. Class A Common Stock",N,,N
ESXB,"Community Bankers Trust Corporation. - Common Stock",Q,S,N
ET,"Energy Transfer LP Common Units ",N,,N
ETB,"Eaton Vance Tax-Managed Buy-Write Income Fund Eaton Vance Tax-Managed Buy-Write Income Fund Common Shares of Beneficial Interest",N,,N
ETFC,"E*TRADE Financial Corporation - Common Stock",Q,Q,N
ETG,"Eaton Vance Tax-Advantaged Global Dividend Income Fund Common Shares of Beneficial Interest",N,,N
ETH,"Ethan Allen Interiors Inc. Common Stock",N,,N
ETHO,"Etho Climate Leadership U.S. ETF",P,,Y
ETJ,"Eaton Vance Risk-Managed Diversified Equity Income Fund Common Shares of Beneficial Interest",N,,N
ETM,"Entercom Communications Corp. Common Stock",N,,N
ETN,"Eaton Corporation, PLC Ordinary Shares",N,,N
ETNB,"89bio, Inc. - Common Stock",Q,G,N
ETO,"Eaton Vance Tax-Advantage Global Dividend Opp Common Stock",N,,N
ETON,"Eton Pharmaceuticals, Inc. - Common Stock",Q,G,N
ETR,"Entergy Corporation Common Stock",N,,N
ETRN,"Equitrans Midstream Corporation Common Stock ",N,,N
ETSY,"Etsy, Inc. - Common Stock",Q,Q,N
ETTX,"Entasis Therapeutics Holdings Inc. - Common Stock",Q,G,N
ETV,"Eaton Vance Corporation Eaton Vance Tax-Managed Buy-Write Opportunities Fund Common Shares of Beneficial Interest",N,,N
ETW,"Eaton Vance Corporation Eaton Vance Tax-Managed Global Buy-Write Opportunites Fund Common Shares of Beneficial Interest",N,,N
ETX,"Eaton Vance Municipal Income 2028 Term Trust Common Shares of Beneficial Interest",N,,N
ETY,"Eaton Vance Tax-Managed Diversified Equity Income Fund Common Shares of Beneficial Interest,",N,,N
EUDG,"WisdomTree Europe Quality Dividend Growth Fund",P,,Y
EUDV,"ProShares MSCI Europe Dividend Growers ETF",Z,,Y
EUFN,"iShares MSCI Europe Financials Sector Index Fund",Q,G,Y
EUFX,"ProShares Short Euro",P,,N
EUM,"ProShares Short MSCI Emerging Markets",P,,Y
EUMF,"WisdomTree Europe Multifactor Fund",Z,,Y
EUMV,"iShares Edge MSCI Min Vol Europe ETF",P,,Y
EUO,"ProShares UltraShort Euro",P,,Y
EURL,"Direxion Daily FTSE Europe Bull 3x Shares",P,,Y
EURN,"Euronav NV Ordinary Shares",N,,N
EURZ,"Xtrackers Eurozone Equity ETF",Z,,Y
EUSA,"iShares MSCI USA Equal Weighted ETF",P,,Y
EUSC,"WisdomTree Europe Hedged SmallCap Equity Fund",P,,Y
EV,"Eaton Vance Corporation Common Stock",N,,N
EVA,"Enviva Partners, LP Common units representing limited partner interests",N,,N
EVBG,"Everbridge, Inc. - Common Stock",Q,G,N
EVBN,"Evans Bancorp, Inc. Common Stock",A,,N
EVC,"Entravision Communications Corporation Common Stock",N,,N
EVER,"EverQuote, Inc. - Class A Common Stock",Q,G,N
EVF,"Eaton Vance Senior Income Trust Common Stock",N,,N
EVFM,"Evofem Biosciences, Inc. - Common Stock",Q,S,N
EVG,"Eaton Vance Short Diversified Income Fund Eaton Vance Short Duration Diversified Income Fund Common Shares of Beneficial Interest",N,,N
EVGBC,"Eaton Vance NextShares Trust - Eaton Vance Global Income Builder NextShares",Q,G,N
EVGN,"Evogene Ltd. - Ordinary Shares",Q,G,N
EVH,"Evolent Health, Inc Class A Common Stock",N,,N
EVI,"EVI Industries, Inc.  Common Stock",A,,N
EVIX,"VelocityShares 1x Long VSTOXX Futures ETN",Z,,Y
EVK,"Ever-Glory International Group, Inc. - Common Stock",Q,G,N
EVLMC,"Eaton Vance NextShares Trust II - Eaton Vance TABS 5-to-15 Year Laddered Municipal Bond NextShares",Q,G,N
EVLO,"Evelo Biosciences, Inc. - Common Stock",Q,Q,N
EVM,"Eaton Vance California Municipal Bond Fund Common Shares of Beneficial Interest, $.01 par value",A,,N
EVN,"Eaton Vance Municipal Income Trust Common Stock",N,,N
EVOK,"Evoke Pharma, Inc. - Common Stock",Q,S,N
EVOL,"Evolving Systems, Inc. - Common Stock",Q,S,N
EVOP,"EVO Payments, Inc. - Class A Common Stock",Q,G,N
EVR,"Evercore Inc. Class A Common Stock",N,,N
EVRG,"Evergy, Inc. Common Stock",N,,N
EVRI,"Everi Holdings Inc. Common Stock",N,,N
EVSI,"Envision Solar International, Inc. - Common Stock",Q,S,N
EVSTC,"Eaton Vance NextShares Trust - Eaton Vance Stock NextShares",Q,G,N
EVT,"Eaton Vance Tax Advantaged Dividend Income Fund Common Shares of Beneficial Interest",N,,N
EVTC,"Evertec, Inc. Common Stock",N,,N
EVV,"Eaton Vance Limited Duration Income Fund Common Shares of Beneficial Interest",A,,N
EVX,"VanEck Vectors Environmental Services ETF",P,,Y
EVY,"Eaton Vance New York Municipal Income Trust Shares of Beneficial Interest",A,,N
EW,"Edwards Lifesciences Corporation Common Stock",N,,N
EWA,"iShares MSCI Australia Index Fund",P,,Y
EWBC,"East West Bancorp, Inc. - Common Stock",Q,Q,N
EWC,"iShares MSCI Canada Index Fund",P,,Y
EWCO,"Invesco S&P 500 Equal Weight Communication Services ETF",P,,Y
EWD,"iShares Inc iShares MSCI Sweden ETF",P,,Y
EWG,"iShares MSCI Germany Index Fund",P,,Y
EWGS,"Ishares MSCI Germany Small Cap ETF",Z,,Y
EWH,"iShares MSCI Hong Kong Index Fund",P,,Y
EWI,"iShares Inc iShares MSCI Italy ETF",P,,Y
EWJ,"iShares MSCI Japan Index Fund",P,,Y
EWJE,"iShares MSCI Japan Equal Weighted ETF",Q,G,Y
EWJV,"iShares MSCI Japan Value ETF",Q,G,Y
EWK,"iShares Inc iShares MSCI Belgium ETF",P,,Y
EWL,"iShares Inc iShares MSCI Switzerland ETF",P,,Y
EWM,"iShares MSCI Malaysia Index Fund",P,,Y
EWMC,"Invesco S&P MidCap 400 Equal Weight ETF",P,,Y
EWN,"iShares MSCI Netherlands Index Fund",P,,Y
EWO,"iShares Inc iShares MSCI Austria ETF",P,,Y
EWP,"iShares Inc iShares MSCI Spain ETF",P,,Y
EWQ,"iShares MSCI France Index Fund",P,,Y
EWRE,"Invesco S&P 500 Equal Weight Real Estate ETF",P,,Y
EWS,"iShares Inc iShares MSCI Singapore ETF",P,,Y
EWSC,"Invesco S&P SmallCap 600 Equal Weight ETF",P,,Y
EWT,"iShares Inc iShares MSCI Taiwan ETF",P,,Y
EWU,"iShares MSCI United Kingdom ETF",P,,Y
EWUS,"Ishares MSCI United Kingdom Small Cap ETF",Z,,Y
EWV,"ProShares UltraShort MSCI Japan",P,,Y
EWW,"iShares Inc iShares MSCI Mexico ETF",P,,Y
EWX,"SPDR S&P Emerging Markets Small Cap ETF",P,,Y
EWY,"iShares Inc iShares MSCI South Korea ETF",P,,Y
EWZ,"iShares Inc iShares MSCI Brazil ETF",P,,Y
EWZS,"iShares MSCI Brazil Small-Cap ETF",Q,G,Y
EXAS,"Exact Sciences Corporation - Common Stock",Q,S,N
EXC,"Exelon Corporation - Common Stock",Q,Q,N
EXD,"Eaton Vance Tax-Managed Buy-Write Strategy Fund Common Shares of Beneficial Interest",N,,N
EXEL,"Exelixis, Inc. - Common Stock",Q,Q,N
EXFO,"EXFO Inc - Subordinate Voting Shares",Q,Q,N
EXG,"Eaton Vance Tax-Managed Global Diversified Equity Income Fund Eaton Vance Tax-Managed Global Diversified Equity Income Fund Common Shares of Beneficial Interest",N,,N
EXI,"iShares Global Industrials ETF",P,,Y
EXIV,"VelocityShares 1x Daily Inverse VSTOXX Futures ETN",Z,,Y
EXK,"Endeavour Silver Corporation Ordinary Shares (Canada)",N,,N
EXLS,"ExlService Holdings, Inc. - Common Stock",Q,Q,N
EXP,"Eagle Materials Inc Common Stock",N,,N
EXPC,"Experience Investment Corp. - Class A Common Stock",Q,S,N
EXPCU,"Experience Investment Corp. - Unit",Q,S,N
EXPD,"Expeditors International of Washington, Inc. - Common Stock",Q,Q,N
EXPE,"Expedia Group, Inc. - Common Stock",Q,Q,N
EXPI,"eXp World Holdings, Inc. - Common Stock",Q,G,N
EXPO,"Exponent, Inc. - Common Stock",Q,Q,N
EXPR,"Express, Inc. Common Stock",N,,N
EXR,"Extra Space Storage Inc Common Stock",N,,N
EXTN,"Exterran Corporation Common Stock",N,,N
EXTR,"Extreme Networks, Inc. - Common Stock",Q,Q,N
EYE,"National Vision Holdings, Inc. - Common Stock",Q,Q,N
EYEG,"Eyegate Pharmaceuticals, Inc. - Common Stock",Q,S,N
EYEN,"Eyenovia, Inc. - Common Stock",Q,S,N
EYES,"Second Sight Medical Products, Inc. - Common Stock",Q,S,N
EYLD,"Cambria ETF Trust Cambria Emerging Shareholder Yield ETF",Z,,Y
EYPT,"EyePoint Pharmaceuticals, Inc. - Common Stock",Q,G,N
EZA,"iShares MSCI South Africa Index Fund",P,,Y
EZJ,"ProShares Ultra MSCI Japan",P,,Y
EZM,"WisdomTree U.S. MidCap Fund",P,,Y
EZPW,"EZCORP, Inc. - Class A Non-Voting Common Stock",Q,Q,N
EZT,"Entergy Texas Inc First Mortgage Bonds 5.625% Series due June 1, 2064",N,,N
EZU,"iShares MSCI Eurozone ETF",Z,,Y
F,"Ford Motor Company Common Stock",N,,N
FAAR,"First Trust Alternative Absolute Return Strategy ETF",Q,G,Y
FAB,"First Trust Multi Cap Value AlphaDEX Fund",Q,G,Y
FAD,"First Trust Multi Cap Growth AlphaDEX Fund",Q,G,Y
FAF,"First American Corporation (New) Common Stock",N,,N
FALN,"iShares Fallen Angels USD Bond ETF",Q,G,Y
FAM,"First Trust/Aberdeen Global Opportunity Income Fund First Trust/Aberdeen Global Opportunity Income Fund Common Shares of Beneficial Interest",N,,N
FAMI,"Farmmi, INC. - Ordinary Shares",Q,S,N
FAN,"First Trust Global Wind Energy ETF",P,,Y
FANG,"Diamondback Energy, Inc. - Commmon Stock",Q,Q,N
FANH,"Fanhua Inc. - American depositary shares, each representing 20 ordinary shares",Q,Q,N
FARM,"Farmer Brothers Company - Common Stock",Q,Q,N
FARO,"FARO Technologies, Inc. - Common Stock",Q,Q,N
FAS,"Direxion Financial Bull 3X Shares",P,,Y
FAST,"Fastenal Company - Common Stock",Q,Q,N
FAT,"FAT Brands Inc. - Common Stock",Q,S,N
FATE,"Fate Therapeutics, Inc. - Common Stock",Q,G,N
FAUG,"FT Cboe Vest U.S. Equity Buffer ETF - August",Z,,Y
FAUS,"First Trust Australia AlphaDex fund",P,,Y
FAX,"Aberdeen Asia-Pacific Income Fund Inc Common Stock",A,,N
FAZ,"Direxion Financial Bear 3X Shares",P,,Y
FB,"Facebook, Inc. - Class A Common Stock",Q,Q,N
FBC,"Flagstar Bancorp, Inc. Common Stock",N,,N
FBGX,"UBS AG FI Enhanced Large Cap Growth ETN",P,,N
FBHS,"Fortune Brands Home & Security, Inc. Common Stock",N,,N
FBIO,"Fortress Biotech, Inc. - Common Stock",Q,S,N
FBIOP,"Fortress Biotech, Inc. - 9.375% Series A Cumulative Redeemable Perpetual Preferred Stock",Q,S,N
FBIZ,"First Business Financial Services, Inc. - Common Stock",Q,Q,N
FBK,"FB Financial Corporation Common Stock",N,,N
FBM,"Foundation Building Materials, Inc. Common Stock",N,,N
FBMS,"The First Bancshares, Inc. - Common Stock",Q,G,N
FBNC,"First Bancorp - Common Stock",Q,Q,N
FBND,"Fidelity Total Bond ETF",P,,Y
FBP,"First BanCorp. New Common Stock",N,,N
FBSS,"Fauquier Bankshares, Inc. - Common Stock",Q,S,N
FBT,"First Trust Amex Biotech Index Fund",P,,Y
FBZ,"First Trust Brazil AlphaDEX Fund",Q,G,Y
FC,"Franklin Covey Company Common Stock",N,,N
FCA,"First Trust China AlphaDEX Fund",Q,G,Y
FCAL,"First Trust California Municipal High income ETF",Q,G,Y
FCAN,"First Trust Canada AlphaDEX Fund",Q,G,Y
FCAP,"First Capital, Inc. - Common Stock",Q,S,N
FCAU,"Fiat Chrysler Automobiles N.V. Common Shares",N,,N
FCBC,"First Community Bankshares, Inc. - Common Stock",Q,Q,N
FCBP,"First Choice Bancorp - Common Stock",Q,S,N
FCCO,"First Community Corporation - Common Stock",Q,S,N
FCCY,"1st Constitution Bancorp (NJ) - Common Stock",Q,G,N
FCEF,"First Trust CEF Income Opportunity ETF",Q,G,Y
FCEL,"FuelCell Energy, Inc. - Common Stock",Q,G,N
FCF,"First Commonwealth Financial Corporation Common Stock",N,,N
FCFS,"FirstCash, Inc. - Common Stock",Q,Q,N
FCG,"First Trust Natural Gas ETF",P,,Y
FCN,"FTI Consulting, Inc. Common Stock",N,,N
FCNCA,"First Citizens BancShares, Inc. - Class A Common Stock",Q,Q,N
FCNCP,"First Citizens BancShares, Inc. - Depositary Shares Each Representing a 1/40th Interest in a Share of 5.375% Non-Cumulative Perpetual Preferred Stock, Series A",Q,Q,N
FCO,"Aberdeen Global Income Fund, Inc. Common Stock",A,,N
FCOM,"Fidelity MSCI Communication Services Index ETF",P,,Y
FCOR,"Fidelity Corporate Bond ETF",P,,Y
FCPI,"Fidelity Stocks for Inflation ETF ",Z,,Y
FCPT,"Four Corners Property Trust, Inc. Common Stock",N,,N
FCT,"First Trust Senior Floating Rate Income Fund II Common Shares of Beneficial Interest",N,,N
FCTR,"First Trust Lunt U.S. Factor Rotation ETF",Z,,Y
FCVT,"First Trust SSI Strategic Convertible Securities ETF",Q,G,Y
FCX,"Freeport-McMoRan, Inc. Common Stock",N,,N
FDBC,"Fidelity D & D Bancorp, Inc. - Common Stock",Q,G,N
FDD,"First Trust Dow Jones STOXX Select Dividend 30 Index Fund",P,,Y
FDEF,"First Defiance Financial Corp. - Common Stock",Q,Q,N
FDEM,"Fidelity Targeted Emerging Markets Factor ETF",Z,,Y
FDEU,"First Trust Dynamic Europe Equity Income Fund Common Shares of Beneficial Interest",N,,N
FDEV,"Fidelity Targeted International Factor ETF",Z,,Y
FDG,"American Century Focused Dynamic Growth ETF",Z,,Y
FDHY,"Fidelity High Yield Factor ETF",P,,Y
FDIS,"Fidelity MSCI Consumer Discretionary Index ETF",P,,Y
FDIV,"First Trust Strategic Income ETF",Q,G,Y
FDL,"First Trust Morningstar ETF",P,,Y
FDLO,"Fidelity Low Volatility Factor ETF",P,,Y
FDM,"First Trust DJ Select MicroCap ETF",P,,Y
FDMO,"Fidelity Momentum Factor ETF",P,,Y
FDN,"First Trust DJ Internet Index Fund",P,,Y
FDNI,"First Trust Dow Jones International Internet ETF",Q,G,Y
FDP,"Fresh Del Monte Produce, Inc. Common Stock",N,,N
FDRR,"Fidelity Dividend ETF for Rising Rates",P,,Y
FDS,"FactSet Research Systems Inc. Common Stock",N,,N
FDT,"First Trust Developed Markets Ex-US AlphaDEX Fund",Q,G,Y
FDTS,"First Trust Developed Markets ex-US Small Cap AlphaDEX Fund",Q,G,Y
FDUS,"Fidus Investment Corporation - Common Stock",Q,Q,N
FDUSG,"Fidus Investment Corporation - 5.375% Notes Due 2024",Q,Q,N
FDUSZ,"Fidus Investment Corporation - 6% Notes due 2024",Q,Q,N
FDVV,"Fidelity High Dividend ETF",P,,Y
FDX,"FedEx Corporation Common Stock",N,,N
FE,"FirstEnergy Corp. Common Stock",N,,N
FEDU,"Four Seasons Education (Cayman) Inc. American Depositary Shares, each two ADSs representing one ordinary share",N,,N
FEI,"First Trust MLP and Energy Income Fund Common Shares of Beneficial Interest",N,,N
FEIM,"Frequency Electronics, Inc. - Common Stock",Q,G,N
FELE,"Franklin Electric Co., Inc. - Common Stock",Q,Q,N
FEM,"First Trust Emerging Markets AlphaDEX Fund",Q,G,Y
FEMB,"First Trust Emerging Markets Local Currency Bond ETF",Q,G,Y
FEMS,"First Trust Emerging Markets Small Cap AlphaDEX Fund",Q,G,Y
FEN,"First Trust Energy Income and Growth Fund",A,,N
FENC,"Fennec Pharmaceuticals Inc. - Common Stock",Q,S,N
FENG,"Phoenix New Media Limited American Depositary Shares, each representing 8 Class A ordinary shares.",N,,N
FENY,"Fidelity MSCI Energy Index ETF",P,,Y
FEO,"First Trust/Aberdeen Emerging Opportunity Fund Common Shares of Beneficial Interest",N,,N
FEP,"First Trust Europe AlphaDEX Fund",Q,G,Y
FET,"Forum Energy Technologies, Inc. Common Stock",N,,N
FEUL,"Credit Suisse FI Enhanced Europe 50 ETNs",P,,N
FEUZ,"First Trust Eurozone AlphaDEX ETF",Q,G,Y
FEX,"First Trust Large Cap Core AlphaDEX Fund",Q,G,Y
FEYE,"FireEye, Inc. - Common Stock",Q,Q,N
FEZ,"SPDR DJ Euro STOXX 50 Etf",P,,Y
FF,"FutureFuel Corp.  Common shares",N,,N
FFA,"First Trust Enhanced Equity Income Fund",N,,N
FFBC,"First Financial Bancorp. - Common Stock",Q,Q,N
FFBW,"FFBW, Inc. - Common Stock",Q,S,N
FFC,"Flaherty & Crumrine Preferred and Income Securities Fund Incorporated",N,,N
FFEB,"FT Cboe Vest U.S. Equity Buffer ETF - February",Z,,Y
FFEU,"Barclays ETN  FI Enhanced Europe 50 Exchange Traded Notes Series C",P,,N
FFG,"FBL Financial Group, Inc. Common Stock",N,,N
FFHG,"Formula Folios Hedged Growth ETF ",Z,,Y
FFHL,"Fuwei Films (Holdings) Co., Ltd. - ORDINARY SHARES",Q,S,N
FFIC,"Flushing Financial Corporation - Common Stock",Q,Q,N
FFIN,"First Financial Bankshares, Inc. - Common Stock",Q,Q,N
FFIU,"UVA Unconstrained Medium-Term Fixed Income ETF",P,,Y
FFIV,"F5 Networks, Inc. - Common Stock",Q,Q,N
FFNW,"First Financial Northwest, Inc. - Common Stock",Q,Q,N
FFR,"First Trust FTSE EPRA/NAREIT Global Real Estate Index Fund",P,,Y
FFSG,"FormulaFolios Smart Growth ETF",Z,,Y
FFTG,"FormulaFolios Tactical Growth ETF",Z,,Y
FFTI,"FormulaFolios Tactical Income ETF",Z,,Y
FFTY,"Innovator IBD 50 ETF",P,,Y
FFWM,"First Foundation Inc. - Common Stock",Q,G,N
FG,"FGL Holdings Ordinary Share",N,,N
FGB,"First Trust Specialty Finance and Financial Opportunities Fund",N,,N
FGBI,"First Guaranty Bancshares, Inc. - Common Stock",Q,G,N
FGD,"First Trust DJ Global Select Dividend",P,,Y
FGEN,"FibroGen, Inc - Common Stock",Q,Q,N
FGM,"First Trust Germany AlphaDEX Fund",Q,G,Y
FHB,"First Hawaiian, Inc. - Common Stock",Q,Q,N
FHI,"Federated Hermes, Inc. Common Stock",N,,N
FHK,"First Trust Hong Kong AlphaDEX Fund",Q,G,Y
FHLC,"Fidelity MSCI Health Care Index ETF",P,,Y
FHN,"First Horizon National Corporation Common Stock",N,,N
FI,"Frank's International N.V. Common Stock",N,,N
FIBK,"First Interstate BancSystem, Inc. - Class A Common Stock",Q,Q,N
FIBR,"iShares Edge U.S. Fixed Income Balanced Risk ETF",Z,,Y
FICO,"Fair Isaac Corproation Common Stock",N,,N
FID,"First Trust S&P International Dividend Aristocrats ETF",Q,G,Y
FIDI,"Fidelity International High Dividend ETF",P,,Y
FIDU,"Fidelity MSCI Industrials Index ETF",P,,Y
FIEE,"UBS AG FI Enhanced Europe 50 ETN due February 12, 2026",P,,N
FIF,"First Trust Energy Infrastructure Fund Common Shares of Beneficial Interest",N,,N
FIHD,"UBS AG UBS AG FI Enhanced Global High Yield ETN due March 3, 2026",P,,N
FILL,"iShares MSCI Global Energy Producers Fund",P,,Y
FINS,"Angel Oak Financial Strategies Income Term Trust Common Shares of Beneficial Interest",N,,N
FINV,"FinVolution Group American Depositary Shares",N,,N
FINX,"Global X FinTech ETF",Q,G,Y
FIS,"Fidelity National Information Services, Inc. Common Stock",N,,N
FISI,"Financial Institutions, Inc. - Common Stock",Q,Q,N
FISK,"Empire State Realty OP, L.P. Series 250 Operating Partnership Units Representing Limited Partnership Interests",P,,N
FISR,"SPDR SSGA Fixed Income Sector Rotation ETF",P,,Y
FISV,"Fiserv, Inc. - Common Stock",Q,Q,N
FIT,"Fitbit, Inc. Class A Common Stock",N,,N
FITB,"Fifth Third Bancorp - Common Stock",Q,Q,N
FITBI,"Fifth Third Bancorp - Depositary Share repstg 1/1000th Ownership Interest Perp Pfd Series I",Q,Q,N
FITBO,"Fifth Third Bancorp - Depositary Shares each representing a 1/1000th ownership interest in a share of Non-Cumulative Perpetual Preferred Stock, Series K",Q,Q,N
FITBP,"Fifth Third Bancorp - Depositary Shares each representing 1/40th share of Fifth Third 6.00% Non-Cumulative Perpetual Class B Preferred Stock, Series A",Q,Q,N
FITE,"SPDR S&P Kensho Future Security ETF ",P,,Y
FIV,"First Trust Senior Floating Rate 2022 Target Term Fund Common Shares of Beneficial Interest",N,,N
FIVA,"Fidelity International Value Factor ETF",P,,Y
FIVE,"Five Below, Inc. - Common Stock",Q,Q,N
FIVG,"Defiance Next Gen Connectivity ETF",P,,Y
FIVN,"Five9, Inc. - Common Stock",Q,G,N
FIW,"First Trust Water ETF",P,,Y
FIX,"Comfort Systems USA, Inc. Common Stock",N,,N
FIXD,"First Trust TCW Opportunistic Fixed Income ETF",Q,G,Y
FIXX,"Homology Medicines, Inc. - Common Stock",Q,Q,N
FIYY,"Barclays ETN  FI Enhanced Global High Yield Exchange Traded Notes Series B",P,,N
FIZZ,"National Beverage Corp. - Common Stock",Q,Q,N
FJNK,"Pacific Global Focused High Yield ETF",P,,Y
FJP,"First Trust Japan AlphaDEX Fund",Q,G,Y
FKO,"First Trust South Korea AlphaDEX Fund",Q,G,Y
FKU,"First Trust United Kingdom AlphaDEX Fund",Q,G,Y
FL,"Foot Locker, Inc.",N,,N
FLAG,"Exchange Traded Concepts Trust FLAG-Forensic Accounting Long-Short ETF",P,,Y
FLAT,"iPath US Treasury Flattener ETN",Z,,N
FLAU,"Franklin FTSE Australia ETF",P,,Y
FLAX,"Franklin FTSE Asia ex Japan ETF",P,,Y
FLBL,"Franklin Liberty Senior Loan ETF",Z,,Y
FLBR,"Franklin FTSE Brazil ETF",P,,Y
FLC,"Flaherty & Crumrine Total Return Fund Inc Common Stock",N,,N
FLCA,"Franklin FTSE Canada ETF",P,,Y
FLCB,"Franklin Liberty U.S. Core Bond ETF",P,,Y
FLCH,"Franklin FTSE China ETF",P,,Y
FLCO,"Franklin Liberty Investment Grade Corporate ETF",P,,Y
FLDM,"Fluidigm Corporation - Common Stock",Q,Q,N
FLDR,"Fidelity Low Duration Bond Factor ETF",Z,,Y
FLEE,"Franklin FTSE Europe ETF",P,,Y
FLEH,"Franklin FTSE Europe Hedged ETF",P,,Y
FLEU,"Barclays ETN  FI Enhanced Europe 50 ETN Series B",P,,Y
FLEX,"Flex Ltd. - Ordinary Shares",Q,Q,N
FLFR,"Franklin FTSE France ETF",P,,Y
FLGB,"Franklin FTSE United Kingdom ETF",P,,Y
FLGE,"Credit Suisse FI Large Cap Growth Enhanced ETN",P,,N
FLGR,"Franklin FTSE Germany ETF",P,,Y
FLGT,"Fulgent Genetics, Inc. - Common Stock",Q,G,N
FLHK,"Franklin FTSE Hong Kong ETF",P,,Y
FLHY,"Franklin Liberty High Yield Corporate ETF ",Z,,Y
FLIA,"Franklin Liberty International Aggregate Bond ETF ",Z,,Y
FLIC,"The First of Long Island Corporation - Common Stock",Q,S,N
FLIN,"Franklin FTSE India ETF",P,,Y
FLIR,"FLIR Systems, Inc. - Common Stock",Q,Q,N
FLIY,"Franklin FTSE Italy ETF",P,,Y
FLJH,"Franklin FTSE Japan Hedged ETF",P,,Y
FLJP,"Franklin FTSE Japan ETF",P,,Y
FLKR,"Franklin FTSE South Korea ETF",P,,Y
FLL,"Full House Resorts, Inc. - Common Stock",Q,S,N
FLLA,"Franklin FTSE Latin America ETF",P,,Y
FLLV,"Franklin Liberty U.S. Low Volatility ETF",P,,Y
FLM,"First Trust Global Engineering and Construction ETF",P,,Y
FLMB,"Franklin Templeton ETF Trust Franklin Liberty Municipal Bond ETF",P,,Y
FLMI,"Franklin Templeton ETF Trust Franklin Liberty Intermediate Municipal Opportunities ETF",P,,Y
FLMN,"Falcon Minerals Corporation - Class A Common Stock",Q,S,N
FLMX,"Franklin FTSE Mexico ETF",P,,Y
FLN,"First Trust Latin America AlphaDEX Fund",Q,G,Y
FLNG,"FLEX LNG Ltd. Ordinary Shares",N,,N
FLNT,"Fluent, Inc. - Common Stock",Q,G,N
FLO,"Flowers Foods, Inc. Common Stock",N,,N
FLOT,"iShares Floating Rate Bond ETF",Z,,Y
FLOW,"SPX FLOW, Inc. Common Stock",N,,N
FLQD,"Franklin LibertyQ Global Dividend ETF",P,,Y
FLQE,"Franklin LibertyQ Emerging Markets ETF",P,,Y
FLQG,"Franklin LibertyQ Global Equity ETF",P,,Y
FLQH,"Franklin LibertyQ International Equity Hedged ETF",P,,Y
FLQL,"Franklin LibertyQ U.S. Equity ETF",Z,,Y
FLQM,"Franklin LibertyQ U.S. Mid Cap Equity ETF",Z,,Y
FLQS,"Franklin LibertyQ U.S. Small Cap Equity ETF",Z,,Y
FLR,"Fluor Corporation Common Stock",N,,N
FLRN,"SPDR Bloomberg Barclays Investment Grade Floating Rate ETF",P,,Y
FLRT,"Pacific Global ETF Trust Pacific Global Senior Loan ETF",P,,Y
FLRU,"Franklin FTSE Russia ETF",P,,Y
FLS,"Flowserve Corporation Common Stock",N,,N
FLSA,"Franklin FTSE Saudi Arabia ETF",P,,Y
FLSP,"Franklin Liberty Systematic Style Premia ETF",P,,Y
FLSW,"Franklin FTSE Switzerland ETF",P,,Y
FLT,"FleetCor Technologies, Inc. Common Stock",N,,N
FLTB,"Fidelity Limited Term Bond ETF",P,,Y
FLTR,"VanEck Vectors Investment Grade Floating Rate ETF",P,,Y
FLTW,"Franklin FTSE Taiwan ETF",P,,Y
FLWS,"1-800-FLOWERS.COM, Inc. - Class A Common Stock",Q,Q,N
FLXN,"Flexion Therapeutics, Inc. - Common Stock",Q,G,N
FLXS,"Flexsteel Industries, Inc. - Common Stock",Q,Q,N
FLY,"Fly Leasing Limited",N,,N
FLYT,"Direxion Flight to Safety Strategy ETF",P,,Y
FLZA,"Franklin FTSE South Africa ETF",P,,Y
FM,"iShares MSCI Frontier 100 Fund",P,,Y
FMAO,"Farmers & Merchants Bancorp, Inc. - Common Stock",Q,S,N
FMAT,"Fidelity MSCI Materials Index ETF",P,,Y
FMB,"First Trust Managed Municipal ETF",Q,G,Y
FMBH,"First Mid Bancshares, Inc. - Common Stock",Q,G,N
FMBI,"First Midwest Bancorp, Inc. - Common Stock",Q,Q,N
FMC,"FMC Corporation Common Stock",N,,N
FMCI,"Forum Merger II Corporation - Class A Common Stock",Q,S,N
FMCIU,"Forum Merger II Corporation - Unit",Q,S,N
FMF,"First Trust Managed Futures Strategy Fund",P,,Y
FMHI,"First Trust Municipal High Income ETF",Q,G,Y
FMK,"First Trust Mega Cap AlphaDEX Fund",Q,G,Y
FMN,"Federated Premier Municipal Income Fund Federated Premier Municipal Income Fund",N,,N
FMNB,"Farmers National Banc Corp. - Common Stock",Q,S,N
FMO,"Fiduciary/Claymore Energy Infrastructure Fund Common Shares of Beneficial Interest",N,,N
FMS,"Fresenius Medical Care AG Common Stock",N,,N
FMX,"Fomento Economico Mexicano S.A.B. de C.V. Common Stock",N,,N
FMY,"First Trust Motgage Income Fund Common Shares of Beneficial Interest",N,,N
FN,"Fabrinet Ordinary Shares",N,,N
FNB,"F.N.B. Corporation Common Stock",N,,N
FNCB,"FNCB Bancorp Inc. - Common Stock",Q,S,N
FNCL,"Fidelity MSCI Financials Index ETF",P,,Y
FND,"Floor & Decor Holdings, Inc. Common Stock",N,,N
FNDA,"Schwab Fundamental U.S. Small Company Index ETF",P,,Y
FNDB,"Schwab Fundamental U.S. Broad Market Index ETF",P,,Y
FNDC,"Schwab Fundamental International Small Company Index ETF",P,,Y
FNDE,"Schwab Fundamental Emerging Markets Large Company Index ETF",P,,Y
FNDF,"Schwab Fundamental International Large Company Index ETF",P,,Y
FNDX,"Schwab Fundamental U.S. Large Company Index ETF",P,,Y
FNF,"FNF Group of Fidelity National Financial, Inc. Common Stock",N,,N
FNGD,"MicroSectors FANG  Index -3X Inverse Leveraged ETNs due January 8, 2038",P,,N
FNGO,"MicroSectors FANG  Index 2X Leveraged ETNs due January 8, 2038",P,,N
FNGS,"MicroSectors FANG  ETNs due January 8, 2038",P,,Y
FNGU,"MicroSectors FANG  Index 3X Leveraged ETNs due January 8, 2038",P,,N
FNGZ,"MicroSectors FANG  Index -2X Inverse Leveraged ETNs due January 8, 2038",P,,N
FNHC,"FedNat Holding Company - Common Stock",Q,G,N
FNI,"First Trust Chindia ETF",P,,Y
FNJN,"Finjan Holdings, Inc. - Common Stock",Q,S,N
FNK,"First Trust Mid Cap Value AlphaDEX Fund",Q,G,Y
FNKO,"Funko, Inc. - Class A Common Stock",Q,Q,N
FNLC,"First Bancorp, Inc (ME) - Common Stock",Q,Q,N
FNOV,"FT Cboe Vest U.S. Equity Buffer ETF - November",Z,,Y
FNV,"Franco-Nevada Corporation",N,,N
FNWB,"First Northwest Bancorp - Common Stock",Q,G,N
FNX,"First Trust Mid Cap Core AlphaDEX Fund",Q,G,Y
FNY,"First Trust Mid Cap Growth AlphaDEX Fund",Q,G,Y
FOCS,"Focus Financial Partners Inc. - Common Stock",Q,Q,N
FOE,"Ferro Corporation Common Stock",N,,N
FOF,"Cohen & Steers Closed-End Opportunity Fund, Inc. Common Stock",N,,N
FOLD,"Amicus Therapeutics, Inc. - Common Stock",Q,G,N
FONR,"Fonar Corporation - Common Stock",Q,S,N
FOR,"Forestar Group Inc Common Stock ",N,,N
FORD,"Forward Industries, Inc. - Common Stock",Q,S,N
FORK,"Fuling Global Inc. - Ordinary Shares",Q,S,N
FORM,"FormFactor, Inc. - Common Stock",Q,Q,N
FORR,"Forrester Research, Inc. - Common Stock",Q,Q,N
FORTY,"Formula Systems (1985) Ltd. - American Depositary Shares",Q,Q,N
FOSL,"Fossil Group, Inc. - Common Stock",Q,Q,N
FOVL,"iShares Focused Value Factor ETF",P,,Y
FOX,"Fox Corporation - Class B Common Stock",Q,Q,N
FOXA,"Fox Corporation - Class A Common Stock",Q,Q,N
FOXF,"Fox Factory Holding Corp. - Common Stock",Q,Q,N
FPA,"First Trust Asia Pacific Ex-Japan AlphaDEX Fund",Q,G,Y
FPAC,"Far Point Acquisition Corporation Class A Common Stock",N,,N
FPAY,"FlexShopper, Inc. - Common Stock",Q,S,N
FPE,"First Trust Preferred Securities and Income ETF ETF",P,,Y
FPEI,"First Trust Institutional Preferred Securities and Income ETF",P,,Y
FPF,"First Trust Intermediate Duration Preferred & Income Fund Common Shares of Beneficial Interest",N,,N
FPH,"Five Point Holdings, LLC Class A Common Shares",N,,N
FPI,"Farmland Partners Inc. Common Stock",N,,N
FPL,"First Trust New Opportunities MLP & Energy Fund Common Shares of Beneficial Interest",N,,N
FPRX,"Five Prime Therapeutics, Inc. - Common Stock",Q,Q,N
FPX,"First Trust US Equity Opportunities ETF",P,,Y
FPXE,"First Trust IPOX Europe Equity Opportunities ETF",Q,G,Y
FPXI,"First Trust International Equity Opportunities ETF",Q,G,Y
FQAL,"Fidelity Quality Factor ETF",P,,Y
FR,"First Industrial Realty Trust, Inc. Common Stock",N,,N
FRA,"Blackrock Floating Rate Income Strategies Fund Inc  Common Stock",N,,N
FRAF,"Franklin Financial Services Corporation - Common Stock",Q,S,N
FRAK,"VanEck Vectors Unconventional Oil & Gas ETF",P,,Y
FRAN,"Francesca's Holdings Corporation - Common Stock",Q,Q,N
FRBA,"First Bank - Common Stock",Q,G,N
FRBK,"Republic First Bancorp, Inc. - Common Stock",Q,G,N
FRC,"FIRST REPUBLIC BANK Common Stock",N,,N
FRD,"Friedman Industries Inc. Common Stock",A,,N
FRDM,"Freedom 100 Emerging Markets ETF",Z,,Y
FREL,"Fidelity MSCI Real Estate Index ETF",P,,Y
FREQ,"Frequency Therapeutics, Inc. - Common Stock",Q,Q,N
FRG,"Franchise Group, Inc. - Common Stock",Q,G,N
FRGI,"Fiesta Restaurant Group, Inc. - Common Stock",Q,Q,N
FRHC,"Freedom Holding Corp. - Common Stock",Q,S,N
FRI,"First Trust S&P REIT Index Fund",P,,Y
FRLG,"Large Cap Growth Index-Linked Exchange Traded Notes due 2028",P,,N
FRME,"First Merchants Corporation - Common Stock",Q,Q,N
FRO,"Frontline Ltd. Ordinary Shares",N,,N
FRPH,"FRP Holdings, Inc. - Common Stock",Q,Q,N
FRPT,"Freshpet, Inc. - Common Stock",Q,G,N
FRSX,"Foresight Autonomous Holdings Ltd. - American Depositary Shares",Q,S,N
FRT,"Federal Realty Investment Trust Common Stock",N,,N
FRTA,"Forterra, Inc. - Common Stock",Q,Q,N
FSB,"Franklin Financial Network, Inc. Common Stock",N,,N
FSBC,"FSB Bancorp, Inc. - Common Stock",Q,S,N
FSBW,"FS Bancorp, Inc. - Common Stock",Q,S,N
FSCT,"ForeScout Technologies, Inc. - Common Stock",Q,G,N
FSD,"First Trust High Income Long Short Fund Common Shares of Beneficial Interest",N,,N
FSEA,"First Seacoast Bancorp - Common Stock",Q,S,N
FSFG,"First Savings Financial Group, Inc. - Common Stock",Q,S,N
FSI,"Flexible Solutions International Inc. Common Stock (CDA)",A,,N
FSK,"FS KKR Capital Corp. Common Stock",N,,N
FSLR,"First Solar, Inc. - Common Stock",Q,Q,N
FSLY,"Fastly, Inc. Class A Common Stock",N,,N
FSM,"Fortuna Silver Mines Inc Ordinary Shares (Canada)",N,,N
FSMB,"First Trust Short Duration Managed Municipal ETF",P,,Y
FSMD,"Fidelity Small-Mid Factor ETF",P,,Y
FSP,"Franklin Street Properties Corp. Common Stock",A,,N
FSRV,"FinServ Acquisition Corp. - Class A Common Stock",Q,S,N
FSRVU,"FinServ Acquisition Corp. - Unit",Q,S,N
FSS,"Federal Signal Corporation Common Stock",N,,N
FSTA,"Fidelity MSCI COnsumer Staples Index ETF",P,,Y
FSTR,"L.B. Foster Company - Common Stock",Q,Q,N
FSV,"FirstService Corporation - Common Shares",Q,Q,N
FSZ,"First Trust Switzerland AlphaDEX Fund",Q,G,Y
FT,"Franklin Universal Trust Common Stock",N,,N
FTA,"First Trust Large Cap Value AlphaDEX Fund",Q,G,Y
FTAC,"FinTech Acquisition Corp. III - Class A Common Stock",Q,S,N
FTACU,"FinTech Acquisition Corp. III - Unit",Q,S,N
FTAG,"First Trust Indxx Global Agriculture ETF",Q,G,Y
FTAI,"Fortress Transportation and Infrastructure Investors LLC Common Shares",N,,N
FTC,"First Trust Large Cap Growth AlphaDEX Fund",Q,G,Y
FTCH,"Farfetch Limited Class A Ordinary Shares",N,,N
FTCS,"First Trust Capital Strength ETF",Q,G,Y
FTDR,"frontdoor, inc. - Common Stock",Q,Q,N
FTEC,"Fidelity MSCI Information Technology Index ETF",P,,Y
FTEK,"Fuel Tech, Inc. - Common Stock",Q,Q,N
FTF,"Franklin Limited Duration Income Trust Common Shares of Beneficial Interest",A,,N
FTFT,"Future FinTech Group Inc. - Common Stock",Q,S,N
FTGC,"First Trust Global Tactical Commodity Strategy Fund",Q,G,Y
FTHI,"First Trust BuyWrite Income ETF",Q,G,Y
FTI,"TechnipFMC plc Ordinary Share",N,,N
FTK,"Flotek Industries, Inc. Common Stock",N,,N
FTLB,"First Trust Hedged BuyWrite Income ETF",Q,G,Y
FTLS,"First Trust Long/Short Equity",P,,Y
FTNT,"Fortinet, Inc. - Common Stock",Q,Q,N
FTR,"Frontier Communications Corporation - Common Stock",Q,Q,N
FTRI,"First Trust Indxx Global Natural Resources Income ETF",Q,G,Y
FTS,"Fortis Inc. Common Shares",N,,N
FTSD,"Franklin Liberty Short Duration U.S. Government ETF",P,,Y
FTSI,"FTS International, Inc. Common Stock",N,,N
FTSL,"First Trust Senior Loan Fund ETF",Q,G,Y
FTSM,"First Trust Enhanced Short Maturity ETF",Q,G,Y
FTSV,"Forty Seven, Inc. - Common Stock",Q,Q,N
FTV,"Fortive Corporation Common Stock ",N,,N
FTXD,"First Trust Nasdaq Retail ETF",Q,G,Y
FTXG,"First Trust Nasdaq Food & Beverage ETF",Q,G,Y
FTXH,"First Trust Nasdaq Pharmaceuticals ETF",Q,G,Y
FTXL,"First Trust Nasdaq Semiconductor ETF",Q,G,Y
FTXN,"First Trust Nasdaq Oil & Gas ETF",Q,G,Y
FTXO,"First Trust Nasdaq Bank ETF",Q,G,Y
FTXR,"First Trust Nasdaq Transportation ETF",Q,G,Y
FUD,"E-TRACS USB Bloomberg Commodity Index Exchange Traded Notes E-TRACS UBS Bloomberg CMCI Food ETN",P,,N
FUE,"AB Svensk Ekportkredit (Swedish Export Credit Corporation) ELEMENTS Linked to the MLCX Biofuels Index - Total Return Structured Product",P,,N
FUL,"H. B. Fuller Company Common Stock",N,,N
FULC,"Fulcrum Therapeutics, Inc. - Common Stock",Q,G,N
FULT,"Fulton Financial Corporation - Common Stock",Q,Q,N
FUMB,"First Trust Ultra Short Duration Municipal ETF",P,,Y
FUN,"Cedar Fair, L.P. Common Stock",N,,N
FUNC,"First United Corporation - Common Stock",Q,Q,N
FUND,"Sprott Focus Trust, Inc. - Closed End Fund",Q,Q,N
FUSB,"First US Bancshares, Inc. - Common Stock",Q,S,N
FUT,"ProShares Managed Futures Strategy ETF",Z,,Y
FUTU,"Futu Holdings Limited - American Depositary Shares",Q,G,N
FUTY,"Fidelity MSCI Utilities Index ETF",P,,Y
FUV,"Arcimoto, Inc. - Common Stock",Q,S,N
FV,"First Trust Dorsey Wright Focus 5 ETF",Q,G,Y
FVAL,"Fidelity Value Factor ETF",P,,Y
FVC,"First Trust Dorsey Wright Dynamic Focus 5 ETF",Q,G,Y
FVCB,"FVCBankcorp, Inc. - Common Stock",Q,S,N
FVD,"First Trust VL Dividend",P,,Y
FVE,"Five Star Senior Living Inc. - Common Shares",Q,S,N
FVL,"First Trust Value Line 100 Fund",P,,Y
FVRR,"Fiverr International Ltd. Ordinary Shares, no par value",N,,N
FWDB,"AdvisorShares FolioBeyond Smart Core Bond ETF",P,,Y
FWONA,"Liberty Media Corporation - Series A Liberty Formula One Common Stock",Q,Q,N
FWONK,"Liberty Media Corporation - Series C Liberty Formula One Common Stock",Q,Q,N
FWP,"Forward Pharma A/S - American Depositary Shares",Q,S,N
FWRD,"Forward Air Corporation - Common Stock",Q,Q,N
FXA,"Invesco CurrencyShares Australian Dollar Trust",P,,Y
FXB,"Invesco CurrencyShares British Pound Sterling Trust",P,,Y
FXC,"Invesco CurrencyShares Canadian Dollar Trust",P,,Y
FXD,"First Trust Cons. Discret. AlphaDEX",P,,Y
FXE,"Invesco CurrencyShares Euro Currency Trust",P,,Y
FXF,"Invesco CurrencyShares Swiss Franc Trust",P,,Y
FXG,"First Trust Cons. Staples AlphaDEX",P,,Y
FXH,"First Trust Health Care AlphaDEX",P,,Y
FXI,"iShares China Large-Cap ETF",P,,Y
FXL,"First Trust Technology AlphaDEX",P,,Y
FXN,"First Trust Energy AlphaDEX Fund",P,,Y
FXNC,"First National Corporation - Common Stock",Q,S,N
FXO,"First Trust Financials AlphaDEX",P,,Y
FXP,"ProShares Ultrashort FTSE China 50",P,,Y
FXR,"First Trust Industrials AlphaDEX",P,,Y
FXU,"First Trust Utilities AlphaDEX Fund",P,,Y
FXY,"Invesco CurrencyShares Japanese Yen Trust",P,,Y
FXZ,"First Trust Materials AlphaDEX Fund",P,,Y
FYC,"First Trust Small Cap Growth AlphaDEX Fund",Q,G,Y
FYLD,"Cambria Foreign Shareholder Yield ETF",Z,,Y
FYT,"First Trust Small Cap Value AlphaDEX Fund",Q,G,Y
FYX,"First Trust Small Cap Core AlphaDEX Fund",Q,G,Y
G,"Genpact Limited Common Stock",N,,N
GAA,"Cambria Global Asset Allocation ETF",Z,,Y
GAB,"Gabelli Equity Trust, Inc. (The) Common Stock",N,,N
GABC,"German American Bancorp, Inc. - Common Stock",Q,Q,N
GAIA,"Gaia, Inc. - Class A Common Stock",Q,G,N
GAIN,"Gladstone Investment Corporation - Business Development Company",Q,Q,N
GAINL,"Gladstone Investment Corporation - 6.375% Series E Cumulative Term Preferred Stock due 2025",Q,Q,N
GAINM,"Gladstone Investment Corporation - 6.25% Series D Cumulative Term Preferred Stock",Q,Q,N
GAL,"SPDR SSgA Global Allocation ETF",P,,Y
GALT,"Galectin Therapeutics Inc. - Common Stock",Q,S,N
GAM,"General American Investors, Inc. Common Stock",N,,N
GAMR,"ETFMG Video Game Tech ETF",P,,Y
GARS,"Garrison Capital Inc. - Common Stock",Q,Q,N
GASS,"StealthGas, Inc. - common stock",Q,Q,N
GATX,"GATX Corporation Common Stock",N,,N
GAZ,"Barclays Bank PLC iPath Series B Bloomberg Natural Gas Subindex Total Return ETN",P,,N
GBAB,"Guggenheim Taxable Municipal Managed Duration Trust Common Shares of Beneficial Interest",N,,N
GBCI,"Glacier Bancorp, Inc. - Common Stock",Q,Q,N
GBDC,"Golub Capital BDC, Inc. - Common Stock",Q,Q,N
GBDV,"Global Beta ETF Trust Global Beta Smart Income ETF",P,,Y
GBF,"iShares Government/Credit Bond ETF",P,,Y
GBIL,"Goldman Sachs Access Treasury 0-1 Year ETF",P,,Y
GBL,"Gamco Investors, Inc. Common Stock",N,,N
GBLI,"Global Indemnity Limited - Class A Common Shares",Q,Q,N
GBLIZ,"Global Indemnity Limited - 7.75% Subordinated Note Due 2045",Q,Q,N
GBR,"New Concept Energy, Inc Common Stock",A,,N
GBT,"Global Blood Therapeutics, Inc. - Common Stock",Q,Q,N
GBUG,"iPath Gold ETN",P,,Y
GBUY,"Goldman Sachs Motif New Age Consumer ETF",P,,Y
GBX,"Greenbrier Companies, Inc. (The) Common Stock",N,,N
GCAP,"GAIN Capital Holdings, Inc. Common Stock",N,,N
GCBC,"Greene County Bancorp, Inc. - Common Stock",Q,S,N
GCC,"WisdomTree Continuous Commodity Index Fund",P,,Y
GCE,"Clarymore CEF GS Connect ETN",P,,N
GCI,"Gannett Co., Inc. Common Stock",N,,N
GCO,"Genesco Inc. Common Stock",N,,N
GCOW,"Pacer Global Cash Cows Dividend ETF",Z,,Y
GCP,"GCP Applied Technologies Inc. Common Stock",N,,N
GCV,"Gabelli Convertible and Income Securities Fund, Inc. (The) Common Stock",N,,N
GD,"General Dynamics Corporation Common Stock",N,,N
GDAT,"Goldman Sachs Motif Data-Driven World ETF",P,,Y
GDDY,"GoDaddy Inc. Class A Common Stock",N,,N
GDEN,"Golden Entertainment, Inc. - Common Stock",Q,G,N
GDL,"GDL Fund, The Common Shares of Beneficial Interest",N,,N
GDMA,"GadsdenA DynamicA Multi-AssetA ETF",P,,Y
GDNA,"Goldman Sachs Motif Human Evolution ETF",P,,Y
GDO,"Western Asset Global Corporate Defined Opportunity Fund Inc. Western Asset Global Corporate Defined Opportunity Fund Inc.",N,,N
GDOT,"Green Dot Corporation Class A Common Stock, $0.001 par value",N,,N
GDP,"Goodrich Petroleum Corporation Common Stock",A,,N
GDS,"GDS Holdings Limited - American Depositary Shares",Q,G,N
GDV,"Gabelli Dividend & Income Trust Common Shares of Beneficial Interest",N,,N
GDVD,"Principal Active Global Dividend Income ETF",Z,,Y
GDX,"VanEck Vectors Gold Miners ETF",P,,Y
GDXJ,"VanEck Vectors Junior Gold Miners ETF",P,,Y
GDYN,"Grid Dynamics Holdings, Inc. - Class A Common Stock",Q,S,N
GE,"General Electric Company Common Stock",N,,N
GEC,"Great Elm Capital Group, Inc.  - Common Stock",Q,Q,N
GECC,"Great Elm Capital Corp. - Common Stock",Q,G,N
GECCN,"Great Elm Capital Corp. - Notes",Q,G,N
GEF,"Greif Inc. Class A Common Stock",N,,N
GEL,"Genesis Energy, L.P. Common Units",N,,N
GEM,"Goldman Sachs ActiveBeta Emerging Markets Equity ETF",P,,Y
GEN,"Genesis Healthcare, Inc. Common Stock",N,,N
GENC,"Gencor Industries Inc. - Common Stock",Q,G,N
GENE,"Genetic Technologies Ltd - American Depositary Shares representing 600 ordinary shares",Q,S,N
GENY,"Principal Millennials Index ETF",Q,G,Y
GEO,"Geo Group Inc (The) REIT",N,,N
GEOS,"Geospace Technologies Corporation - Common Stock",Q,Q,N
GER,"Goldman Sachs MLP Energy Renaissance Fund",N,,N
GERN,"Geron Corporation - Common Stock",Q,Q,N
GES,"Guess?, Inc. Common Stock",N,,N
GEVO,"Gevo, Inc. - Common Stock",Q,S,N
GF,"New Germany Fund, Inc. (The) Common Stock",N,,N
GFED,"Guaranty Federal Bancshares, Inc. - Common Stock",Q,G,N
GFF,"Griffon Corporation Common Stock",N,,N
GFI,"Gold Fields Limited American Depositary Shares",N,,N
GFIN,"Goldman Sachs Motif Finance Reimagined ETF",P,,Y
GFL,"GFL Environmental Inc. Subordinate voting shares, no par value",N,,N
GFLU,"GFL Environmental Inc. Tangible Equity Units",N,,N
GFN,"General Finance Corporation - Common Stock",Q,G,N
GFNCP,"General Finance Corporation - Cumulative Redeemable Perpetual Preferred Series C",Q,G,N
GFY,"Western Asset Variable Rate Strategic Fund Inc. Common Stock",N,,N
GGAL,"Grupo Financiero Galicia S.A. - American Depositary Shares, Class B Shares underlying",Q,S,N
GGB,"Gerdau S.A. Common Stock",N,,N
GGG,"Graco Inc. Common Stock",N,,N
GGM,"Guggenheim Credit Allocation Fund Common Shares of Beneficial Interest",N,,N
GGN,"GAMCO Global Gold, Natural Resources & Income Trust",A,,N
GGO,"The Gabelli Go Anywhere Trust Common Shares of Beneficial Interest",A,,N
GGT,"Gabelli Multi-Media Trust, Inc. (The) Common Stock",N,,N
GGZ,"Gabelli Global Small and Mid Cap Value Trust (The) Common Shares of Beneficial Interest",N,,N
GH,"Guardant Health, Inc. - Common Stock",Q,Q,N
GHC,"Graham Holdings Company Common Stock",N,,N
GHG,"GreenTree Hospitality Group Ltd. American depositary shares, each representing one Class A ordinary share",N,,N
GHIV,"Gores Holdings IV, Inc. - Class A Common Stock",Q,S,N
GHIVU,"Gores Holdings IV, Inc. - Unit",Q,S,N
GHL,"Greenhill & Co., Inc. Common Stock",N,,N
GHM,"Graham Corporation Common Stock",N,,N
GHSI,"Guardion Health Sciences, Inc. - Common Stock",Q,S,N
GHY,"PGIM Global High Yield Fund, Inc.",N,,N
GHYB,"Goldman Sachs Access High Yield Corporate Bond ETF",P,,Y
GHYG,"iShares US & Intl High Yield Corp Bond ETF",Z,,Y
GIB,"CGI Inc. Common Stock",N,,N
GIFI,"Gulf Island Fabrication, Inc. - Common Stock",Q,Q,N
GIGB,"Goldman Sachs Access Investment Grade Corporate Bond ETF",P,,Y
GIGE,"SoFi Gig Economy ETF",Q,G,Y
GIGM,"GigaMedia Limited - Ordinary Shares",Q,S,N
GII,"SPDR S&P Global Infrastructure ETF",P,,Y
GIII,"G-III Apparel Group, LTD. - Common Stock",Q,Q,N
GIL,"Gildan Activewear, Inc. Class A Sub. Vot. Common Stock",N,,N
GILD,"Gilead Sciences, Inc. - Common Stock",Q,Q,N
GILT,"Gilat Satellite Networks Ltd. - Ordinary Shares",Q,Q,N
GIM,"Templeton Global Income Fund, Inc. Common Stock",N,,N
GIS,"General Mills, Inc. Common Stock",N,,N
GIX,"GigCapital2, Inc. Common Stock",N,,N
GJH,"Synthetic Fixed-Income Securities Inc 6.375% (STRATS) Cl A-1",N,,N
GJO,"Synthetic Fixed-Income Securities, Inc. Synthetic Fixed-Income Securities, Inc. on behalf of STRATS(SM) Trust for Wal-Mart Stores, Inc. Securities, Series 2004-5",N,,N
GJP,"Synthetic Fixed-Income Securities, Inc. Synthetic Fixed-Income Securities, Inc. on behalf of STRATS (SM) Trust for Dominion Resources, Inc. Securities, Series 2005-6, Floating Rate Structured Repackaged Asset-Backed Trust Securities (STRATS) Certificates",N,,N
GJR,"Synthetic Fixed-Income Securities, Inc. STRATS Trust for Procter&Gamble Securities, Series 2006-1",N,,N
GJS,"Goldman Sachs Group Securities STRATS Trust for Goldman Sachs Group Securities, Series 2006-2",N,,N
GJT,"Synthetic Fixed-Income Securities, Inc. Synthetic Fixed-Income Securities, Inc. Floating Rate Structured Repackaged Asset-Backed Trust Securities Certificates, Series 2006-3",N,,N
GKOS,"Glaukos Corporation Common Stock",N,,N
GL,"Globe Life Inc. Common Stock",N,,N
GLAD,"Gladstone Capital Corporation - Common Stock",Q,Q,N
GLADD,"Gladstone Capital Corporation - 6.125% Notes due 2023",Q,Q,N
GLADL,"Gladstone Capital Corporation - 5.375% Notes due 2024",Q,Q,N
GLBS,"Globus Maritime Limited - Common Stock",Q,S,N
GLBY,"WisdomTree Yield Enhanced Global Aggregate Bond Fund",P,,Y
GLBZ,"Glen Burnie Bancorp - Common Stock",Q,S,N
GLD,"SPDR Gold Trust",P,,Y
GLDD,"Great Lakes Dredge & Dock Corporation - Common Stock",Q,Q,N
GLDI,"Credit Suisse AG - Credit Suisse Gold Shares Covered Call Exchange Traded Notes",Q,G,N
GLDM,"SPDR Gold MiniShares Trust",P,,Y
GLEO,"Galileo Acquisition Corp. Ordinary Shares",N,,N
GLG,"TD Holdings, Inc. - Common Stock",Q,S,N
GLIBA,"GCI Liberty, Inc. - Class A Common Stock",Q,Q,N
GLIBP,"GCI Liberty, Inc. - Series A Cumulative Redeemable Preferred Stock",Q,Q,N
GLIF,"AGFiQ Global Infrastructure ETF",P,,Y
GLL,"ProShares UltraShort Gold",P,,Y
GLMD,"Galmed Pharmaceuticals Ltd. - Ordinary Shares",Q,S,N
GLNG,"Golar LNG Limited - Common Shares",Q,Q,N
GLO,"Clough Global Opportunities Fund Common Stock",A,,N
GLOB,"Globant S.A. Common Shares",N,,N
GLOG,"GasLog Ltd. Common Shares",N,,N
GLOP,"GasLog Partners LP Common Units representing limited partnership interests",N,,N
GLP,"Global Partners LP Global Partners LP Common Units representing Limited Partner Interests",N,,N
GLPG,"Galapagos NV - American Depositary Shares",Q,Q,N
GLPI,"Gaming and Leisure Properties, Inc. - Common Stock",Q,Q,N
GLQ,"Clough Global Equity Fund Clough Global Equity Fund Common Shares of Beneficial Interest",A,,N
GLRE,"Greenlight Reinsurance, Ltd. - Class A Ordinary Shares",Q,Q,N
GLT,"Glatfelter Common Stock",N,,N
GLTR,"Aberdeen Standard Physical Precious Metals Basket Shares ETF",P,,Y
GLU,"Gabelli Global Utility Common Shares of Beneficial Ownership",A,,N
GLUU,"Glu Mobile Inc. - Common Stock",Q,Q,N
GLV,"Clough Global Dividend and Income Fund Common Shares of beneficial interest",A,,N
GLW,"Corning Incorporated Common Stock",N,,N
GLYC,"GlycoMimetics, Inc. - Common Stock",Q,G,N
GM,"General Motors Company Common Stock",N,,N
GMAB,"Genmab A/S - American Depositary Shares",Q,Q,N
GMAN,"Goldman Sachs Motif Manufacturing Revolution ETF",P,,Y
GMDA,"Gamida Cell Ltd. - Ordinary Shares",Q,G,N
GME,"GameStop Corporation Common Stock",N,,N
GMED,"Globus Medical, Inc. Class A Common Stock",N,,N
GMF,"SPDR S&P Emerging Asia Pacific ETF",P,,Y
GMHI,"Gores Metropoulos, Inc. - Class A Common Stock",Q,S,N
GMHIU,"Gores Metropoulos, Inc. - Unit",Q,S,N
GMLP,"Golar LNG Partners LP - Common Units Representing Limited Partnership",Q,Q,N
GMLPP,"Golar LNG Partners LP - 8.75% Series A Cumulative Redeemable Preferred Units",Q,Q,N
GMO,"General Moly, Inc. Common Stock",A,,N
GMOM,"Cambria Global Momentum ETF",Z,,Y
GMRE,"Global Medical REIT Inc. Common Stock",N,,N
GMS,"GMS Inc. Common Stock",N,,N
GMTA,"GATX Corporation 5.625% Senior Notes due 2066",N,,N
GMZ,"Goldman Sachs MLP Income Opportunities Fund",N,,N
GNAF,"MicroSectors FANG  Index Inverse ETNs due January 8, 2038",P,,N
GNC,"GNC Holdings, Inc. Class A Common Stock",N,,N
GNCA,"Genocea Biosciences, Inc. - Common Stock",Q,S,N
GNE,"Genie Energy Ltd. Class B Common Stock Stock",N,,N
GNFT,"GENFIT S.A. - American Depositary Shares",Q,Q,N
GNK,"Genco Shipping & Trading Limited Ordinary Shares New (Marshall Islands)",N,,N
GNL,"Global Net Lease, Inc. Common Stock",N,,N
GNLN,"Greenlane Holdings, Inc. - Class A Common Stock",Q,G,N
GNMA,"iShares GNMA Bond ETF",Q,G,Y
GNMK,"GenMark Diagnostics, Inc. - Common Stock",Q,G,N
GNOM,"Global X Genomics & Biotechnology ETF",Q,G,Y
GNPX,"Genprex, Inc. - Common Stock",Q,S,N
GNR,"SPDR S&P Global Natural Resources ETF",P,,Y
GNRC,"Generac Holdlings Inc. Common Stock",N,,N
GNRSU,"Greenrose Acquisition Corp. - Unit",Q,S,N
GNSS,"Genasys Inc. - Common Stock",Q,S,N
GNT,"GAMCO Natural Resources, Gold & Income Trust",N,,N
GNTX,"Gentex Corporation - Common Stock",Q,Q,N
GNTY,"Guaranty Bancshares, Inc. - Common Stock",Q,Q,N
GNUS,"Genius Brands International, Inc. - Common Stock",Q,S,N
GNW,"Genworth Financial Inc Common Stock",N,,N
GO,"Grocery Outlet Holding Corp. - Common Stock",Q,Q,N
GOAT,"VanEck Vectors Morningstar Global Wide Moat ETF",Z,,Y
GOAU,"US Global GO Gold and Precious Metal Miners ETF",P,,Y
GOEX,"Global X Gold Explorers ETF",P,,Y
GOF,"Guggenheim Strategic Opportunities Fund Common Shares of Beneficial Interest",N,,N
GOGL,"Golden Ocean Group Limited - Common Stock",Q,Q,N
GOGO,"Gogo Inc. - Common Stock",Q,Q,N
GOL,"Gol Linhas Aereas Inteligentes S.A. Sponsored ADR representing 2 Pfd Shares",N,,N
GOLD,"Barrick Gold Corporation Common Stock (BC)",N,,N
GOLF,"Acushnet Holdings Corp. Common Stock",N,,N
GOOD,"Gladstone Commercial Corporation - Real Estate Investment Trust",Q,Q,N
GOODM,"Gladstone Commercial Corporation - Series D Cumulative Redeemable Preferred Stock",Q,Q,N
GOODN,"Gladstone Commercial Corporation - 6.625% Series E Cumulative Redeemable Preferred Stock",Q,Q,N
GOOG,"Alphabet Inc. - Class C Capital Stock",Q,Q,N
GOOGL,"Alphabet Inc. - Class A Common Stock",Q,Q,N
GOOS,"Canada Goose Holdings Inc. Subordinate Voting Shares",N,,N
GORO,"Gold Resource Corporation Common Stock",A,,N
GOSS,"Gossamer Bio, Inc. - Common Stock",Q,Q,N
GOVT,"iShares U.S. Treasury Bond ETF",Z,,Y
GPAQ,"Gordon Pointe Acquisition Corp. - Class A Common Stock",Q,S,N
GPAQU,"Gordon Pointe Acquisition Corp. - Unit",Q,S,N
GPC,"Genuine Parts Company Common Stock",N,,N
GPI,"Group 1 Automotive, Inc. Common Stock",N,,N
GPJA,"Georgia Power Company Series 2017A 5.00% Junior Subordinated Notes due October 1, 2077",N,,N
GPK,"Graphic Packaging Holding Company",N,,N
GPL,"Great Panther Mining Limited Ordinary Shares (Canada)",A,,N
GPM,"Guggenheim Enhanced Equity Income Fund",N,,N
GPMT,"Granite Point Mortgage Trust Inc. Common Stock",N,,N
GPN,"Global Payments Inc. Common Stock",N,,N
GPOR,"Gulfport Energy Corporation - Common Stock",Q,Q,N
GPP,"Green Plains Partners LP - Common Units",Q,G,N
GPRE,"Green Plains, Inc. - Common Stock",Q,Q,N
GPRK,"Geopark Ltd Common Shares",N,,N
GPRO,"GoPro, Inc. - Class A Common Stock",Q,Q,N
GPS,"Gap, Inc. (The) Common Stock",N,,N
GPX,"GP Strategies Corporation Common Stock",N,,N
GQRE,"FlexShares Global Quality Real Estate Index Fund",P,,Y
GRA,"W.R. Grace & Co. Common Stock",N,,N
GRAF,"Graf Industrial Corp. Common Stock",N,,N
GRAM,"Grana y Montero S.A.A. American Depositary Shares, each representing five Common Shares",N,,N
GRBK,"Green Brick Partners, Inc. - Common Stock",Q,S,N
GRC,"Gorman-Rupp Company (The) Common Stock",N,,N
GREK,"Global X MSCI Greece ETF",P,,Y
GRES,"IQ ARB Global Resources ETF",P,,Y
GRF,"Eagle Capital Growth Fund, Inc. Common Stock",A,,N
GRFS,"Grifols, S.A. - American Depositary Shares",Q,Q,N
GRID,"First Trust NASDAQ Clean Edge Smart Grid Infrastructure Index Fund",Q,G,Y
GRIF,"Griffin Industrial Realty, Inc. - Common Stock",Q,G,N
GRIL,"Muscle Maker, Inc - Common Stock",Q,S,N
GRIN,"Grindrod Shipping Holdings Ltd. - Ordinary Shares",Q,Q,N
GRMN,"Garmin Ltd. - Common Stock",Q,Q,N
GRN,"iPath Series B Carbon Exchange-Traded Notes",P,,N
GRNB,"VanEck Vectors Green Bond ETF",P,,Y
GRNQ,"Greenpro Capital Corp. - Common Stock",Q,S,N
GRNV,"GreenVision Acquisition Corp - Common Stock",Q,S,N
GRNVU,"GreenVision Acquisition Corp - Unit",Q,S,N
GROW,"U.S. Global Investors, Inc. - Class A Common Stock",Q,S,N
GRPN,"Groupon, Inc. - Common Stock",Q,Q,N
GRTS,"Gritstone Oncology, Inc. - Common Stock",Q,Q,N
GRTX,"Galera Therapeutics, Inc. - Common Stock",Q,G,N
GRU,"AB Svensk Ekportkredit (Swedish Export Credit Corporation) ELEMENTS Linked to the MLCX Grains Index - Total Return",P,,N
GRUB,"GrubHub Inc. Common Stock",N,,N
GRVY,"GRAVITY Co., Ltd. - American depositary shares, each representing one common share.",Q,G,N
GRWG,"GrowGeneration Corp. - Common Stock",Q,S,N
GRX,"The Gabelli Healthcare & Wellness Trust Common Shares of Beneficial Interest",N,,N
GS,"Goldman Sachs Group, Inc. (The) Common Stock",N,,N
GSAT,"Globalstar, Inc. Common Stock",A,,N
GSB,"GlobalSCAPE, Inc. Common Stock",A,,N
GSBC,"Great Southern Bancorp, Inc. - Common Stock",Q,Q,N
GSBD,"Goldman Sachs BDC, Inc. Common Stock",N,,N
GSC,"Goldman Sachs Connect S&P Enhanced Commodity Total Return Strategy Index",P,,N
GSEU,"Goldman Sachs ActiveBeta Europe Equity ETF",P,,Y
GSEW,"Goldman Sachs Equal Weight U.S. Large Cap Equity ETF",Z,,Y
GSG,"iShares GSCI Commodity-Indexed Trust Fund",P,,Y
GSH,"Guangshen Railway Company Limited Common Stock",N,,N
GSHD,"Goosehead Insurance, Inc. - Class A Common Stock",Q,Q,N
GSIE,"Goldman Sachs ActiveBeta International Equity ETF",P,,Y
GSIT,"GSI Technology, Inc. - Common Stock",Q,Q,N
GSJY,"Goldman Sachs ActiveBeta Japan Equity ETF",P,,Y
GSK,"GlaxoSmithKline PLC Common Stock",N,,N
GSKY,"GreenSky, Inc. - Common Stock",Q,Q,N
GSL,"Global Ship Lease Inc New Class A Common Shares",N,,N
GSLC,"Goldman Sachs ActiveBeta U.S. Large Cap Equity ETF",P,,Y
GSLD,"Global Ship Lease, Inc. 8.00% Senior Notes due 2024",N,,N
GSM,"Ferroglobe PLC - Ordinary Shares",Q,Q,N
GSMG,"Glory Star New Media Group Holdings Limited - Ordinary Share",Q,S,N
GSP,"Barclays Bank PLC iPath Exchange Traded Notes due June 12, 2036 Linked to GSCI Total Return Index",P,,N
GSS,"Golden Star Resources, Ltd Common Stock",A,,N
GSSC,"GS ActiveBeta U.S. Small Cap Equity ETF",P,,Y
GSST,"Goldman Sachs Access Ultra Short Bond ETF",Z,,Y
GSUM,"Gridsum Holding Inc. - American Depositary Shares",Q,Q,N
GSV,"Gold Standard Ventures Corporation Common Stock (Canada)",A,,N
GSX,"GSX Techedu Inc. American Depositary Shares, three of which representing two Class A Ordinary Shares",N,,N
GSY,"Invesco Ultra Short Duration ETF",P,,Y
GT,"The Goodyear Tire & Rubber Company - Common Stock",Q,Q,N
GTE,"Gran Tierra Energy Inc. Common Stock",A,,N
GTEC,"Greenland Technologies Holding Corporation - Ordinary Shares",Q,S,N
GTES,"Gates Industrial Corporation plc Ordinary Shares",N,,N
GTHX,"G1 Therapeutics, Inc. - Common Stock",Q,Q,N
GTIM,"Good Times Restaurants Inc. - Common Stock",Q,S,N
GTIP,"Goldman Sachs Access Inflation Protected USD Bond ETF",Z,,Y
GTLS,"Chart Industries, Inc. - Common Stock",Q,Q,N
GTN,"Gray Television, Inc. Common Stock",N,,N
GTO,"Invesco Total Return Bond ETF",P,,Y
GTS,"Triple-S Management Corporation Class B Common Stock",N,,N
GTT,"GTT Communications, Inc. Common Stock",N,,N
GTX,"Garrett Motion Inc. Common Stock ",N,,N
GTY,"Getty Realty Corporation Common Stock",N,,N
GTYH,"GTY Technology Holdings, Inc. - Common Stock",Q,S,N
GUDB,"Sage ESG Intermediate Credit ETF",P,,Y
GULF,"WisdomTree Middle East Dividend Fund",Q,G,Y
GUNR,"FlexShares Global Upstream Natural Resources Index Fund ETF",P,,Y
GURE,"Gulf Resources, Inc. - Common Stock",Q,Q,N
GURU,"Global X Guru Index ETF",P,,Y
GUSH,"Direxion Daily S&P Oil & Gas Exp. & Prod. Bull 2X Shares",P,,Y
GUT,"Gabelli Utility Trust (The) Common Stock",N,,N
GV,"Goldfield Corporation (The) Common Stock",A,,N
GVA,"Granite Construction Incorporated Common Stock",N,,N
GVAL,"Cambria Global Value ETF",Z,,Y
GVI,"iShares Intermediate Government/Credit Bond ETF",Z,,Y
GVIP,"Goldman Sachs Hedge Industry VIP ETF",P,,Y
GVP,"GSE Systems, Inc. - Common Stock",Q,S,N
GWB,"Great Western Bancorp, Inc. Common Stock",N,,N
GWGH,"GWG Holdings, Inc - Common Stock",Q,S,N
GWPH,"GW Pharmaceuticals Plc - American Depositary Shares",Q,G,N
GWRE,"Guidewire Software, Inc. Common Stock",N,,N
GWRS,"Global Water Resources, Inc. - common stock",Q,G,N
GWW,"W.W. Grainger, Inc. Common Stock",N,,N
GWX,"SPDR S&P International SmallCap ETF",P,,Y
GXC,"SPDR S&P China ETF",P,,Y
GXF,"Global X FTSE Nordic Region ETF",P,,Y
GXG,"Global X MSCI Colombia ETF",P,,Y
GXGX,"GX Acquisition Corp. - Class A Common Stock",Q,S,N
GXGXU,"GX Acquisition Corp. - Unit",Q,S,N
GXTG,"Global X Thematic Growth ETF",Q,G,Y
GYC,"Corporate Asset Backed Corp CABCO Corporate Asset Backed Corporation CABCO Series 2004-102 Trust (SBC Communications, Inc.) Collared Floating Rate Cllable Certificates",N,,N
GYLD,"Arrow Dow Jones Global Yield ETF ETF",P,,Y
GYRO,"Gyrodyne , LLC - Common Stock",Q,S,N
H,"Hyatt Hotels Corporation Class A Common Stock",N,,N
HA,"Hawaiian Holdings, Inc. - Common Stock",Q,Q,N
HACK,"ETFMG Prime Cyber Security ETF",P,,Y
HAE,"Haemonetics Corporation Common Stock",N,,N
HAFC,"Hanmi Financial Corporation - Common Stock",Q,Q,N
HAIL,"SPDR S&P Kensho Smart Mobility ETF",P,,Y
HAIN,"The Hain Celestial Group, Inc. - Common Stock",Q,Q,N
HAL,"Halliburton Company Common Stock",N,,N
HALL,"Hallmark Financial Services, Inc. - Common Stock",Q,G,N
HALO,"Halozyme Therapeutics, Inc. - Common Stock",Q,Q,N
HAP,"VanEck Vectors Natural Resources ETF",P,,Y
HAPP,"Happiness Biotech Group Limited - Ordinary Shares",Q,S,N
HARP,"Harpoon Therapeutics, Inc. - Common Stock",Q,Q,N
HAS,"Hasbro, Inc. - Common Stock",Q,Q,N
HASI,"Hannon Armstrong Sustainable Infrastructure Capital, Inc. Common Stock",N,,N
HAUD,"iShares Currency Hedged MSCI Australia ETF",P,,Y
HAUZ,"Xtrackers International Real Estate ETF",P,,Y
HAWX,"iShares Currency Hedged MSCI ACWI ex U.S. ETF",P,,Y
HAYN,"Haynes International, Inc. - Common Stock",Q,Q,N
HBAN,"Huntington Bancshares Incorporated - Common Stock",Q,Q,N
HBANN,"Huntington Bancshares Incorporated - Depositary Shares each representing a 1/40th interest in a share of 5.875% Series C Non-Cumulative Perpetual Preferred Stock",Q,Q,N
HBANO,"Huntington Bancshares Incorporated - Depositary Shares",Q,Q,N
HBB,"Hamilton Beach Brands Holding Company Class A Common Stock ",N,,N
HBCP,"Home Bancorp, Inc. - Common Stock",Q,Q,N
HBI,"Hanesbrands Inc. Common Stock",N,,N
HBIO,"Harvard Bioscience, Inc. - Common Stock",Q,G,N
HBM,"Hudbay Minerals Inc. Ordinary Shares (Canada)",N,,N
HBMD,"Howard Bancorp, Inc. - Common Stock",Q,S,N
HBNC,"Horizon Bancorp, Inc. - Common Stock",Q,Q,N
HBP,"Huttig Building Products, Inc. - Common Stock",Q,S,N
HBT,"HBT Financial, Inc. - Common Stock",Q,Q,N
HCA,"HCA Healthcare, Inc. Common Stock",N,,N
HCAC,"Hennessy Capital Acquisition Corp. IV - Class A Common Stock",Q,S,N
HCACU,"Hennessy Capital Acquisition Corp. IV - Unit",Q,S,N
HCAP,"Harvest Capital Credit Corporation - Common Stock",Q,G,N
HCAT,"Health Catalyst, Inc - Common stock",Q,Q,N
HCC,"Warrior Met Coal, Inc. Common Stock",N,,N
HCCH,"HL Acquisitions Corp. - Ordinary Shares",Q,S,N
HCCHU,"HL Acquisitions Corp. - Unit",Q,S,N
HCCI,"Heritage-Crystal Clean, Inc. - Common Stock",Q,Q,N
HCCO,"Healthcare Merger Corp. - Class A Common Stock",Q,S,N
HCCOU,"Healthcare Merger Corp. - Units",Q,S,N
HCFT,"Hunt Companies Finance Trust, Inc. Common Stock",N,,N
HCHC,"HC2 Holdings, Inc. Common Stock",N,,N
HCI,"HCI Group, Inc. Common Stock",N,,N
HCKT,"The Hackett Group, Inc. - Common Stock",Q,Q,N
HCM,"Hutchison China MediTech Limited - American Depositary Shares",Q,Q,N
HCR,"Hi-Crush Inc. Common Stock",N,,N
HCRB,"Hartford Core Bond ETF",Z,,Y
HCSG,"Healthcare Services Group, Inc. - Common Stock",Q,Q,N
HCXY,"Hercules Capital, Inc. 6.25% Notes due 2033",N,,N
HCXZ,"Hercules Capital, Inc. 5.25% Notes due 2025",N,,N
HD,"Home Depot, Inc. (The) Common Stock",N,,N
HDAW,"Xtrackers MSCI All World ex US High Dividend Yield Equity ETF",P,,Y
HDB,"HDFC Bank Limited Common Stock",N,,N
HDEF,"Xtrackers MSCI EAFE High Dividend Yield Equity ETF",P,,Y
HDG,"ProShares Hedge Replication ETF",P,,Y
HDGE,"Ranger Equity Bear Bear ETF",P,,Y
HDIV,"QRAFT AI-Enhanced U.S. High Dividend ETF",P,,Y
HDLB,"ETRACS Monthly Pay 2xLeveraged US High Dividend Low Volatility ETN Series B due September 30, 2044",P,,Y
HDMV,"First Trust Exchange-Traded Fund III First Trust Horizon Managed Volatility Developed International ETF",P,,Y
HDS,"HD Supply Holdings, Inc. - Common Stock",Q,Q,N
HDSN,"Hudson Technologies, Inc. - Common Stock",Q,S,N
HDV,"iShares Core High Dividend ETF",P,,Y
HE,"Hawaiian Electric Industries, Inc. Common Stock",N,,N
HEAR,"Turtle Beach Corporation - Common Stock",Q,G,N
HEBT,"Hebron Technology Co., Ltd. - Class A Common Shares",Q,S,N
HECO,"Strategy Shs EcoLogical Strategy ETF",P,,Y
HEDJ,"WisdomTree Europe Hedged Equity Fund",P,,Y
HEEM,"iShares Currency Hedged MSCI Emerging Markets ETF",Z,,Y
HEES,"H&E Equipment Services, Inc. - Common Stock",Q,Q,N
HEFA,"iShares Currency Hedged MSCI EAFE ETF",Z,,Y
HEI,"Heico Corporation Common Stock",N,,N
HELE,"Helen of Troy Limited - Common Stock",Q,Q,N
HELX,"Franklin Genomic Advancements ETF",Z,,Y
HEP,"Holly Energy Partners, L.P. Common Stock",N,,N
HEPA,"Hepion Pharmaceuticals, Inc. - Common Stock",Q,S,N
HEQ,"John Hancock Hedged Equity & Income Fund Common Shares of Beneficial Interest",N,,N
HERD,"Pacer Cash Cows Fund of Funds ETF",Q,G,Y
HERO,"Global X Video Games & Esports ETF",Q,G,Y
HES,"Hess Corporation Common Stock",N,,N
HESM,"Hess Midstream LP Class A Share",N,,N
HEWC,"iShares Currency Hedged MSCI Canada ETF",P,,Y
HEWG,"iShares Currency Hedged MSCI Germany ETF",Q,G,Y
HEWI,"iShares Currency Hedged MSCI Italy ETF",P,,Y
HEWJ,"iShares Currency Hedged MSCI Japan ETF",P,,Y
HEWL,"iShares Currency Hedged MSCI Switzerland ETF",P,,Y
HEWP,"iShares Currency Hedged MSCI Spain",P,,Y
HEWU,"iShares Currency Hedged MSCI United Kingdom ETF",P,,Y
HEWW,"iShares Currency Hedged MSCI Mexico ETF",P,,Y
HEWY,"iShares Currency Hedged MSCI South Korea ETF",P,,Y
HEXO,"HEXO Corp. Common Shares",N,,N
HEZU,"iShares Currency Hedged MSCI Eurozone ETF",P,,Y
HFBL,"Home Federal Bancorp, Inc. of Louisiana - Common Stock",Q,S,N
HFC,"HollyFrontier Corporation Common Stock",N,,N
HFFG,"HF Foods Group Inc. - Common Stock",Q,S,N
HFRO,"Highland Income Fund",N,,N
HFWA,"Heritage Financial Corporation - Common Stock",Q,Q,N
HFXE,"IQ 50 Percent Hedged FTSE Europe ETF",P,,Y
HFXI,"IQ 50 Percent Hedged FTSE International ETF",P,,Y
HFXJ,"IQ 50 Percent Hedged FTSE Japan ETF",P,,Y
HGH,"Hartford Financial Services Group, Inc. (The) 7.875% Fixed to Floating Rate Junior Subordinated Debentures due 2042",N,,N
HGLB,"Highland Global Allocation Fund Common Stock",N,,N
HGSH,"China HGS Real Estate, Inc. - Common Stock",Q,S,N
HGV,"Hilton Grand Vacations Inc. Common Stock ",N,,N
HHC,"Howard Hughes Corporation (The) Common Stock",N,,N
HHHH,"Wealthbridge Acquisition Limited - Ordinary Shares",Q,S,N
HHHHU,"Wealthbridge Acquisition Limited - Unit",Q,S,N
HHR,"HeadHunter Group PLC - American Depositary Shares",Q,Q,N
HHS,"Harte-Hanks, Inc. Common Stock",N,,N
HHT,"Huitao Technology Co., Ltd. - Ordinary Shares",Q,S,N
HI,"Hillenbrand Inc Common Stock",N,,N
HIBB,"Hibbett Sports, Inc. - Common Stock",Q,Q,N
HIBL,"Direxion Daily S&P 500 High Beta Bull 3X Shares",P,,Y
HIBS,"Direxion Daily S&P 500 High Beta Bear 3X Shares",P,,Y
HIE,"Miller/Howard High Income Equity Fund Common Shares of Beneficial Interest",N,,N
HIFS,"Hingham Institution for Savings - Common Stock",Q,G,N
HIG,"Hartford Financial Services Group, Inc. (The) Common Stock",N,,N
HIHO,"Highway Holdings Limited - Common Stock",Q,S,N
HII,"Huntington Ingalls Industries, Inc. Common Stock",N,,N
HIL,"Hill International, Inc. Common Stock",N,,N
HIMX,"Himax Technologies, Inc. - American depositary shares, each of which represents two ordinary shares.",Q,Q,N
HIO,"Western Asset High Income Opportunity Fund, Inc. Common Stock",N,,N
HIPS,"GraniteShares HIPS US High Income ETF",P,,Y
HIW,"Highwoods Properties, Inc. Common Stock",N,,N
HIX,"Western Asset High Income Fund II Inc. Common Stock",N,,N
HJLI,"Hancock Jaffe Laboratories, Inc. - Common Stock",Q,S,N
HJLIW,"Hancock Jaffe Laboratories, Inc. - Warrants",Q,S,N
HJPX,"iShares Currency Hedged JPX-Nikkei 400 ETF",P,,Y
HJV,"MS Structured Asset Corp MS Structured Asset Corp. SATURNS J.C. Penney Company, Inc. Debenture Backed Series 2007-1, 7% Callable Class A Units",N,,N
HKIB,"AMTD International Inc. American Depositary Shares, each representing one Class A Ordinary Share",N,,N
HL,"Hecla Mining Company Common Stock",N,,N
HLAL,"Wahed FTSE USA Shariah ETF",Q,G,Y
HLF,"Herbalife Nutrition Ltd. Common Stock",N,,N
HLG,"Hailiang Education Group Inc. - American Depositary Shares",Q,G,N
HLI,"Houlihan Lokey, Inc. Class A Common Stock",N,,N
HLIO,"Helios Technologies, Inc. - Common Stock",Q,Q,N
HLIT,"Harmonic Inc. - Common Stock",Q,Q,N
HLNE,"Hamilton Lane Incorporated - Class A Common Stock",Q,Q,N
HLT,"Hilton Worldwide Holdings Inc. Common Stock ",N,,N
HLX,"Helix Energy Solutions Group, Inc. Common Stock",N,,N
HMC,"Honda Motor Company, Ltd. Common Stock",N,,N
HMG,"HMG/Courtland Properties, Inc. Common Stock",A,,N
HMHC,"Houghton Mifflin Harcourt Company - Common Stock",Q,Q,N
HMI,"Huami Corporation American Depositary Shares, each representing four Class A Ordinary Shares",N,,N
HMLP,"Hoegh LNG Partners LP Common Units representing Limited Partner Interests",N,,N
HMN,"Horace Mann Educators Corporation Common Stock",N,,N
HMNF,"HMN Financial, Inc. - Common Stock",Q,G,N
HMOP,"Hartford Municipal Opportunities ETF",P,,Y
HMST,"HomeStreet, Inc. - Common Stock",Q,Q,N
HMSY,"HMS Holdings Corp - Common Stock",Q,Q,N
HMTV,"Hemisphere Media Group, Inc. - Class A Common Stock",Q,G,N
HMY,"Harmony Gold Mining Company Limited",N,,N
HNDL,"Strategy Shares Nasdaq 7HANDL Index ETF",Q,G,Y
HNGR,"Hanger, Inc. Common Stock",N,,N
HNI,"HNI Corporation Common Stock",N,,N
HNNA,"Hennessy Advisors, Inc. - Common Stock",Q,S,N
HNP,"Huaneng Power Intl Common Stock",N,,N
HNRG,"Hallador Energy Company - Common Stock",Q,S,N
HNW,"Pioneer Diversified High Income Trust Pioneer Diversified High Income Trust Common Shares of Beneficial Interest",A,,N
HOFT,"Hooker Furniture Corporation - Common Stock",Q,Q,N
HOG,"Harley-Davidson, Inc. Common Stock",N,,N
HOLD,"AdvisorShares Sage Core Reserves ETF",P,,Y
HOLI,"Hollysys Automation Technologies, Ltd. - Common Stock",Q,Q,N
HOLX,"Hologic, Inc. - Common Stock",Q,Q,N
HOMB,"Home BancShares, Inc. - common stock",Q,Q,N
HOME,"At Home Group Inc. Common Stock",N,,N
HOMZ,"Hoya Capital Housing ETF",P,,Y
HON,"Honeywell International Inc. Common Stock",N,,N
HONE,"HarborOne Bancorp, Inc. - Common Stock",Q,Q,N
HOOK,"HOOKIPA Pharma Inc. - Common Stock",Q,Q,N
HOPE,"Hope Bancorp, Inc. - Common Stock",Q,Q,N
HOTH,"Hoth Therapeutics, Inc. - Common Stock",Q,S,N
HOV,"Hovnanian Enterprises, Inc. Class A Common Stock",N,,N
HOVNP,"Hovnanian Enterprises Inc - Depositary Share representing 1/1000th of 7.625% Series A Preferred Stock",Q,G,N
HP,"Helmerich & Payne, Inc. Common Stock",N,,N
HPE,"Hewlett Packard Enterprise Company Common Stock",N,,N
HPF,"John Hancock Pfd Income Fund II Pfd Income Fund II",N,,N
HPI,"John Hancock Preferred Income Fund Common Shares of Beneficial Interest",N,,N
HPP,"Hudson Pacific Properties, Inc. Common Stock",N,,N
HPQ,"HP Inc. Common Stock",N,,N
HPR,"HighPoint Resources Corporation Common Stock",N,,N
HPS,"John Hancock Preferred Income Fund III Preferred Income Fund III",N,,N
HQH,"Tekla Healthcare Investors Common Stock",N,,N
HQI,"HireQuest, Inc. - Common Stock",Q,S,N
HQL,"TeklaLife Sciences Investors Common Stock",N,,N
HQY,"HealthEquity, Inc. - Common Stock",Q,Q,N
HR,"Healthcare Realty Trust Incorporated Common Stock",N,,N
HRB,"H&R Block, Inc. Common Stock",N,,N
HRC,"Hill-Rom Holdings Inc Common Stock",N,,N
HRI,"Herc Holdings Inc. Common Stock ",N,,N
HRL,"Hormel Foods Corporation Common Stock",N,,N
HROW,"Harrow Health, Inc. - Common Stock",Q,S,N
HRTG,"Heritage Insurance Holdings, Inc. Common Stock",N,,N
HRTX,"Heron Therapeutics, Inc.   - Common Stock",Q,S,N
HRZN,"Horizon Technology Finance Corporation - Common Stock",Q,Q,N
HSBC,"HSBC Holdings, plc. Common Stock",N,,N
HSC,"Harsco Corporation Common Stock",N,,N
HSCZ,"iShares Currency Hedged MSCI EAFE Small-Cap ETF",P,,Y
HSDT,"Helius Medical Technologies, Inc. - Class A Common Stock",Q,S,N
HSIC,"Henry Schein, Inc. - Common Stock",Q,Q,N
HSII,"Heidrick & Struggles International, Inc. - Common Stock",Q,Q,N
HSKA,"Heska Corporation - Common Stock",Q,S,N
HSON,"Hudson Global, Inc. - Common Stock",Q,Q,N
HSPX,"Global X Funds Global X S&P 500 Covered Call ETF",P,,Y
HSRT,"Hartford Short Duration ETF",Z,,Y
HST,"Host Hotels & Resorts, Inc. Common Stock",N,,N
HSTM,"HealthStream, Inc. - Common Stock",Q,Q,N
HSY,"The Hershey Company Common Stock",N,,N
HT,"Hersha Hospitality Trust Class A Common Shares of Beneficial Interest",N,,N
HTA,"Healthcare Trust of America, Inc. Class A Common Stock",N,,N
HTAB,"Hartford Schroders Tax-Aware Bond ETF",P,,Y
HTBI,"HomeTrust Bancshares, Inc. - Common Stock",Q,Q,N
HTBK,"Heritage Commerce Corp - Common Stock",Q,Q,N
HTBX,"Heat Biologics, Inc. - Common Stock",Q,S,N
HTD,"John Hancock Tax Advantaged Dividend Income Fund Common Shares of Beneficial Interest",N,,N
HTEC,"Robo Global Healthcare Technology and Innovation ETF",P,,Y
HTFA,"Horizon Technology Finance Corporation 6.25% Notes due 2022",N,,N
HTGC,"Hercules Capital, Inc. Common Stock",N,,N
HTGM,"HTG Molecular Diagnostics, Inc. - Common Stock",Q,S,N
HTH,"Hilltop Holdings Inc.",N,,N
HTHT,"Huazhu Group Limited - American Depositary Shares, each representing one Ordinary Share",Q,Q,N
HTIA,"Healthcare Trust, Inc. - 7.375% Series A Cumulative Redeemable Perpetual Preferred Stock",Q,G,N
HTLD,"Heartland Express, Inc. - Common Stock",Q,Q,N
HTLF,"Heartland Financial USA, Inc. - Common Stock",Q,Q,N
HTRB,"Hartford Total Return Bond ETF",P,,Y
HTUS,"Hull Tactical US ETF",P,,Y
HTY,"John Hancock Tax-Advantaged Global Shareholder Yield Fund Common Shares of Beneficial Interest",N,,N
HTZ,"Hertz Global Holdings, Inc Common Stock ",N,,N
HUBB,"Hubbell Inc Common Stock",N,,N
HUBG,"Hub Group, Inc. - Class A Common Stock",Q,Q,N
HUBS,"HubSpot, Inc. Common Stock",N,,N
HUD,"Hudson Ltd. Class A Common Shares",N,,N
HUGE,"FSD Pharma Inc. - Class B Subordinate Voting Shares",Q,S,N
HUIZ,"Huize Holding Limited - American Depositary Shares",Q,G,N
HUM,"Humana Inc. Common Stock",N,,N
HUN,"Huntsman Corporation Common Stock",N,,N
HURC,"Hurco Companies, Inc. - Common Stock",Q,Q,N
HURN,"Huron Consulting Group Inc. - Common Stock",Q,Q,N
HUSA,"Houston American Energy Corporation Common Stock",A,,N
HUSE,"Strategy Shares US Market Rotation Strategy ETF",P,,Y
HUSV,"First Trust Exchange-Traded Fund III First Trust Horizon Managed Volatility Domestic ETF",P,,Y
HUYA,"HUYA Inc. American depositary shares, each  representing one Class A ordinary share",N,,N
HVBC,"HV Bancorp, Inc. - Common Stock",Q,S,N
HVT,"Haverty Furniture Companies, Inc. Common Stock",N,,N
HWBK,"Hawthorn Bancshares, Inc. - Common Stock",Q,Q,N
HWC,"Hancock Whitney Corporation - Common Stock",Q,Q,N
HWCC,"Houston Wire & Cable Company - Common Stock",Q,Q,N
HWCPL,"Hancock Whitney Corporation - 5.95% Subordinated Notes due 2045",Q,Q,N
HWKN,"Hawkins, Inc. - Common Stock",Q,Q,N
HX,"Hexindai Inc. - American Depositary Shares",Q,G,N
HXL,"Hexcel Corporation Common Stock",N,,N
HY,"Hyster-Yale Materials Handling, Inc. Class A Common Stock",N,,N
HYAC,"Haymaker Acquisition Corp. II - Class A Common Stock",Q,S,N
HYACU,"Haymaker Acquisition Corp. II - Unit",Q,S,N
HYB,"New America High Income Fund, Inc. (The) Common Stock",N,,N
HYD,"VanEck Vectors High Yield Municipal Index ETF",Z,,Y
HYDB,"iShares Edge High Yield Defensive Bond ETF",Z,,Y
HYDW,"Xtrackers Low Beta High Yield Bond ETF",P,,Y
HYEM,"VanEck Vectors Emerging Markets High Yield Bond ETF",P,,Y
HYG,"iShares iBoxx $ High Yield Corporate Bond ETF",P,,Y
HYGH,"iShares Interest Rate Hedged High Yield Bond ETF",P,,Y
HYGV,"FlexShares High Yield Value-Scored Bond Index Fund",P,,Y
HYHG,"ProShares High Yield Interest Rate Hedged",Z,,Y
HYI,"Western Asset High Yield Defined Opportunity Fund Inc. Common Stock",N,,N
HYIH,"Xtrackers High Yield Corporate Bond - Interest Rate Hedged ETF",Z,,Y
HYLB,"Xtrackers USD High Yield Corporate Bond ETF",P,,Y
HYLD,"High Yield ETF",P,,Y
HYLS,"First Trust High Yield Long/Short ETF",Q,G,Y
HYLV,"IndexIQ ETF Trust IQ S&P High Yield Low Volatility Bond ETF",P,,Y
HYMB,"SPDR Nuveen Bloomberg Barclays High Yield Municipal Bond ETF",P,,Y
HYND,"WisdomTree Negative Duration High Yield Bond Fund",Q,G,Y
HYRE,"HyreCar Inc. - Common Stock",Q,S,N
HYS,"PIMCO 0-5 Year High Yield Corporat Bond Index Exchange-Traded Fund",P,,Y
HYT,"Blackrock Corporate High Yield Fund, Inc. Common Stock",N,,N
HYTR,"CP High Yield Trend ETF",P,,Y
HYUP,"Xtrackers High Beta High Yield Bond ETF",P,,Y
HYXE,"iShares iBoxx $ High Yield ex Oil & Gas Corporate Bond ETF",Q,G,Y
HYXU,"iShares International High Yield Bond ETF",Z,,Y
HYZD,"WisdomTree Interest Rate Hedged High Yield Bond Fund",Q,G,Y
HZN,"Horizon Global Corporation Common Shares",N,,N
HZNP,"Horizon Therapeutics Public Limited Company - Ordinary Shares",Q,Q,N
HZO,"MarineMax, Inc.  (FL) Common Stock",N,,N
I,"Intelsat S.A. Common Shares",N,,N
IAA,"IAA, Inc. Common Stock ",N,,N
IAC,"IAC/InterActiveCorp - Common Stock",Q,Q,N
IAE,"Voya Asia Pacific High Dividend Equity Income Fund ING Asia Pacific High Dividend Equity Income Fund Common Shares of Beneficial Interest",N,,N
IAF,"Aberdeen Australia Equity Fund Inc Common Stock",A,,N
IAG,"Iamgold Corporation Ordinary Shares",N,,N
IAGG,"iShares International Aggregate Bond Fund",Z,,Y
IAI,"iShares U.S. Broker-Dealers & Securities Exchanges ETF",P,,Y
IAK,"iShares U.S. Insurance ETF",P,,Y
IART,"Integra LifeSciences Holdings Corporation - Common Stock",Q,Q,N
IAT,"iShares U.S. Regional Banks ETF",P,,Y
IAU,"ishares Gold Trust",P,,Y
IAUF,"iShares Gold Strategy ETF",Z,,Y
IBA,"Industrias Bachoco, S.A.B. de C.V. Common Stock",N,,N
IBB,"iShares Nasdaq Biotechnology Index Fund",Q,G,Y
IBCE,"iShares iBonds Mar 2023 Term Corporate ex-Financials ETF",P,,Y
IBCP,"Independent Bank Corporation - Common Stock",Q,Q,N
IBD,"Inspire Corporate Bond Impact ETF",P,,Y
IBDD,"iShares iBonds Mar 2023 Term Corporate ETF",P,,Y
IBDL,"iShares iBonds Dec 2020 Term Corporate ETF",P,,Y
IBDM,"iShares iBonds Dec 2021 Term Corporate ETF",P,,Y
IBDN,"iShares iBonds Dec 2022 Term Corporate ETF",P,,Y
IBDO,"iShares iBonds Dec 2023 Term Corporate ETF",P,,Y
IBDP,"iShares iBonds Dec 2024 Term Corporate ETF",P,,Y
IBDQ,"iShares iBonds Dec 2025 Term Corporate ETF",P,,Y
IBDR,"iShares iBonds Dec 2026 Term Corporate ETF",P,,Y
IBDS,"iShares iBonds Dec 2027 Term Corporate ETF",P,,Y
IBDT,"iShares iBonds Dec 2028 Term Corporate ETF",P,,Y
IBDU,"iShares iBonds Dec 2029 Term Corporate ETF",P,,Y
IBHA,"iShares iBonds 2021 Term High Yield and Income ETF",Z,,Y
IBHB,"iShares iBonds 2022 Term High Yield and Income ETF",Z,,Y
IBHC,"iShares iBonds 2023 Term High Yield and Income ETF",Z,,Y
IBHD,"iShares iBonds 2024 Term High Yield and Income ETF",Z,,Y
IBHE,"iShares iBonds 2025 Term High Yield and Income ETF",Z,,Y
IBIO,"iBio, Inc. Common Stock",A,,N
IBKC,"IBERIABANK Corporation - Common Stock",Q,Q,N
IBKCN,"IBERIABANK Corporation - Depositary Shares each representing a 1/400th ownership interest in a share of our 6.100% Fixed-to-Floating Non-Cumulative Perpetual Preferred Stock, Series D",Q,Q,N
IBKCO,"IBERIABANK Corporation - Depositary Shares Representing Series C Fixed to Floating",Q,Q,N
IBKCP,"IBERIABANK Corporation - Depositary Shares Representing Series B Fixed to Floating",Q,Q,N
IBKR,"Interactive Brokers Group, Inc. - Class A Common Stock",Q,Q,N
IBM,"International Business Machines Corporation Common Stock",N,,N
IBMI,"iShares iBonds Sep 2020 Term Muni Bond ETF",P,,Y
IBMJ,"iShares iBonds Dec 2021 Term Muni Bond ETF",P,,Y
IBMK,"iShares iBonds Dec 2022 Term Muni Bond ETF",P,,Y
IBML,"iShares iBonds Dec 2023 Term Muni Bond ETF",Z,,Y
IBMM,"iShares iBonds Dec 2024 Term Muni Bond ETF",Z,,Y
IBMN,"iShares iBonds Dec 2025 Term Muni Bond ETF",Z,,Y
IBMO,"iShares iBonds Dec 2026 Term Muni Bond ETF",Z,,Y
IBMP,"iShares iBonds Dec 2027 Term Muni Bond ETF",Z,,Y
IBMQ,"iShares iBonds Dec 2028 Term Muni Bond ETF",Z,,Y
IBN,"ICICI Bank Limited Common Stock",N,,N
IBND,"SPDR Bloomberg Barclays International Corporate Bond ETF",P,,Y
IBOC,"International Bancshares Corporation - Common Stock",Q,Q,N
IBP,"Installed Building Products, Inc. Common Stock",N,,N
IBTE,"iShares iBonds Dec 2024 Term Treasury ETF",Q,G,Y
IBTF,"iShares iBonds Dec 2025 Term Treasury ETF",Q,G,Y
IBTG,"iShares iBonds Dec 2026 Term Treasury ETF",Q,G,Y
IBTH,"iShares iBonds Dec 2027 Term Treasury ETF",Q,G,Y
IBTI,"iShares iBonds Dec 2028 Term Treasury ETF",Q,G,Y
IBTJ,"iShares iBonds Dec 2029 Term Treasury ETF",Q,G,Y
IBTX,"Independent Bank Group, Inc - Common Stock",Q,Q,N
IBUY,"Amplify Online Retail ETF",Q,G,Y
ICAD,"icad inc. - Common Stock",Q,S,N
ICBK,"County Bancorp, Inc. - Common Stock",Q,G,N
ICCC,"ImmuCell Corporation - Common Stock",Q,S,N
ICCH,"ICC Holdings, Inc. - Common Stock",Q,S,N
ICD,"Independence Contract Drilling, Inc. Common Stock",N,,N
ICE,"Intercontinental Exchange Inc. Common Stock",N,,N
ICF,"iShares Cohen & Steers REIT ETF",Z,,Y
ICFI,"ICF International, Inc. - Common Stock",Q,Q,N
ICHR,"Ichor Holdings - Ordinary Shares",Q,Q,N
ICL,"Israel Chemicals Limited Ordinary Shares",N,,N
ICLK,"iClick Interactive Asia Group Limited - American Depositary Shares",Q,G,N
ICLN,"iShares S&P Global Clean Energy Index Fund",Q,G,Y
ICLR,"ICON plc - Ordinary Shares",Q,Q,N
ICMB,"Investcorp Credit Management BDC, Inc. - Common Stock",Q,Q,N
ICOL,"iShares Inc iShares MSCI Colombia ETF",P,,Y
ICON,"Iconix Brand Group, Inc. - Common Stock",Q,Q,N
ICOW,"Pacer Developed Markets International Cash Cows 100 ETF",Z,,Y
ICPT,"Intercept Pharmaceuticals, Inc. - Common Stock",Q,Q,N
ICSH,"iShares Ultra Short-Term Bond ETF",Z,,Y
ICUI,"ICU Medical, Inc. - Common Stock",Q,Q,N
ICVT,"iShares Convertible Bond ETF",Z,,Y
IDA,"IDACORP, Inc. Common Stock",N,,N
IDCC,"InterDigital, Inc. - Common Stock",Q,Q,N
IDE,"Voya Infrastructure, Industrials and Materials Fund Common Shares of Beneficial Interest",N,,N
IDEV,"iShares Core MSCI International Developed Markets ETF",P,,Y
IDEX,"Ideanomics, Inc. - Common Stock",Q,S,N
IDHD,"Invesco S&P International Developed High Dividend Low Volatility ETF",Z,,Y
IDHQ,"Invesco S&P International Developed Quality ETF",P,,Y
IDIV,"U.S. Equity Cumulative Dividends Fund Series 2027 Shares",P,,Y
IDLB,"Invesco FTSE International Low Beta Equal Weight ETF",Q,G,Y
IDLV,"Invesco S&P International Developed Low Volatility ETF",P,,Y
IDMO,"Invesco S&P International Developed Momentum ETF",P,,Y
IDN,"Intellicheck, Inc. - Common Stock",Q,G,N
IDNA,"iShares Genomics Immunology and Healthcare ETF",P,,Y
IDOG,"ALPS International Sector Dividend Dogs ETF",P,,Y
IDRA,"Idera Pharmaceuticals, Inc. - Common Stock",Q,S,N
IDRV,"iShares Self-Driving EV and Tech ETF",P,,Y
IDT,"IDT Corporation Class B Common Stock",N,,N
IDU,"iShares U.S. Utilities ETF",P,,Y
IDV,"iShares International Select Dividend ETF",Z,,Y
IDX,"VanEck Vectors Indonesia Index ETF",P,,Y
IDXG,"Interpace Biosciences, Inc. - Common Stock",Q,S,N
IDXX,"IDEXX Laboratories, Inc. - Common Stock",Q,Q,N
IDY,"Pacific Global International Equity Income ETF",P,,Y
IDYA,"IDEAYA Biosciences, Inc. - Common Stock",Q,Q,N
IEA,"Infrastructure and Energy Alternatives, Inc. - Common Stock",Q,S,N
IEC,"IEC Electronics Corp. - Common Stock",Q,G,N
IECS,"iShares Evolved U.S. Consumer Staples ETF",Z,,Y
IEDI,"iShares Evolved U.S. Discretionary Spending ETF",Z,,Y
IEF,"iShares 7-10 Year Treasury Bond ETF",Q,G,Y
IEFA,"iShares Core MSCI EAFE ETF",Z,,Y
IEFN,"iShares Evolved U.S. Financials ETF",Z,,Y
IEHS,"iShares Evolved U.S. Healthcare Staples ETF",Z,,Y
IEI,"iShares 3-7 Year Treasury Bond ETF",Q,G,Y
IEIH,"iShares Evolved U.S. Innovative Healthcare ETF",Z,,Y
IEME,"iShares Evolved U.S. Media and Entertainment ETF",Z,,Y
IEMG,"iShares Core MSCI Emerging Markets ETF",P,,Y
IEO,"iShares U.S. Oil & Gas Exploration & Production ETF",Z,,Y
IEP,"Icahn Enterprises L.P. - Depositary units",Q,Q,N
IESC,"IES Holdings, Inc. - Common Stock",Q,G,N
IETC,"iShares Evolved U.S. Technology ETF",Z,,Y
IEUR,"iShares Core MSCI Europe ETF",P,,Y
IEUS,"iShares MSCI Europe Small-Cap ETF",Q,G,Y
IEV,"iShares Europe ETF",P,,Y
IEX,"IDEX Corporation Common Stock",N,,N
IEZ,"iShares U.S. Oil Equipment & Services ETF",P,,Y
IFEU,"iShares FTSE EPRA/NAREIT Europe Index Fund",Q,G,Y
IFF,"Internationa Flavors & Fragrances, Inc. Common Stock",N,,N
IFFT,"International Flavors & Fragrances, Inc. 6.00% Tangible Equity Units",N,,N
IFGL,"iShares FTSE EPRA/NAREIT Global Real Estate ex-U.S. Index Fund",Q,G,Y
IFLY,"ETFMG Drone Economy Strategy ETF",P,,Y
IFMK,"iFresh Inc. - Common Stock",Q,S,N
IFN,"India Fund, Inc. (The) Common Stock",N,,N
IFRA,"iShares U.S. Infrastructure ETF",Z,,Y
IFRX,"InflaRx N.V. - Common Stock",Q,Q,N
IFS,"Intercorp Financial Services Inc. Common Shares",N,,N
IFV,"First Trust Dorsey Wright International Focus 5 ETF",Q,G,Y
IG,"Principal Investment Grade Corporate Active ETF",P,,Y
IGA,"Voya Global Advantage and Premium Opportunity Fund Common Shares of Beneficial Interest",N,,N
IGBH,"iShares Interest Rate Hedged Long-Term Corporate Bond ETF",P,,Y
IGC,"India Globalization Capital Inc. Common Stock",A,,N
IGD,"Voya Global Equity Dividend and Premium Opportunity Fund",N,,N
IGE,"iShares North American Natural Resources ETF",Z,,Y
IGEB,"iShares Edge Investment Grade Enhanced Bond ETF",Z,,Y
IGF,"iShares Global Infrastructure ETF",Q,G,Y
IGHG,"ProShares Investment Grade-Interest Rate Hedged",Z,,Y
IGI,"Western Asset Investment Grade Defined Opportunity Trust Inc. Common Stock",N,,N
IGIB,"iShares Intermediate-Term Corporate Bond ETF",Q,G,Y
IGIC,"International General Insurance Holdings Ltd. - Ordinary Shares",Q,S,N
IGIH,"Xtrackers Investment Grade Bond - Interest Rate Hedged ETF",Z,,Y
IGLB,"Shares Long-Term Corporate Bond ETF",P,,Y
IGM,"iShares Expanded Tech Sector ETF",P,,Y
IGMS,"IGM Biosciences, Inc. - Common Stock",Q,Q,N
IGN,"iShares North American Tech-Multimedia Networking ETF",P,,Y
IGOV,"iShares International Treasury Bond ETF",Q,G,Y
IGR,"CBRE Clarion Global Real Estate Income Fund Common Stock",N,,N
IGRO,"iShares International Dividend Growth ETF",Z,,Y
IGSB,"iShares Short-Term Corporate Bond ETF",Q,G,Y
IGT,"International Game Technology Ordinary Shares",N,,N
IGV,"iShares Expanded Tech-Software Sector ETF",Z,,Y
IHAK,"iShares Cybersecurity and Tech ETF",P,,Y
IHC,"Independence Holding Company Common Stock",N,,N
IHD,"Voya Emerging Markets High Income Dividend Equity Fund Common Shares",N,,N
IHDG,"WisdomTree International Hedged Quality Dividend Growth Fund",P,,Y
IHE,"iShares U.S. Pharmaceutical ETF",P,,Y
IHF,"iShares U.S. Health Care Providers ETF",P,,Y
IHG,"Intercontinental Hotels Group American Depositary Shares (Each representing one Ordinary Share)",N,,N
IHI,"iShares U.S. Medical Devices ETF",P,,Y
IHIT,"Invesco High Income 2023 Target Term Fund Common Shares of Beneficial Interest",N,,N
IHRT,"iHeartMedia, Inc. - Class A Common Stock",Q,Q,N
IHT,"InnSuites Hospitality Trust Shares of Beneficial Interest",A,,N
IHTA,"Invesco High Income 2024 Target Term Fund Common Shares of Beneficial Interest, No par value per share",N,,N
IHY,"VanEck Vectors International High Yield Bond",P,,Y
IID,"Voya International High Dividend Equity Income Fund Common Shares of Beneficial Interest",N,,N
IIF,"Morgan Stanley India Investment Fund, Inc. Common Stock",N,,N
IIGD,"Invesco Investment Grade Defensive ETF",P,,Y
IIGV,"Invesco Investment Grade Value ETF",P,,Y
III,"Information Services Group, Inc. - Common Stock",Q,G,N
IIIN,"Insteel Industries, Inc. - Common Stock",Q,Q,N
IIIV,"i3 Verticals, Inc. - Common Stock",Q,Q,N
IIM,"Invesco Value Municipal Income Trust Common Stock",N,,N
IIN,"IntriCon Corporation - Common Stock",Q,G,N
IIPR,"Innovative Industrial Properties, Inc. Common Stock",N,,N
IIVI,"II-VI Incorporated - Common Stock",Q,Q,N
IJAN,"Innovator ETFs Trust Innovator MSCI EAFE Power Buffer ETF - January",P,,Y
IJH,"iShares Core S&P Mid-Cap ETF",P,,Y
IJJ,"iShares S&P Mid-Cap 400 Value ETF",P,,Y
IJK,"iShares S&P Mid-Cap 400 Growth ETF",P,,Y
IJR,"iShares Core S&P Small-Cap ETF",P,,Y
IJS,"iShares S&P SmallCap 600 Value ETF",P,,Y
IJT,"iShares S&P Small-Cap 600 Growth ETF",Q,G,Y
IJUL,"Innovator MSCI EAFE Power Buffer ETF - July",P,,Y
IKNX,"Ikonics Corporation - Common Stock",Q,S,N
ILF,"iShares Latin America 40 ETF",P,,Y
ILMN,"Illumina, Inc. - Common Stock",Q,Q,N
ILPT,"Industrial Logistics Properties Trust - Common Shares of Beneficial Interest",Q,Q,N
ILTB,"iShares Core 10  Year USD Bond ETF",P,,Y
IMAB,"I-MAB - American Depositary Shares",Q,G,N
IMAC,"IMAC Holdings, Inc. - Common Stock",Q,S,N
IMAX,"Imax Corporation Common Stock",N,,N
IMBI,"iMedia Brands, Inc. - Class A Common Stock",Q,S,N
IMGN,"ImmunoGen, Inc. - Common Stock",Q,Q,N
IMH,"Impac Mortgage Holdings, Inc. Common Stock ",A,,N
IMKTA,"Ingles Markets, Incorporated - Class A Common Stock",Q,Q,N
IMLP,"iPath S&P MLP ETN",Z,,N
IMMP,"Immutep Limited - American Depositary Shares",Q,G,N
IMMR,"Immersion Corporation - Common Stock",Q,Q,N
IMMU,"Immunomedics, Inc. - Common Stock",Q,G,N
IMO,"Imperial Oil Limited Common Stock",A,,N
IMOM,"Alpha Architect International Quantitative Momentum ETF",Z,,Y
IMOS,"ChipMOS TECHNOLOGIES INC. - American Depositary Shares",Q,Q,N
IMRA,"IMARA Inc. - Common Stock",Q,Q,N
IMRN,"Immuron Limited - American Depositary Shares",Q,S,N
IMTB,"iShares Core 5-10 Year USD Bond ETF",P,,Y
IMTE,"Integrated Media Technology Limited - Ordinary Shares",Q,S,N
IMTM,"iShares Edge MSCI Intl Momentum Factor ETF",P,,Y
IMUX,"Immunic, Inc.  - Common Stock",Q,S,N
IMV,"IMV Inc. - Common Shares",Q,S,N
IMVT,"Immunovant, Inc.  - Common Stock",Q,S,N
IMVTU,"Immunovant, Inc.  - Units",Q,S,N
IMXI,"International Money Express, Inc. - Common Stock",Q,S,N
INBK,"First Internet Bancorp - Common Stock",Q,Q,N
INBKL,"First Internet Bancorp - 6.0% Fixed-to-Floating Rate Subordinated Notes due 2026",Q,Q,N
INBKZ,"First Internet Bancorp - Fixed-to-Floating Rate Subordinated Notes Due 2029",Q,Q,N
INCO,"Columbia India Consumer ETF",P,,Y
INCY,"Incyte Corporation - Common Stock",Q,Q,N
INDA,"Ishares MSCI India ETF",Z,,Y
INDB,"Independent Bank Corp. - Common Stock",Q,Q,N
INDL,"Direxion Daily MSCI India Bull 3x Shares",P,,Y
INDO,"Indonesia Energy Corporation Limited Ordinary Shares",A,,N
INDS,"Pacer Benchmark Industrial Real Estate SCTR ETF",P,,Y
INDY,"iShares S&P India Nifty 50 Index Fund",Q,G,Y
INFI,"Infinity Pharmaceuticals, Inc. - Common Stock",Q,Q,N
INFN,"Infinera Corporation - Common Stock",Q,Q,N
INFO,"IHS Markit Ltd. Common Shares",N,,N
INFR,"Legg Mason Global Infrastructure ETF",Q,G,Y
INFU,"InfuSystems Holdings, Inc. Common Stock",A,,N
INFY,"Infosys Limited American Depositary Shares",N,,N
ING,"ING Group, N.V. Common Stock",N,,N
INGN,"Inogen, Inc - Common Stock",Q,Q,N
INGR,"Ingredion Incorporated Common Stock",N,,N
INKM,"SPDR SSgA Income Allocation ETF",P,,Y
INMB,"INmune Bio Inc. - Common stock",Q,S,N
INMD,"InMode Ltd.  - Ordinary Shares",Q,Q,N
INN,"Summit Hotel Properties, Inc. Common Stock",N,,N
INNT,"Innovate Biopharmaceuticals, Inc. - Common Stock",Q,S,N
INO,"Inovio Pharmaceuticals, Inc. - Common Stock",Q,Q,N
INOD,"Innodata Inc. - Common Stock",Q,G,N
INOV,"Inovalon Holdings, Inc. - Class A Common Stock",Q,Q,N
INPX,"Inpixon  - Common Stock",Q,S,N
INS,"Intelligent Systems Corporation Common Stock",A,,N
INSE,"Inspired Entertainment, Inc. - Common Stock",Q,S,N
INSG,"Inseego Corp. - Common Stock",Q,Q,N
INSI,"Insight Select Income Fund",N,,N
INSM,"Insmed, Inc. - Common Stock",Q,Q,N
INSP,"Inspire Medical Systems, Inc. Common Stock",N,,N
INSU,"Insurance Acquisition Corp. - Class A Common Stock",Q,S,N
INSUU,"Insurance Acquisition Corp. - Unit",Q,S,N
INSW,"International Seaways, Inc. Common Stock ",N,,N
INT,"World Fuel Services Corporation Common Stock",N,,N
INTC,"Intel Corporation - Common Stock",Q,Q,N
INTF,"iShares Edge MSCI Multifactor Intl ETF",P,,Y
INTG,"The Intergroup Corporation - Common Stock",Q,S,N
INTL,"INTL FCStone Inc. - Common Stock",Q,Q,N
INTT,"inTest Corporation Common Stock",A,,N
INTU,"Intuit Inc. - Common Stock",Q,Q,N
INUV,"Inuvo, Inc.",A,,N
INVA,"Innoviva, Inc. - Common Stock",Q,Q,N
INVE,"Identiv, Inc. - Common Stock",Q,S,N
INVH,"Invitation Homes Inc. Common Stock",N,,N
INWK,"InnerWorkings, Inc. - Common Stock",Q,Q,N
IO,"Ion Geophysical Corporation Common Stock",N,,N
IONS,"Ionis Pharmaceuticals, Inc. - Common Stock",Q,Q,N
IOO,"iShares Global 100 ETF",P,,Y
IOR,"Income Opportunity Realty Investors, Inc. Common Stock",A,,N
IOSP,"Innospec Inc. - Common Stock",Q,Q,N
IOTS,"Adesto Technologies Corporation - Common Stock",Q,S,N
IOVA,"Iovance Biotherapeutics, Inc. - Common Stock",Q,G,N
IP,"International Paper Company Common Stock",N,,N
IPAC,"iShares Core MSCI Pacific ETF",P,,Y
IPAR,"Inter Parfums, Inc. - Common Stock",Q,Q,N
IPAY,"ETFMG Prime Mobile Payments ETF",P,,Y
IPB,"Merrill Lynch & Co., Inc. 6.0518% Index Plus Trust Certificates Series 2003-1",A,,Y
IPDN,"Professional Diversity Network, Inc. - Common Stock",Q,S,N
IPFF,"iShares International Preferred Stock ETF",Z,,Y
IPG,"Interpublic Group of Companies, Inc. (The) Common Stock",N,,N
IPGP,"IPG Photonics Corporation - Common Stock",Q,Q,N
IPHA,"Innate Pharma S.A. - American Depositary Shares",Q,Q,N
IPHI,"Inphi Corporation Common Stock $0.001 par value",N,,N
IPI,"Intrepid Potash, Inc Common Stock",N,,N
IPKW,"Invesco International BuyBack Achievers ETF",Q,G,Y
IPLDP,"Interstate Power and Light Company - Interstate Power & Light Company Perp Preferred 5.10% Series D",Q,Q,N
IPO,"Renaissance IPO ETF",P,,Y
IPOS,"Renaissance Capital Greenwich Fund",P,,Y
IPV,"InterPrivate Acquisition Corp. Common Stock",N,,N
IPWR,"Ideal Power Inc. - Common Stock",Q,S,N
IQ,"iQIYI, Inc. - American Depositary Shares",Q,Q,N
IQDE,"FlexShares International Quality Dividend Defensive Index Fund",P,,Y
IQDF,"FlexShares International Quality Dividend Index Fund",P,,Y
IQDG,"WisdomTree International Quality Dividend Growth Fund",Z,,Y
IQDY,"FlexShares International Quality Dividend Dynamic Index Fund",P,,Y
IQI,"Invesco Quality Municipal Income Trust Common Stock",N,,N
IQIN,"IQ 500 International ETF",P,,Y
IQLT,"iShares Edge MSCI Intl Quality Factor ETF",P,,Y
IQM,"Franklin Intelligent Machines ETF",Z,,Y
IQSI,"IQ Candriam ESG International Equity ETF",P,,Y
IQSU,"IQ Candriam ESG US Equity ETF",P,,Y
IQV,"IQVIA Holdings, Inc. Common Stock",N,,N
IR,"Ingersoll Rand Inc. Common Stock",N,,N
IRBO,"iShares Robotics and Artificial Intelligence Multisector ETF",P,,Y
IRBT,"iRobot Corporation - Common Stock",Q,Q,N
IRCP,"IRSA Propiedades Comerciales S.A. - American Depository Shares",Q,Q,N
IRDM,"Iridium Communications Inc - Common Stock",Q,Q,N
IRET,"Investors Real Estate Trust Shares of Beneficial Interest",N,,N
IRIX,"IRIDEX Corporation - Common Stock",Q,G,N
IRL,"New Ireland Fund, Inc (The) Common Stock",N,,N
IRM,"Iron Mountain Incorporated (Delaware)Common Stock REIT",N,,N
IRMD,"iRadimed Corporation - Common Stock",Q,S,N
IROQ,"IF Bancorp, Inc. - Common Stock",Q,S,N
IRR,"Voya Natural Resources Equity Income Fund Common Shares of Beneficial Interest",N,,N
IRS,"IRSA Inversiones Y Representaciones S.A. Common Stock",N,,N
IRT,"Independence Realty Trust, Inc. Common Stock",N,,N
IRTC,"iRhythm Technologies, Inc. - Common Stock",Q,Q,N
IRWD,"Ironwood Pharmaceuticals, Inc. - Class A Common Stock",Q,Q,N
ISBC,"Investors Bancorp, Inc. - Common Stock",Q,Q,N
ISCF,"iShares Edge MSCI Intl Size Factor ETF",P,,Y
ISD,"PGIM High Yield Bond Fund, Inc.",N,,N
ISDR,"Issuer Direct Corporation Common Stock",A,,N
ISDS,"Invesco RAFI Strategic Developed ex-US Small Company ETF",Q,G,Y
ISDX,"Invesco RAFI Strategic Developed ex-US ETF",Q,G,Y
ISEE,"IVERIC bio, Inc. - Common Stock",Q,Q,N
ISEM,"Invesco RAFI Strategic Emerging Markets ETF",Q,G,Y
ISHG,"iShares 1-3 Year International Treasury Bond ETF",Q,G,Y
ISIG,"Insignia Systems, Inc. - Common Stock",Q,S,N
ISMD,"Inspire Small/Mid Cap Impact ETF",P,,Y
ISNS,"Image Sensing Systems, Inc. - Common Stock",Q,S,N
ISR,"IsoRay, Inc. Common Stock (DE)",A,,N
ISRA,"VanEck Vectors Israel ETF",P,,Y
ISRG,"Intuitive Surgical, Inc. - Common Stock",Q,Q,N
ISSC,"Innovative Solutions and Support, Inc. - Common Stock",Q,Q,N
ISTB,"iShares Core 1-5 Year USD Bond ETF",Q,G,Y
ISTR,"Investar Holding Corporation - Common Stock",Q,G,N
ISZE,"iShares Edge MSCI Intl Size Factor ETF",P,,Y
IT,"Gartner, Inc. Common Stock",N,,N
ITA,"iShares U.S. Aerospace & Defense ETF",Z,,Y
ITB,"iShares U.S. Home Construction ETF",Z,,Y
ITCB,"Itau CorpBanca American Depositary Shares (each representing 1,500 shares of Common Stock, no par value)",N,,N
ITCI,"Intra-Cellular Therapies Inc. - Common Stock",Q,Q,N
ITEQ,"BlueStar Israel Technology ETF",P,,Y
ITGR,"Integer Holdings Corporation Common Stock",N,,N
ITI,"Iteris, Inc. - Common Stock",Q,S,N
ITIC,"Investors Title Company - Common Stock",Q,Q,N
ITM,"VanEck Vectors AMT-Free Intermediate Municipal Index ETF",Z,,Y
ITMR,"Itamar Medical Ltd. - American Depository Shares",Q,S,N
ITOT,"iShares Core S&P Total U.S. Stock Market ETF",P,,Y
ITP,"IT Tech Packaging, Inc. Common Stock",A,,N
ITRI,"Itron, Inc. - Common Stock",Q,Q,N
ITRM,"Iterum Therapeutics plc - Ordinary Share",Q,G,N
ITRN,"Ituran Location and Control Ltd. - Ordinary Shares",Q,Q,N
ITT,"ITT Inc. Common Stock ",N,,N
ITUB,"Itau Unibanco Banco Holding SA American Depositary Shares (Each repstg 500 Preferred shares)",N,,N
ITW,"Illinois Tool Works Inc. Common Stock",N,,N
IUS,"Invesco RAFI Strategic US ETF",Q,G,Y
IUSB,"iShares Core Total USD Bond Market ETF",Q,G,Y
IUSG,"iShares Core S&P U.S. Growth ETF",Q,G,Y
IUSS,"Invesco RAFI Strategic US Small Company ETF",Q,G,Y
IUSV,"iShares Core S&P U.S. Value ETF",Q,G,Y
IVAC,"Intevac, Inc. - Common Stock",Q,Q,N
IVAL,"Alpha Architect International Quantitative Value ETF",Z,,Y
IVC,"Invacare Corporation Common Stock",N,,N
IVE,"iShares S&P 500 Value ETF",P,,Y
IVH,"Ivy High Income Opportunities Fund Common Shares of Beneficial Interest",N,,N
IVLU,"iShares Edge MSCI Intl Value Factor ETF",P,,Y
IVOG,"Vanguard S&P Mid-Cap 400 Growth ETF",P,,Y
IVOL,"Quadratic Interest Rate Volatility and Inflation Hedge ETF",P,,Y
IVOO,"Vanguard S&P Mid-Cap 400 ETF",P,,Y
IVOV,"Vanguard S&P Mid-Cap 400 Value ETF",P,,Y
IVR,"INVESCO MORTGAGE CAPITAL INC Common Stock",N,,N
IVV,"iShares Core S&P 500 ETF",P,,Y
IVW,"iShares S&P 500 Growth ETF",P,,Y
IVZ,"Invesco Ltd Common Stock",N,,N
IWB,"iShares Russell 1000 ETF",P,,Y
IWC,"iShares Microcap ETF",P,,Y
IWD,"iShares Russell 1000 Value ETF",P,,Y
IWF,"iShares Russell 1000 Growth ETF",P,,Y
IWL,"iShares Russell Top 200 ETF",P,,Y
IWM,"iShares Russell 2000 ETF",P,,Y
IWN,"iShares Russell 2000 Value ETF",P,,Y
IWO,"iShares Russell 2000 Growth ETF",P,,Y
IWP,"iShares Russell Midcap Growth ETF",P,,Y
IWR,"iShares Russell Mid-Cap ETF",P,,Y
IWS,"iShares Russell Mid-cap Value ETF",P,,Y
IWV,"iShares Russell 3000 ETF",P,,Y
IWX,"iShares Russell Top 200 Value ETF",P,,Y
IWY,"iShares Russell Top 200 Growth ETF",P,,Y
IX,"Orix Corp Ads Common Stock",N,,N
IXC,"iShares Global Energy ETF",P,,Y
IXG,"iShares Global Financial ETF",P,,Y
IXJ,"iShares Global Healthcare ETF",P,,Y
IXN,"iShares Global Tech ETF",P,,Y
IXP,"iShares Global Comm Services ETF",P,,Y
IXSE,"WisdomTree India Ex-State-Owned Enterprises Fund",P,,Y
IXUS,"iShares Core MSCI Total International Stock ETF",Q,G,Y
IYC,"iShares U.S. Consumer Services ETF",P,,Y
IYE,"iShares U.S. Energy ETF",P,,Y
IYF,"iShares U.S. Financial ETF",P,,Y
IYG,"iShares U.S. Financial Services ETF",P,,Y
IYH,"iShares U.S. Healthcare ETF",P,,Y
IYJ,"iShares U.S. Industrials ETF",Z,,Y
IYK,"iShares U.S. Consumer Goods ETF",P,,Y
IYLD,"iShares Morningstar Multi-Asset Income ETF",Z,,Y
IYM,"iShares U.S. Basic Materials ETF",P,,Y
IYR,"iShares U.S. Real Estate ETF",P,,Y
IYT,"iShares Transportation AverageETF",Z,,Y
IYW,"iShares U.S. Technology ETF",P,,Y
IYY,"iShares Dow Jones U.S. ETF",P,,Y
IYZ,"iShares U.S. Telecommunications ETF",Z,,Y
IZEA,"IZEA Worldwide, Inc. - Common Stock",Q,S,N
IZRL,"ARK Israel Innovative Technology ETF",Z,,Y
J,"Jacobs Engineering Group Inc. Common Stock",N,,N
JACK,"Jack In The Box Inc. - Common Stock",Q,Q,N
JAGG,"JPMorgan U.S. Aggregate Bond ETF",P,,Y
JAGX,"Jaguar Health, Inc. - Common Stock",Q,S,N
JAKK,"JAKKS Pacific, Inc. - Common Stock",Q,Q,N
JAN,"JanOne Inc. - Common Stock",Q,S,N
JAX,"J. Alexander's Holdings, Inc. Common Stock",N,,N
JAZZ,"Jazz Pharmaceuticals plc - Ordinary Shares",Q,Q,N
JBGS,"JBG SMITH Properties Common Shares ",N,,N
JBHT,"J.B. Hunt Transport Services, Inc. - Common Stock",Q,Q,N
JBK,"Lehman ABS 3.50 3.50% Adjustable Corp Backed Tr Certs GS Cap I",N,,N
JBL,"Jabil Inc. Common Stock",N,,N
JBLU,"JetBlue Airways Corporation - Common Stock",Q,Q,N
JBN,"Select Asset Inc. Select Asset Inc. on behalf of Corporate Backed Callable Trust Certificates, J.C. Penney Debenture Backed Series 2007-1 Trust",N,,N
JBR,"Select Asset Inc. Corporate Backed Callable Trust Certificates, J.C. Penney Debenture-Backed Series 2006-1, Class A-1",N,,N
JBSS,"John B. Sanfilippo & Son, Inc. - Common Stock",Q,Q,N
JBT,"John Bean Technologies Corporation Common Stock",N,,N
JCAP,"Jernigan Capital, Inc. Common Stock",N,,N
JCE,"Nuveen Core Equity Alpha Fund Nuveen Core Equity Alpha Fund Common Shares of Beneficial Interest",N,,N
JCI,"Johnson Controls International plc Ordinary Share",N,,N
JCO,"Nuveen Credit Opportunities 2022 Target Term Fund Common Shares of Beneficial Interest",N,,N
JCOM,"j2 Global, Inc. - Common Stock",Q,Q,N
JCP,"J.C. Penney Company, Inc. Holding Company Common Stock",N,,N
JCPB,"JPMorgan Core Plus Bond ETF",Z,,Y
JCS,"Communications Systems, Inc. - Common Stock",Q,G,N
JCTCF,"Jewett-Cameron Trading Company - Common Shares",Q,S,N
JD,"JD.com, Inc. - American Depositary Shares",Q,Q,N
JDD,"Nuveen Diversified Dividend and Income Fund Shares of Beneficial Interest",N,,N
JDIV,"JPMorgan U.S. Dividend ETF",P,,Y
JDST,"Direxion Daily Junior Gold Miners Index Bear 2X Shares",P,,Y
JE,"Just Energy Group, Inc. Ordinary Shares (Canada)",N,,N
JEF,"Jefferies Financial Group Inc. Common Stock",N,,N
JELD,"JELD-WEN Holding, Inc. Common Stock",N,,N
JEMD,"Nuveen Emerging Markets Debt 2022 Target Term Fund Common Shares of Beneficial Interest, $0.01 par value per share",N,,N
JEQ,"Aberdeen Japan Equity Fund, Inc.  Common Stock",N,,N
JETS,"U.S. Global Jets ETF",P,,Y
JFIN,"Jiayin Group Inc. - American Depositary Shares",Q,G,N
JFK,"8i Enterprises Acquisition Corp - Ordinary Shares",Q,S,N
JFKKU,"8i Enterprises Acquisition Corp - Unit",Q,S,N
JFR,"Nuveen Floating Rate Income Fund Common Stock",N,,N
JFU,"9F Inc. - American Depositary Shares",Q,G,N
JG,"Aurora Mobile Limited - American Depositary Shares",Q,G,N
JGH,"Nuveen Global High Income Fund Common Shares of Beneficial Interest",N,,N
JHAA,"Nuveen High Income 2023 Target Term Fund Common Shares of Beneficial Interest",N,,N
JHB,"Nuveen High Income November 2021 Target Term Fund Nuveen High Income November 2021 Target Term Fund",N,,N
JHCS,"John Hancock Multifactor Media and Communications ETF",P,,Y
JHEM,"John Hancock Multifactor Emerging Markets ETF",P,,Y
JHG,"Janus Henderson Group plc Ordinary Shares",N,,N
JHI,"John Hancock Investors Trust Common Stock",N,,N
JHMA,"John Hancock Multifactor Materials ETF",P,,Y
JHMC,"John Hancock Multifactor Consumer Discretionary ETF",P,,Y
JHMD,"John Hancock Exchange-Traded Fund Trust John Hancock Multifactor Developed International ETF",P,,Y
JHME,"John Hancock Multifactor Energy ETF",P,,Y
JHMF,"John Hancock Multifactor Financials ETF",P,,Y
JHMH,"John Hancock Multifactor Healthcare ETF",P,,Y
JHMI,"John Hancock Multifactor Industrials ETF",P,,Y
JHML,"John Hancock Multifactor Large Cap ETF",P,,Y
JHMM,"John Hancock Multifactor Mid Cap ETF",P,,Y
JHMS,"John Hancock Multifactor Consumer Staples ETF",P,,Y
JHMT,"John Hancock Multifactor Technology ETF",P,,Y
JHMU,"John Hancock Multifactor Utilities ETF",P,,Y
JHS,"John Hancock Income Securities Trust Common Stock",N,,N
JHSC,"John Hancock Multifactor Small Cap ETF",P,,Y
JHX,"James Hardie Industries plc American Depositary Shares (Ireland)",N,,N
JHY,"Nuveen High Income 2020 Target Term Fund Common Shares of Beneficial Interest",N,,N
JIGB,"JPMorgan Corporate Bond Research Enhanced ETF",P,,Y
JIH,"Juniper Industrial Holdings, Inc. Class A Common Stock",N,,N
JILL,"J. Jill, Inc. Common Stock",N,,N
JJA,"iPathA Series B Bloomberg Agriculture Subindex Total Return ETN",P,,N
JJC,"iPathA Series B Bloomberg Copper Subindex Total Return ETN",P,,N
JJE,"iPathA Series B Bloomberg Energy Subindex Total Return ETN",P,,N
JJG,"iPathA Series B Bloomberg Grains Subindex Total Return ETN",P,,N
JJM,"iPathA Series B Bloomberg Industrial Metals Subindex Total Return ETN",P,,N
JJN,"iPathA Series B Bloomberg Nickel Subindex Total Return ETN",P,,N
JJP,"iPathA Series B Bloomberg Precious Metals Subindex Total Return ETN",P,,N
JJS,"iPathA Series B Bloomberg Softs Subindex Total Return ETN",P,,N
JJSF,"J & J Snack Foods Corp. - Common Stock",Q,Q,N
JJT,"iPathA Series B Bloomberg Tin Subindex Total Return ETN",P,,N
JJU,"iPathA Series B Bloomberg Aluminum Subindex Total Return ETN",P,,N
JKD,"iShares Morningstar Large-Cap ETF",P,,Y
JKE,"iShares Morningstar Large-Cap Growth ETF",P,,Y
JKF,"iShares Morningstar Large-Cap  Value ETF",P,,Y
JKG,"iShares Morningstar Mid-Cap ETF",P,,Y
JKH,"iShares Morningstar Mid-Cap Growth ETF",P,,Y
JKHY,"Jack Henry & Associates, Inc. - Common Stock",Q,Q,N
JKI,"iShares Morningstar Mid-Cap ETF",Q,G,Y
JKJ,"iShares Morningstar Small-Cap ETF",P,,Y
JKK,"iShares Morningstar Small-Cap Growth ETF",P,,Y
JKL,"iShares Morningstar Small-Cap Value ETFnd",P,,Y
JKS,"JinkoSolar Holding Company Limited American Depositary Shares (each representing 4 Common Shares)",N,,N
JLL,"Jones Lang LaSalle Incorporated Common Stock",N,,N
JLS,"Nuveen Mortgage and Income Fund",N,,N
JMBS,"Janus Henderson Mortgage-Backed Securities ETF",P,,Y
JMEI,"Jumei International Holding Limited American Depositary Shares, each representing ten Class A ordinary share",N,,N
JMF,"Nuveen Energy MLP Total Return Fund Common Shares of Beneficial Interest",N,,N
JMIA,"Jumia Technologies AG American Depositary Shares, each representing two Ordinary Shares",N,,N
JMIN,"JPMorgan U.S. Minimum Volatility ETF",P,,Y
JMLP,"Nuveen All Cap Energy MLP Opportunities Fund Common Shares of Beneficial Interest",N,,N
JMM,"Nuveen Multi-Market Income Fund (MA)",N,,N
JMOM,"JPMorgan U.S. Momentum Factor ETF",P,,Y
JMP,"JMP Group LLC Common Shares",N,,N
JMPNL,"JMP Group LLC - 7.25% Senior Notes due 2027",Q,G,N
JMPNZ,"JMP Group LLC - 6.875% Senior Notes due 2029",Q,G,N
JMST,"JPMorgan Ultra-Short Municipal Income ETF",Z,,Y
JMUB,"JPMorgan Municipal ETF",Z,,Y
JNCE,"Jounce Therapeutics, Inc. - Common Stock",Q,Q,N
JNJ,"Johnson & Johnson Common Stock",N,,N
JNK,"SPDR Bloomberg Barclays High Yield Bond ETF",P,,Y
JNMF,"WisdomTree Japan Multifactor Fund",Z,,Y
JNPR,"Juniper Networks, Inc. Common Stock",N,,N
JNUG,"Direxion Daily Junior Gold Miners Index Bull 2X Shares",P,,Y
JO,"iPathA Series B Bloomberg Coffee Subindex Total Return ETN",P,,N
JOB,"GEE Group Inc. Common Stock",A,,N
JOBS,"51job, Inc. - American Depositary Shares, each representing two common shares",Q,Q,N
JOE,"St. Joe Company (The) Common Stock",N,,N
JOF,"Japan Smaller Capitalization Fund Inc Common Stock",N,,N
JOUT,"Johnson Outdoors Inc. - Class A Common Stock",Q,Q,N
JOYY,"Infusive US Trust ETF Infusive Compounding Global Equities ETF",P,,Y
JP,"Jupai Holdings Limited American Depositary Shares, each representing six ordinary shares",N,,N
JPC,"Nuveen Preferred & Income Opportunities Fund",N,,N
JPED,"JPMorgan Event Driven ETF",P,,Y
JPEM,"JPMorgan Diversified Return Emerging Markets Equity ETF",P,,Y
JPEU,"JPMorgan Diversified Return Europe Equity ETF",P,,Y
JPGB,"JPMorgan Global Bond Opportunities ETF",Z,,Y
JPGE,"JPMorgan Diversified Return Global Equity ETF",P,,Y
JPHF,"J P Morgan Chase & Co ETF",P,,Y
JPHY,"JPMorgan Research Enhanced High Yield ETF",Z,,Y
JPI,"Nuveen Preferred and Income Term Fund Common Shares of Beneficial Interest",N,,N
JPIN,"JPMorgan Diversified Return International Equity ETF",P,,Y
JPLS,"JPMorgan Long/Short ETF",P,,Y
JPM,"JP Morgan Chase & Co. Common Stock",N,,N
JPMB,"JPMorgan USD Emerging Markets Sovereign Bond ETF",P,,Y
JPME,"JPMorgan Diversified Return U.S. Mid Cap Equity ETF",P,,Y
JPMF,"JPMorgan Managed Futures Strategy ETF",P,,Y
JPMV,"iShares Edge MSCI Min Vol Japan ETF",P,,Y
JPN,"Xtrackers Japan JPX-Nikkei 400 Equity ETF",P,,Y
JPNL,"Direxion Daily Japan Bull 3X ETF",P,,Y
JPS,"Nuveen Preferred & Income Securities Fund",N,,N
JPSE,"JPMorgan Diversified Return U.S. Small Cap Equity ETF",P,,Y
JPST,"JPMorgan Ultra-Short Income ETF",Z,,Y
JPT,"Nuveen Preferred and Income 2022 Term Fund Common Shares of Beneficial Interest",N,,N
JPUS,"JPMorgan Diversified Return U.S. Equity ETF",P,,Y
JPXN,"iShares JPX-Nikkei 400 ETF",P,,Y
JQC,"Nuveen Credit Strategies Income Fund Shares of Beneficial Interest",N,,N
JQUA,"JPMorgan U.S. Quality Factor ETF",P,,Y
JRI,"Nuveen Real Asset Income and Growth Fund Common Shares of Beneficial Interest",N,,N
JRJC,"China Finance Online Co. Limited - American Depositary Shares",Q,Q,N
JRO,"Nuveen Floating Rate Income Opportuntiy Fund Shares of Beneficial Interest",N,,N
JRS,"Nuveen Real Estate Income Fund Common Shares of Beneficial Interest",N,,N
JRSH,"Jerash Holdings (US), Inc. - Common Stock",Q,S,N
JRVR,"James River Group Holdings, Ltd. - Common Shares",Q,Q,N
JSD,"Nuveen Short Duration Credit Opportunities Fund Common Shares of Beneficial Interest",N,,N
JSM,"Navient Corporation - 6% Senior Notes due December 15, 2043",Q,Q,N
JSMD,"Janus Henderson Small/Mid Cap Growth Alpha ETF",Q,G,Y
JSML,"Janus Henderson Small Cap Growth Alpha ETF",Q,G,Y
JT,"Jianpu Technology Inc. American depositary shares, each two representing five Class A ordinary shares",N,,N
JTA,"Nuveen Tax-Advantaged Total Return Strategy Fund Common Share of Beneficial Interest",N,,N
JTD,"Nuveen Tax-Advantaged Dividend Growth Fund Common Shares of Beneficial Interest",N,,N
JUST,"Goldman Sachs JUST U.S. Large Cap Equity ETF",P,,Y
JVA,"Coffee Holding Co., Inc. - Common Stock",Q,S,N
JVAL,"JPMorgan U.S. Value Factor ETF",P,,Y
JWN,"Nordstrom, Inc. Common Stock",N,,N
JXI,"iShares Global Utilities ETF",P,,Y
JYNT,"The Joint Corp. - Common Stock",Q,S,N
K,"Kellogg Company Common Stock",N,,N
KAI,"Kadant Inc Common Stock",N,,N
KALA,"Kala Pharmaceuticals, Inc. - Common Stock",Q,Q,N
KALL,"KraneShares MSCI All China Index ETF",P,,Y
KALU,"Kaiser Aluminum Corporation - Common Stock",Q,Q,N
KALV,"KalVista Pharmaceuticals, Inc. - Common Stock",Q,G,N
KAMN,"Kaman Corporation Common Stock",N,,N
KAR,"KAR Auction Services, Inc Common Stock",N,,N
KARS,"KraneShares Electric Vehicles and Future Mobility Index ETF",P,,Y
KB,"KB Financial Group Inc",N,,N
KBA,"KraneShares Bosera MSCI China A ETF",P,,Y
KBAL,"Kimball International, Inc. - Class B Common Stock",Q,Q,N
KBE,"SPDR S&P Bank ETF",P,,Y
KBH,"KB Home Common Stock",N,,N
KBLM,"KBL Merger Corp. IV - Common Stock",Q,S,N
KBLMU,"KBL Merger Corp. IV - Unit",Q,S,N
KBR,"KBR, Inc. Common Stock",N,,N
KBSF,"KBS Fashion Group Limited - Common Stock",Q,S,N
KBWB,"Invesco KBW Bank ETF",Q,G,Y
KBWD,"Invesco KBW High Dividend Yield Financial ETF",Q,G,Y
KBWP,"Invesco KBW Property & Casualty Insurance ETF",Q,G,Y
KBWR,"Invesco KBW Regional Banking ETF",Q,G,Y
KBWY,"Invesco KBW Premium Yield Equity REIT ETF",Q,G,Y
KCCB,"KraneShares CCBS China Corporate High Yield Bond USD Index ETF",P,,Y
KCE,"SPDR S&P Capital Markets ETF",P,,Y
KCNY,"KraneShares E Fund China Commercial Paper ETF",P,,Y
KDFI,"KFA Dynamic Fixed Income ETF",P,,Y
KDMN,"Kadmon Holdings, Inc. Common Stock",N,,N
KDP,"Keurig Dr Pepper Inc. Common Stock",N,,N
KE,"Kimball Electronics, Inc. - Common Stock",Q,Q,N
KELYA,"Kelly Services, Inc. - Class A Common Stock",Q,Q,N
KELYB,"Kelly Services, Inc. - Class B Common Stock",Q,Q,N
KEM,"KEMET Corporation Common Stock",N,,N
KEMQ,"KraneShares Emerging Markets Consumer Technology Index ETF",P,,Y
KEMX,"KraneShares MSCI Emerging Markets ex China Index ETF",P,,Y
KEN,"Kenon Holdings Ltd. Ordinary Shares",N,,N
KEP,"Korea Electric Power Corporation Common Stock",N,,N
KEQU,"Kewaunee Scientific Corporation - Common Stock",Q,G,N
KERN,"Akerna Corp. - Common Stock",Q,S,N
KEX,"Kirby Corporation Common Stock",N,,N
KEY,"KeyCorp Common Stock",N,,N
KEYS,"Keysight Technologies Inc. Common Stock",N,,N
KF,"Korea Fund, Inc. (The) New Common Stock",N,,N
KFFB,"Kentucky First Federal Bancorp - Common Stock",Q,G,N
KFRC,"Kforce, Inc. - Common Stock",Q,Q,N
KFS,"Kingsway Financial Services, Inc. Common Stock (DE)",N,,N
KFY,"Korn Ferry Common Stock",N,,N
KFYP,"KraneShares CICC China Leaders 100 Index ETF",P,,Y
KGC,"Kinross Gold Corporation Common Stock",N,,N
KGJI,"Kingold Jewelry Inc. - Common Stock",Q,S,N
KGRN,"KraneShares MSCI China Environment Index ETF",P,,Y
KHC,"The Kraft Heinz Company - Common Stock",Q,Q,N
KIDS,"OrthoPediatrics Corp. - Common Stock",Q,G,N
KIE,"SPDR S&P Insurance ETF",P,,Y
KIM,"Kimco Realty Corporation Common Stock",N,,N
KIN,"Kindred Biosciences, Inc. - Common Stock",Q,S,N
KINS,"Kingstone Companies, Inc - Common Stock",Q,S,N
KIO,"KKR Income Opportunities Fund Common Shares",N,,N
KIQ,"Kelso Technologies Inc Ordinary Shares",A,,N
KIRK,"Kirkland's, Inc. - Common Stock",Q,Q,N
KJAN,"Innovator ETFs Trust Innovator Russell 2000 Power Buffer ETF - January",Z,,Y
KKR,"KKR & Co. Inc. Class A Common Stock",N,,N
KL,"Kirkland Lake Gold Ltd. Common Shares",N,,N
KLAC,"KLA Corporation  - Common Stock",Q,Q,N
KLCD,"KFA Large Cap Quality Dividend Index ETF",P,,Y
KLDO,"Kaleido Biosciences, Inc. - Common Stock",Q,Q,N
KLDW,"Knowledge Leaders Developed World ETF",P,,Y
KLIC,"Kulicke and Soffa Industries, Inc. - Common Stock",Q,Q,N
KLR,"Kaleyra, Inc. Common Stock",A,,N
KLXE,"KLX Energy Services Holdings, Inc.  - Common Stock",Q,Q,N
KMB,"Kimberly-Clark Corporation Common Stock",N,,N
KMDA,"Kamada Ltd. - Ordinary Shares",Q,Q,N
KMED,"KraneShares Trust KraneShares Emerging Markets Healthcare Index ETF",P,,Y
KMF,"Kayne Anderson Midstream Energy Fund, Inc Common Stock",N,,N
KMI,"Kinder Morgan, Inc. Common Stock",N,,N
KMPH,"KemPharm, Inc. - Common Stock",Q,S,N
KMPR,"Kemper Corporation",N,,N
KMT,"Kennametal Inc. Common Stock",N,,N
KMX,"CarMax Inc",N,,N
KN,"Knowles Corporation Common Stock",N,,N
KNAB,"MicroSectors U.S. Big Banks Index Inverse ETNs",P,,N
KNDI,"Kandi Technologies Group, Inc. - Common Stock",Q,Q,N
KNG,"ETF Series Solutions ETF Cboe Vest S&P 500 Dividend Aristocrats Target Income ETF",Z,,Y
KNL,"Knoll, Inc. Common Stock",N,,N
KNOP,"KNOT Offshore Partners LP Common Units representing Limited Partner Interests",N,,N
KNOW,"Direxion All Cap Insider Sentiment Shares",P,,Y
KNSA,"Kiniksa Pharmaceuticals, Ltd. - Class A Common Stock",Q,Q,N
KNSL,"Kinsale Capital Group, Inc. - Common Stock",Q,Q,N
KNX,"Knight-Swift Transportation Holdings Inc.",N,,N
KO,"Coca-Cola Company (The) Common Stock",N,,N
KOCT,"Innovator Russell 2000 Power Buffer ETF - October",Z,,Y
KOD,"Kodiak Sciences Inc - Common Stock",Q,G,N
KODK,"Eastman Kodak Company Common New",N,,N
KOF,"Coca Cola Femsa S.A.B. de C.V.  American Depositary Shares, each representing 10 Units (each Unit consists of 3 Series B Shares and 5 Series L Shares)",N,,N
KOIN,"Innovation Shares NextGen Protocol ETF",P,,Y
KOL,"VanEck Vectors Coal ETF",P,,Y
KOLD,"ProShares UltraShort Bloomberg Natural Gas",P,,Y
KOMP,"SPDR S&P Kensho New Economies Composite ETF",P,,Y
KOP,"Koppers Holdings Inc. Koppers Holdings Inc. Common Stock",N,,N
KOPN,"Kopin Corporation - Common Stock",Q,Q,N
KORP,"American Century Diversified Corporate Bond ETF",P,,Y
KORU,"Direxion Daily South Korea Bull 3X Shares",P,,Y
KOS,"Kosmos Energy Ltd. Common Shares (DE)",N,,N
KOSS,"Koss Corporation - Common Stock",Q,S,N
KPTI,"Karyopharm Therapeutics Inc. - Common Stock",Q,Q,N
KR,"Kroger Company (The) Common Stock",N,,N
KRA,"Kraton Corporation Common Stock",N,,N
KRC,"Kilroy Realty Corporation Common Stock",N,,N
KRE,"SPDR S&P Regional Banking ETF",P,,Y
KREF,"KKR Real Estate Finance Trust Inc. Common Stock",N,,N
KRG,"Kite Realty Group Trust Common Stock",N,,N
KRKR,"36Kr Holdings Inc. - American Depositary Shares",Q,G,N
KRMA,"Global X Conscious Companies ETF",Q,G,Y
KRMD,"Repro Med Systems, Inc. - Common Stock",Q,S,N
KRNT,"Kornit Digital Ltd. - Ordinary Shares",Q,Q,N
KRNY,"Kearny Financial - Common Stock",Q,Q,N
KRO,"Kronos Worldwide Inc Common Stock",N,,N
KRP,"Kimbell Royalty Partners Common Units Representing Limited Partner Interests",N,,N
KRTX,"Karuna Therapeutics, Inc. - Common Stock",Q,G,N
KRUS,"Kura Sushi USA, Inc. - Class A Common Stock",Q,G,N
KRYS,"Krystal Biotech, Inc. - Common Stock",Q,G,N
KSA,"iShares Trust iShares MSCI Saudi Arabia ETF",P,,Y
KSCD,"KFA Small Cap Quality Dividend Index ETF",P,,Y
KSM,"DWS Strategic Municipal Income Trust",N,,N
KSS,"Kohl's Corporation Common Stock",N,,N
KSU,"Kansas City Southern Common Stock",N,,N
KT,"KT Corporation Common Stock",N,,N
KTB,"Kontoor Brands, Inc. Common Stock ",N,,N
KTCC,"Key Tronic Corporation - Common Stock",Q,G,N
KTF,"DWS Municipal Income Trust",N,,N
KTH,"Structures Products Cp 8% CorTS Issued by Peco Energy Cap Tr II Preferred Stock",N,,N
KTN,"Structured Products Corp 8.205% CorTS 8.205% Corporate Backed Trust Securities (CorTS)",N,,N
KTOS,"Kratos Defense & Security Solutions, Inc. - Common Stock",Q,Q,N
KTOV,"Kitov Pharma Ltd. - American Depositary Shares",Q,S,N
KTP,"Corts 7.625 Pfd Common Stock",N,,N
KURA,"Kura Oncology, Inc. - Common Stock",Q,Q,N
KURE,"KraneShares MSCI All China Health Care Index ETF",P,,Y
KVHI,"KVH Industries, Inc. - Common Stock",Q,Q,N
KW,"Kennedy-Wilson Holdings Inc. Common Stock",N,,N
KWEB,"KraneShares Trust KraneShares CSI China Internet ETF",P,,Y
KWR,"Quaker Chemical Corporation Common Stock",N,,N
KXI,"iShares Global Consumer Staples ETF",P,,Y
KXIN,"Kaixin Auto Holdings - Ordinary Share",Q,S,N
KYN,"Kayne Anderson MLP/Midstream Investment Company Common Stock",N,,N
KZIA,"Kazia Therapeutics Limited - American Depositary Shares",Q,S,N
KZR,"Kezar Life Sciences, Inc. - Common Stock",Q,Q,N
L,"Loews Corporation Common Stock",N,,N
LABD,"Direxion Daily S&P Biotech Bear 3X Shares",P,,Y
LABU,"Direxion Daily S&P Biotech Bull 3X Shares",P,,Y
LAC,"Lithium Americas Corp. Common Shares",N,,N
LACK,"Direxion Daily Consumer Staples Bear 3X Shares",P,,Y
LACQ,"Leisure Acquisition Corp. - Common Stock",Q,S,N
LACQU,"Leisure Acquisition Corp. - Unit",Q,S,N
LAD,"Lithia Motors, Inc. Common Stock",N,,N
LADR,"Ladder Capital Corp Class A Common Stock",N,,N
LAIX,"LAIX Inc. American Depositary Shares, each  representing one Class A Ordinary Share",N,,N
LAKE,"Lakeland Industries, Inc. - Common Stock",Q,G,N
LAMR,"Lamar Advertising Company - Class A Common Stock",Q,Q,N
LANC,"Lancaster Colony Corporation - Common Stock",Q,Q,N
LAND,"Gladstone Land Corporation - Common Stock",Q,G,N
LANDP,"Gladstone Land Corporation - 6.375% Series A Cumulative Term Preferred Stock",Q,G,N
LARK,"Landmark Bancorp Inc. - Common Stock",Q,G,N
LASR,"nLIGHT, Inc. - Common Stock",Q,Q,N
LATN,"Union Acquisition Corp. II - Ordinary Shares",Q,S,N
LATNU,"Union Acquisition Corp. II - Units",Q,S,N
LAUR,"Laureate Education, Inc. - Class A Common Stock",Q,Q,N
LAWS,"Lawson Products, Inc. - Common Stock",Q,Q,N
LAZ,"Lazard LTD. Lazard, LTD. Class A Common Stock",N,,N
LAZY,"Lazydays Holdings, Inc. - Common Stock",Q,S,N
LB,"L Brands, Inc.",N,,N
LBAI,"Lakeland Bancorp, Inc. - Common Stock",Q,Q,N
LBC,"Luther Burbank Corporation - Common Stock",Q,Q,N
LBJ,"Direxion Daily Latin America 3x Bull Shares",P,,Y
LBRDA,"Liberty Broadband Corporation - Class A Common Stock",Q,Q,N
LBRDK,"Liberty Broadband Corporation - Class C Common Stock",Q,Q,N
LBRT,"Liberty Oilfield Services Inc. Class A Common Stock",N,,N
LBTYA,"Liberty Global plc - Class A Ordinary Shares",Q,Q,N
LBTYB,"Liberty Global plc - Class B Ordinary Shares",Q,Q,N
LBTYK,"Liberty Global plc - Class C Ordinary Shares",Q,Q,N
LBY,"Libbey, Inc. Common Stock",A,,N
LC,"LendingClub Corporation Common Stock",N,,N
LCA,"Landcadia Holdings II, Inc. - Class A Common Stock",Q,S,N
LCAHU,"Landcadia Holdings II, Inc. - Unit",Q,S,N
LCI,"Lannett Co Inc Common Stock",N,,N
LCII,"LCI Industries",N,,N
LCNB,"LCNB Corporation - Common Stock",Q,S,N
LCR,"Leuthold Core ETF",P,,Y
LCTX,"Lineage Cell Therapeutics, Inc. Common Stock",A,,N
LCUT,"Lifetime Brands, Inc. - Common Stock",Q,Q,N
LD,"iPath Bloomberg Lead Subindex Total Return SM Index ETN",P,,N
LDEM,"iShares ESG MSCI EM Leaders ETF",Q,G,Y
LDL,"Lydall, Inc. Common Stock",N,,N
LDOS,"Leidos Holdings, Inc. Common Stock",N,,N
LDP,"Cohen & Steers Limited Duration Preferred and Income Fund, Inc.",N,,N
LDRS,"Innovator IBD ETF Leaders ETF",P,,Y
LDSF,"First Trust Low Duration Strategic Focus ETF",Q,G,Y
LDUR,"PIMCO Enhanced Low Duration Active Exchange-Traded Fund",P,,Y
LE,"Lands' End, Inc. - Common Stock",Q,S,N
LEA,"Lear Corporation Common Stock",N,,N
LEAD,"Realty Shares DIVCON Leaders Dividend ETF",Z,,Y
LEAF,"Leaf Group Ltd. Common Stock",N,,N
LECO,"Lincoln Electric Holdings, Inc. - Common Shares",Q,Q,N
LEDS,"SemiLEDS Corporation - Common Stock",Q,S,N
LEE,"Lee Enterprises, Incorporated Common Stock",N,,N
LEG,"Leggett & Platt, Incorporated Common Stock",N,,N
LEGH,"Legacy Housing Corporation - Common Stock",Q,Q,N
LEGR,"First Trust Indxx Innovative Transaction & Process ETF",Q,G,Y
LEJU,"Leju Holdings Limited American Depositary Shares, each representing one Ordinary share",N,,N
LEMB,"iShares J.P. Morgan EM Local Currency Bond",P,,Y
LEN,"Lennar Corporation Class A Common Stock",N,,N
LEND,"Amplify CrowdBureau Peer-to-Peer  Lending & Crowdfunding ETF",P,,Y
LEO,"BNY Mellon Strategic Municipals, Inc. Common Stock",N,,N
LEU,"Centrus Energy Corp. Class A Common Stock",A,,N
LEVI,"Levi Strauss & Co Class A Common Stock",N,,N
LEVL,"Level One Bancorp, Inc. - Common Stock",Q,Q,N
LFAC,"LF Capital Acquistion Corp. - Class A Common Stock",Q,S,N
LFACU,"LF Capital Acquistion Corp. - Unit",Q,S,N
LFC,"China Life Insurance Company Limited American Depositary Shares",N,,N
LFEQ,"VanEck Vectors Long/Flat Trend ETF",P,,Y
LFUS,"Littelfuse, Inc. - Common Stock",Q,Q,N
LFVN,"Lifevantage Corporation - Common Stock",Q,S,N
LGC,"Legacy Acquisition Corp. Class A Common Stock, par value $0.0001 per share",N,,N
LGF.B,"Lions Gate Entertainment Corporation Class B Non-Voting Shares",N,,N
LGH,"HCM Defender 500 Index ETF",P,,Y
LGI,"Lazard Global Total Return and Income Fund Common Stock",N,,N
LGIH,"LGI Homes, Inc. - Common Stock",Q,Q,N
LGL,"LGL Group, Inc. (The) Common Stock",A,,N
LGLV,"SPDR SSGA US Large Cap Low Volatility Index ETF",P,,Y
LGND,"Ligand Pharmaceuticals Incorporated - Common Stock",Q,G,N
LGOV,"First Trust Long Duration Opportunities ETF",P,,Y
LH,"Laboratory Corporation of America Holdings Common Stock",N,,N
LHC,"Leo Holdings Corp. Class A Ordinary Shares",N,,N
LHCG,"LHC Group - common stock",Q,Q,N
LHX,"L3Harris Technologies, Inc. Common Stock",N,,N
LIFE,"aTyr Pharma, Inc. - Common Stock",Q,S,N
LII,"Lennox International, Inc. Common Stock",N,,N
LILA,"Liberty Latin America Ltd. - Class A Common Stock",Q,Q,N
LILAK,"Liberty Latin America Ltd. - Class C Common Stock",Q,Q,N
LIN,"Linde plc Ordinary Share",N,,N
LINC,"Lincoln Educational Services Corporation - Common Stock",Q,Q,N
LIND,"Lindblad Expeditions Holdings Inc.  - Common Stock",Q,S,N
LINX,"Linx S.A. American Depositary Shares, each representing one common share",N,,N
LIQT,"LiqTech International, Inc. - Common Stock",Q,S,N
LIT,"Global X Lithium & Battery Tech ETF",P,,Y
LITB,"LightInTheBox Holding Co., Ltd. American Depositary Shares, each representing 2 ordinary shares",N,,N
LITE,"Lumentum Holdings Inc. - Common Stock",Q,Q,N
LIVE,"Live Ventures Incorporated - Common Stock",Q,S,N
LIVK,"LIV Capital Acquisition Corp. - Class A Ordinary Shares",Q,S,N
LIVKU,"LIV Capital Acquisition Corp. - Unit",Q,S,N
LIVN,"LivaNova PLC - Ordinary Shares",Q,Q,N
LIVX,"LiveXLive Media, Inc. - Common Stock",Q,S,N
LIZI,"LIZHI INC. - American Depositary Shares",Q,G,N
LJPC,"La Jolla Pharmaceutical Company - Common Stock",Q,S,N
LK,"Luckin Coffee Inc. - American Depositary Shares",Q,Q,N
LKCO,"Luokung Technology Corp - Ordinary Shares",Q,S,N
LKFN,"Lakeland Financial Corporation - Common Stock",Q,Q,N
LKOR,"FlexShares Trust FlexShares Credit-Scored US Long Corporate Bond Index Fund",Z,,Y
LKQ,"LKQ Corporation - Common Stock",Q,Q,N
LL,"Lumber Liquidators Holdings, Inc Common Stock",N,,N
LLEX,"Lilis Energy, Inc. Common Stock",A,,N
LLIT,"Lianluo Smart Limited - Class A Common Stock",Q,S,N
LLNW,"Limelight Networks, Inc. - Common Stock",Q,Q,N
LLY,"Eli Lilly and Company Common Stock",N,,N
LM,"Legg Mason, Inc. Common Stock",N,,N
LMAT,"LeMaitre Vascular, Inc. - Common Stock",Q,G,N
LMB,"Limbach Holdings, Inc. - Common Stock",Q,S,N
LMBS,"First Trust Low Duration Opportunities ETF",Q,G,Y
LMFA,"LM Funding America, Inc. - Common Stock",Q,S,N
LMHA,"Legg Mason, Inc. 6.375% Junior Subordinated Notes due 2056",N,,N
LMHB,"Legg Mason, Inc. 5.45% Junior Subordinated Notes due 2056",N,,N
LMLB,"ETRACS Monthly Pay 2xLeveraged Wells Fargo MLP Ex-Energy ETN Series B due June 24, 2044",P,,Y
LMNL,"Liminal BioSciences Inc. - Common Shares",Q,G,N
LMNR,"Limoneira Co - Common Stock",Q,Q,N
LMNX,"Luminex Corporation - Common Stock",Q,Q,N
LMPX,"LMP Automotive Holdings, Inc. - Common Stock",Q,S,N
LMRK,"Landmark Infrastructure Partners LP - Common Units",Q,G,N
LMRKN,"Landmark Infrastructure Partners LP - Preferred Stock",Q,G,N
LMRKO,"Landmark Infrastructure Partners LP - Preferred Units",Q,G,N
LMRKP,"Landmark Infrastructure Partners LP - 8.00% Series A Cumulative Redeemable Perpetual Preferred Units",Q,G,N
LMST,"Limestone Bancorp, Inc. - Common Stock",Q,S,N
LMT,"Lockheed Martin Corporation Common Stock",N,,N
LN,"LINE Corporation American Depositary Shares (each representing one share of Common Stock)",N,,N
LNC,"Lincoln National Corporation Common Stock",N,,N
LND,"Brasilagro Brazilian Agric Real Estate Co Sponsored ADR (Brazil)",N,,N
LNDC,"Landec Corporation - Common Stock",Q,Q,N
LNG,"Cheniere Energy, Inc. Common Stock",A,,N
LNGR,"Global X Longevity Thematic ETF",Q,G,Y
LNN,"Lindsay Corporation Common Stock",N,,N
LNT,"Alliant Energy Corporation - Common Stock",Q,Q,N
LNTH,"Lantheus Holdings, Inc. - Common Stock",Q,G,N
LOAC,"Longevity Acquisition Corporation - Ordinary Shares",Q,S,N
LOACU,"Longevity Acquisition Corporation - Units",Q,S,N
LOAN,"Manhattan Bridge Capital, Inc - Common Stock",Q,S,N
LOB,"Live Oak Bancshares, Inc. - Common Stock",Q,Q,N
LOCO,"El Pollo Loco Holdings, Inc. - Common Stock",Q,Q,N
LODE,"Comstock Mining, Inc. Common Stock",A,,N
LOGC,"LogicBio Therapeutics, Inc. - Common Stock",Q,G,N
LOGI,"Logitech International S.A. - Registered Shares",Q,Q,N
LOGM,"LogMeIn, Inc. - Common Stock",Q,Q,N
LOMA,"Loma Negra Compania Industrial Argentina Sociedad Anonima ADS",N,,N
LONE,"Lonestar Resources US Inc. - Class A Common Stock",Q,G,N
LOOP,"Loop Industries, Inc. - Common Stock",Q,G,N
LOPE,"Grand Canyon Education, Inc. - Common Stock",Q,Q,N
LORL,"Loral Space and Communications, Inc. - Common Stock",Q,Q,N
LOUP,"Innovator Loup Frontier Tech E",P,,Y
LOV,"Spark Networks, Inc. American Depositary Shares (each representing one-tenth of an Ordinary Share)",A,,N
LOVE,"The Lovesac Company - Common Stock",Q,G,N
LOW,"Lowe's Companies, Inc. Common Stock",N,,N
LOWC,"SPDR MSCI ACWI Low Carbon Target ETF",P,,Y
LPCN,"Lipocine Inc. - Common Stock",Q,S,N
LPG,"Dorian LPG Ltd. Common Stock",N,,N
LPI,"Laredo Petroleum, Inc. Common Stock",N,,N
LPL,"LG Display Co, Ltd AMERICAN DEPOSITORY SHARES",N,,N
LPLA,"LPL Financial Holdings Inc. - Common Stock",Q,Q,N
LPSN,"LivePerson, Inc. - Common Stock",Q,Q,N
LPTH,"LightPath Technologies, Inc. - Class A Common Stock",Q,S,N
LPTX,"Leap Therapeutics, Inc. - Common Stock",Q,G,N
LPX,"Louisiana-Pacific Corporation Common Stock",N,,N
LQD,"iShares iBoxx $ Investment Grade Corporate Bond ETF",P,,Y
LQDA,"Liquidia Technologies, Inc. - Common Stock",Q,S,N
LQDH,"iShares Interest Rate Hedged Corporate Bond ETF",P,,Y
LQDI,"iShares Inflation Hedged Corporate Bond ETF",Z,,Y
LQDT,"Liquidity Services, Inc. - Common Stock",Q,Q,N
LRCX,"Lam Research Corporation - Common Stock",Q,Q,N
LRGE,"ClearBridge Large Cap Growth ESG ETF",Q,G,Y
LRGF,"iShares Edge MSCI Multifactor USA ETF",P,,Y
LRN,"K12 Inc Common Stock",N,,N
LRNZ,"TrueMark Technology, AI & Deep Learning ETF",P,,Y
LSAF,"LeaderShares AlphaFactor US Core Equity ETF",P,,Y
LSBK,"Lake Shore Bancorp, Inc. - Common Stock",Q,G,N
LSCC,"Lattice Semiconductor Corporation - Common Stock",Q,Q,N
LSI,"Life Storage, Inc. Common Stock",N,,N
LSLT,"Salt Low truBeta US Market ETF",Z,,Y
LSST,"Natixis ETF Trust Natixis Loomis Sayles Short Duration Income ETF",P,,Y
LSTR,"Landstar System, Inc. - Common Stock",Q,Q,N
LSXMA,"Liberty Media Corporation - Series A Liberty SiriusXM Common Stock",Q,Q,N
LSXMB,"Liberty Media Corporation - Series B Liberty SiriusXM Common Stock",Q,Q,N
LSXMK,"Liberty Media Corporation - Series C Liberty SiriusXM Common Stock",Q,Q,N
LTBR,"Lightbridge Corporation - Common Stock",Q,S,N
LTC,"LTC Properties, Inc. Common Stock",N,,N
LTHM,"Livent Corporation Common Stock",N,,N
LTL,"ProShares Ultra Telecommunications ProShares",P,,Y
LTM,"LATAM Airlines Group S.A.",N,,N
LTPZ,"Pimco 15  Year U.S. TIPS Index Exchange-Traded Fund",P,,Y
LTRPA,"Liberty TripAdvisor Holdings, Inc. - Series A Common Stock",Q,Q,N
LTRPB,"Liberty TripAdvisor Holdings, Inc. - Series B Common Stock",Q,Q,N
LTRX,"Lantronix, Inc. - Common Stock",Q,S,N
LUB,"Luby's, Inc. Common Stock",N,,N
LULU,"lululemon athletica inc. - Common Stock",Q,Q,N
LUMO,"Lumos Pharma, Inc. - Common Stock",Q,G,N
LUNA,"Luna Innovations Incorporated - Common Stock",Q,S,N
LUV,"Southwest Airlines Company Common Stock",N,,N
LVGO,"Livongo Health, Inc. - common stock",Q,Q,N
LVHB,"Innovator Lunt Low Vol/High Beta Tactical ETF",Z,,Y
LVHD,"Legg Mason Low Volatility High Dividend ETF",Q,G,Y
LVHE,"Legg Mason Emerging Markets Low Volatility High Dividend ETF",Z,,Y
LVHI,"Legg Mason International Low Volatility High Dividend ETF",Z,,Y
LVS,"Las Vegas Sands Corp. Common Stock",N,,N
LVUS,"Hartford Multifactor Low Volatility US Equity ETF",Z,,Y
LW,"Lamb Weston Holdings, Inc. Common Stock ",N,,N
LWAY,"Lifeway Foods, Inc. - Common Stock",Q,G,N
LX,"LexinFintech Holdings Ltd. - American Depositary Shares",Q,G,N
LXFR,"Luxfer Holdings PLC Ordinary Shares",N,,N
LXP,"Lexington Realty Trust Common Stock",N,,N
LXRX,"Lexicon Pharmaceuticals, Inc. - Common Stock",Q,Q,N
LXU,"LSB Industries, Inc. Common Stock",N,,N
LYB,"LyondellBasell Industries NV Ordinary Shares Class A (Netherlands)",N,,N
LYFT,"Lyft, Inc. - Class A Common Stock",Q,Q,N
LYG,"Lloyds Banking Group Plc American Depositary Shares",N,,N
LYL,"Dragon Victory International Limited - Ordinary Shares",Q,S,N
LYTS,"LSI Industries Inc. - Common Stock",Q,Q,N
LYV,"Live Nation Entertainment, Inc. Common Stock",N,,N
LZB,"La-Z-Boy Incorporated Common Stock",N,,N
M,"Macy's Inc Common Stock",N,,N
MA,"Mastercard Incorporated Common Stock",N,,N
MAA,"Mid-America Apartment Communities, Inc. Common Stock",N,,N
MAAX,"VanEck Vectors Municipal Allocation ETF",Z,,Y
MAC,"Macerich Company (The) Common Stock",N,,N
MACK,"Merrimack Pharmaceuticals, Inc. - Common Stock",Q,G,N
MAG,"MAG Silver Corporation Ordinary Shares",A,,N
MAGA,"Point Bridge GOP Stock Tracker ETF",Z,,Y
MAGS,"Magal Security Systems Ltd. - Ordinary Shares",Q,G,N
MAIN,"Main Street Capital Corporation Common Stock",N,,N
MAN,"ManpowerGroup Common Stock",N,,N
MANH,"Manhattan Associates, Inc. - Common Stock",Q,Q,N
MANT,"ManTech International Corporation - Class A Common Stock",Q,Q,N
MANU,"Manchester United Ltd. Class A Ordinary Shares",N,,N
MAR,"Marriott International - Class A Common Stock",Q,Q,N
MARA,"Marathon Patent Group, Inc. - Common Stock",Q,S,N
MARB,"First Trust Merger Arbitrage ETF",P,,Y
MARK,"Remark Holdings, Inc. - Common Stock",Q,S,N
MARPS,"Marine Petroleum Trust - Units of Beneficial Interest",Q,S,N
MAS,"Masco Corporation Common Stock",N,,N
MASI,"Masimo Corporation - Common Stock",Q,Q,N
MAT,"Mattel, Inc. - Common Stock",Q,Q,N
MATW,"Matthews International Corporation - Class A Common Stock",Q,Q,N
MATX,"Matson, Inc. Common Stock",N,,N
MAV,"Pioneer Municipal High Income Advantage Trust Common Shares of Beneficial Interest",N,,N
MAXR,"Maxar Technologies Inc.",N,,N
MAYS,"J. W. Mays, Inc. - Common Stock",Q,S,N
MBB,"iShares MBS ETF",Q,G,Y
MBCN,"Middlefield Banc Corp. - Common Stock",Q,S,N
MBI,"MBIA Inc. Common Stock",N,,N
MBII,"Marrone Bio Innovations, Inc. - Common Stock",Q,S,N
MBIN,"Merchants Bancorp - Common Stock",Q,S,N
MBINO,"Merchants Bancorp - Depositary Shares Each Representing a 1/40th Interest in a Share of Series B Fixed-to-Floating Rate",Q,S,N
MBINP,"Merchants Bancorp - 7.00% Fixed-to-Floating Rate Series A Non-Cumulative Perpetual Preferred Stock",Q,S,N
MBIO,"Mustang Bio, Inc. - Common Stock",Q,G,N
MBNKP,"Medallion Bank - Fixed-to-Floating Rate Non-Cumulative Perpetual Preferred Stock, Series F",Q,S,N
MBOT,"Microbot Medical Inc.  - Common Stock",Q,S,N
MBRX,"Moleculin Biotech, Inc. - Common Stock",Q,S,N
MBSD,"FlexShares Disciplined Duration MBS Index Fund",Q,G,Y
MBT,"Mobile TeleSystems PJSC",N,,N
MBUU,"Malibu Boats, Inc. - Common Stock",Q,G,N
MBWM,"Mercantile Bank Corporation - Common Stock",Q,Q,N
MC,"Moelis & Company Class A Common Stock",N,,N
MCA,"Blackrock MuniYield California Quality Fund, Inc. Common Stock",N,,N
MCB,"Metropolitan Bank Holding Corp. Common Stock",N,,N
MCBC,"Macatawa Bank Corporation - Common Stock",Q,Q,N
MCBS,"MetroCity Bankshares, Inc. - Common Stock",Q,Q,N
MCC,"Medley Capital Corporation Common Stock",N,,N
MCD,"McDonald's Corporation Common Stock",N,,N
MCEF,"First Trust Municipal CEF Income Opportunity ETF",Q,G,Y
MCEP,"Mid-Con Energy Partners, LP - Common Units",Q,S,N
MCF,"Contango Oil & Gas Company Common Stock (TX)",A,,N
MCFT,"MasterCraft Boat Holdings, Inc. - Common Stock",Q,G,N
MCHI,"iShares MSCI China ETF",Q,G,Y
MCHP,"Microchip Technology Incorporated - Common Stock",Q,Q,N
MCHX,"Marchex, Inc. - Class B Common Stock",Q,Q,N
MCI,"Barings Corporate Investors Common Stock",N,,N
MCK,"McKesson Corporation Common Stock",N,,N
MCMJ,"Merida Merger Corp. I - Common Stock",Q,S,N
MCN,"Madison Covered Call & Equity Strategy Fund Common Stock",N,,N
MCO,"Moody's Corporation Common Stock",N,,N
MCR,"MFS Charter Income Trust Common Stock",N,,N
MCRB,"Seres Therapeutics, Inc. - Common Stock",Q,Q,N
MCRI,"Monarch Casino & Resort, Inc. - Common Stock",Q,Q,N
MCRO,"IQ Hedge Macro Tracker ETF",P,,Y
MCS,"Marcus Corporation (The) Common Stock",N,,N
MCV,"Medley Capital Corporation 6.125% Senior Notes due 2023",N,,N
MCX,"Medley Capital Corporation 6.50% Notes due 2021",N,,N
MCY,"Mercury General Corporation Common Stock",N,,N
MD,"Mednax, Inc. Common Stock",N,,N
MDB,"MongoDB, Inc. - Class A Common Stock",Q,G,N
MDC,"M.D.C. Holdings, Inc. Common Stock",N,,N
MDCA,"MDC Partners Inc. - Class A Subordinate Voting Shares",Q,Q,N
MDGL,"Madrigal Pharmaceuticals, Inc. - Common Stock",Q,S,N
MDGS,"Medigus Ltd. - American Depositary Shares",Q,S,N
MDIA,"Mediaco Holding Inc. - Class A Common Stock",Q,S,N
MDIV,"First Trust Multi-Asset Diversified Income Index Fund",Q,G,Y
MDJH,"MDJM LTD - Ordinary Shares",Q,S,N
MDLA,"Medallia, Inc. Common Stock",N,,N
MDLQ,"Medley LLC 7.25% Notes due 2024",N,,N
MDLX,"Medley LLC 6.875% Senior Notes due 2026",N,,N
MDLY,"Medley Management Inc. Class A Common Stock",N,,N
MDLZ,"Mondelez International, Inc. - Class A Common Stock",Q,Q,N
MDP,"Meredith Corporation Common Stock",N,,N
MDRR,"Medalist Diversified REIT, Inc. - Common Stock",Q,S,N
MDRRP,"Medalist Diversified REIT, Inc. - Series A Cumulative Redeemable Preferred Stock",Q,S,N
MDRX,"Allscripts Healthcare Solutions, Inc. - common stock",Q,Q,N
MDT,"Medtronic plc. Ordinary Shares",N,,N
MDU,"MDU Resources Group, Inc. Common Stock (Holding Company)",N,,N
MDWD,"MediWound Ltd. - Ordinary Shares",Q,G,N
MDY,"SPDR MidCap Trust Series I",P,,Y
MDYG,"SPDR S&P 400 Mid Cap Growth ETF (based on S&P MidCap 400 Growth Index--symbol: MUV)",P,,Y
MDYV,"SPDR S&P 400 Mid Cap Value ETF (based on S&P MidCap 400 Value Index--symbol: MGD",P,,Y
MEAR,"iShares Short Maturity Municipal Bond ETF",Z,,Y
MEC,"Mayville Engineering Company, Inc. Common Stock",N,,N
MED,"MEDIFAST INC Common Stock",N,,N
MEDP,"Medpace Holdings, Inc. - Common Stock",Q,Q,N
MEDS,"Trxade Group, Inc. - Common Stock",Q,S,N
MEET,"The Meet Group, Inc. - Common Stock",Q,S,N
MEI,"Methode Electronics, Inc. Common Stock",N,,N
MEIP,"MEI Pharma, Inc. - Common Stock",Q,S,N
MELI,"MercadoLibre, Inc. - Common Stock",Q,Q,N
MEN,"Blackrock MuniEnhanced Fund, Inc Common Stock",N,,N
MEOH,"Methanex Corporation - Common Stock",Q,Q,N
MERC,"Mercer International Inc. - Common Stock",Q,Q,N
MESA,"Mesa Air Group, Inc. - Common Stock",Q,Q,N
MESO,"Mesoblast Limited - American Depositary Shares",Q,Q,N
MET,"MetLife, Inc. Common Stock",N,,N
METC,"Ramaco Resources, Inc. - Common Stock",Q,Q,N
METX,"Meten EdtechX Education Group Ltd. - Ordinary Shares",Q,S,N
MEXX,"Direxion Daily MSCI Mexico Bull 3X Shares",P,,Y
MFA,"MFA Financial, Inc.",N,,N
MFAC,"Megalith Financial Acquisition Corp. Class A Common Stock",N,,N
MFC,"Manulife Financial Corporation Common Stock",N,,N
MFD,"Macquarie First Trust Global Common Stock",N,,N
MFDX,"PIMCO Equitiy Series PIMCO RAFI Dynamic Multi-Factor International Equity ETF",P,,Y
MFEM,"PIMCO Equitiy Series PIMCO RAFI Dynamic Multi-Factor Emerging Markets Equity ETF",P,,Y
MFG,"Mizuho Financial Group, Inc. Sponosred ADR (Japan)",N,,N
MFGP,"Micro Focus Intl PLC ADS each representing One Ord Sh",N,,N
MFH,"JMU Limited - American Depositary Shares",Q,S,N
MFIN,"Medallion Financial Corp. - Common Stock",Q,Q,N
MFINL,"Medallion Financial Corp. - 9.000% Notes due 2021",Q,Q,N
MFL,"Blackrock MuniHoldings Investment Quality Fund Common Shares of Beneficial Interest",N,,N
MFM,"MFS Municipal Income Trust Common Stock",N,,N
MFMS,"Motley Fool Small-Cap Growth ETF",Z,,Y
MFNC,"Mackinac Financial Corporation - Common Stock",Q,S,N
MFO,"MFA Financial, Inc. 8.00% Senior Notes due 2042",N,,N
MFSF,"MutualFirst Financial Inc. - Common Stock",Q,G,N
MFT,"Blackrock MuniYield Investment Quality Fund Common Shares of Beneficial Interest",N,,N
MFUS,"PIMCO Equitiy Series PIMCO RAFI Dynamic Multi-Factor U.S. Equity ETF",P,,Y
MFV,"MFS Special Value Trust Common Stock",N,,N
MG,"Mistras Group Inc Common Stock",N,,N
MGA,"Magna International, Inc. Common Stock",N,,N
MGC,"Vanguard Mega Cap ETF",P,,Y
MGEE,"MGE Energy Inc. - Common Stock",Q,Q,N
MGEN,"Miragen Therapeutics, Inc. - Common Stock",Q,S,N
MGF,"MFS Government Markets Income Trust Common Stock",N,,N
MGI,"Moneygram International, Inc. - Common Stock",Q,Q,N
MGIC,"Magic Software Enterprises Ltd. - Ordinary Shares",Q,Q,N
MGK,"Vanguard Mega Cap Growth ETF",P,,Y
MGLN,"Magellan Health, Inc. - Common Stock",Q,Q,N
MGM,"MGM Resorts International Common Stock",N,,N
MGNX,"MacroGenics, Inc. - Common Stock",Q,Q,N
MGP,"MGM Growth Properties LLC Class A common shares representing limited liability company interests",N,,N
MGPI,"MGP Ingredients, Inc. - Common Stock",Q,Q,N
MGR,"Affiliated Managers Group, Inc. 5.875% Junior Subordinated Notes due 2059",N,,N
MGRC,"McGrath RentCorp - Common Stock",Q,Q,N
MGTA,"Magenta Therapeutics, Inc. - Common Stock",Q,G,N
MGTX,"MeiraGTx Holdings plc - Ordinary Shares",Q,Q,N
MGU,"Macquarie Global Infrastructure Total Return Fund Inc. Common Stock",N,,N
MGV,"Vanguard Mega Cap Value ETF",P,,Y
MGY,"Magnolia Oil & Gas Corporation Class A Common Stock",N,,N
MGYR,"Magyar Bancorp, Inc. - Common Stock",Q,G,N
MHD,"Blackrock MuniHoldings Fund, Inc. Common Stock",N,,N
MHE,"BlackRock Massachusetts Tax-Exempt Trust",N,,N
MHF,"Western Asset Municipal High Income Fund, Inc. Common Stock",N,,N
MHH,"Mastech Digital, Inc Common Stock",A,,N
MHI,"Pioneer Municipal High Income Trust Common Shares of Beneficial Interest",N,,N
MHK,"Mohawk Industries, Inc. Common Stock",N,,N
MHLA,"Maiden Holdings, Ltd. 6.625% Notes due 2046",N,,N
MHLD,"Maiden Holdings, Ltd. - Common Stock",Q,S,N
MHN,"Blackrock MuniHoldings New York Quality Fund, Inc. Common Stock",N,,N
MHNC,"Maiden Holdings North America, Ltd. 7.75% Notes due 2043",N,,N
MHO,"M/I Homes, Inc. Common Stock",N,,N
MIC,"Macquarie Infrastructure Corporation Common Stock",N,,N
MICR,"Micron Solutions, Inc. Common Stock",A,,N
MICT,"MICT, Inc. - Common Stock",Q,S,N
MIDD,"The Middleby Corporation - Common Stock",Q,Q,N
MIDF,"iShares Edge MSCI Multifactor USA Mid-Cap ETF",P,,Y
MIDU,"Direxion Mid Cap Bull 3X Shares",P,,Y
MIE,"Cohen & Steers MLP Income and Energy Opportunity Fund, Inc. Common Stock",N,,N
MIK,"The Michaels Companies, Inc. - Common Stock",Q,Q,N
MILN,"Global X Millennials Thematic ETF",Q,G,Y
MIME,"Mimecast Limited - Ordinary Shares",Q,Q,N
MIN,"MFS Intermediate Income Trust Common Stock",N,,N
MINC,"AdvisorShares Newfleet Multi-sector Income ETF",P,,Y
MIND,"Mitcham Industries, Inc. - Common Stock",Q,Q,N
MINDP,"Mitcham Industries, Inc. - Series A 9.00% Series A Cumulative Preferred Stock",Q,Q,N
MINI,"Mobile Mini, Inc. - Common Stock",Q,Q,N
MINT,"PIMCO Enhanced Short Maturity Active Exchange-Traded Fund",P,,Y
MIRM,"Mirum Pharmaceuticals, Inc. - common stock",Q,G,N
MIST,"Milestone Pharmaceuticals Inc. - Common Shares",Q,Q,N
MITK,"Mitek Systems, Inc. - Common Stock",Q,S,N
MITO,"Stealth BioTherapeutics Corp. - American Depositary Shares",Q,G,N
MITT,"AG Mortgage Investment Trust, Inc. Common Stock",N,,N
MIXT,"MiX Telematics Limited American Depositary Shares, each representing 25 Ordinary Shares",N,,N
MIY,"Blackrock MuniYield Michigan Quality Fund, Inc. Common Stock",N,,N
MJ,"ETFMG Alternative Harvest ETF",P,,Y
MJCO,"Majesco - Common Stock",Q,G,N
MJJ,"MicroSectors Cannabis ETNs",P,,Y
MJO,"MicroSectors Cannabis 2X Leveraged ETNs",P,,Y
MKC,"McCormick & Company, Incorporated Common Stock",N,,N
MKD,"Molecular Data Inc. - ADS",Q,S,N
MKGI,"Monaker Group, Inc. - Common Stock",Q,S,N
MKL,"Markel Corporation Common Stock",N,,N
MKSI,"MKS Instruments, Inc. - Common Stock",Q,Q,N
MKTX,"MarketAxess Holdings, Inc. - Common Stock",Q,Q,N
MLAB,"Mesa Laboratories, Inc. - Common Stock",Q,Q,N
MLCO,"Melco Resorts & Entertainment Limited - American Depositary Shares ",Q,Q,N
MLHR,"Herman Miller, Inc. - Common Stock",Q,Q,N
MLI,"Mueller Industries, Inc. Common Stock",N,,N
MLM,"Martin Marietta Materials, Inc. Common Stock",N,,N
MLN,"VanEck Vectors AMT-Free Long Municipal Index ETF",Z,,Y
MLND,"Millendo Therapeutics, Inc.  - Common Stock",Q,S,N
MLNX,"Mellanox Technologies, Ltd. - Ordinary Shares",Q,Q,N
MLP,"Maui Land & Pineapple Company, Inc. Common Stock",N,,N
MLPA,"Global X MLP ETF",P,,Y
MLPB,"ETRACS Alerian MLP Infrastructure Index ETN Series B due April 2, 2040",P,,N
MLPC,"C-Tracks ETNs based on Performance of the Miller/Howard MLP Fundamental Index",P,,N
MLPE,"C-Tracks ETN on Miller/Howard Fundamental MLP Index, Series B, Due July 13, 2026",P,,N
MLPG,"UBS AG Exchange Traded Access Securities (E-TRACS) Linked to the Alerian Natural Gas MLP Index due July 9, 2040",P,,N
MLPI,"UBS AG ETN",P,,N
MLPO,"Credit Suisse Group Exchange Traded Notes due December 4, 2034, Linked to the S&P MLP Index",P,,N
MLPX,"Global X MLP & Energy Infrastructure ETF",P,,Y
MLPY,"Morgan Stanley Cushing MLP High Income Index ETN",P,,N
MLR,"Miller Industries, Inc. Common Stock",N,,N
MLSS,"Milestone Scientific, Inc. Common Stock",A,,N
MLTI,"Credit Suisse X-Links Multi-Asset High Income Exchange Traded Notes (ETNs) due September 28, 2035",P,,Y
MLVF,"Malvern Bancorp, Inc. - Common Stock",Q,G,N
MMAC,"MMA Capital Holdings, Inc. - Common Stock",Q,S,N
MMC,"Marsh & McLennan Companies, Inc. Common Stock",N,,N
MMD,"MainStay MacKay DefinedTerm Municipal Opportunities Fund",N,,N
MMI,"Marcus & Millichap, Inc. Common Stock",N,,N
MMIN,"IQ MacKay Municipal Insured ETF ",P,,Y
MMIT,"IQ MacKay Municipal Intermediate ETF",P,,Y
MMLP,"Martin Midstream Partners L.P. - Common Units Representing Limited Partnership Interests",Q,Q,N
MMM,"3M Company Common Stock",N,,N
MMP,"Magellan Midstream Partners L.P. Limited Partnership",N,,N
MMS,"Maximus, Inc. Common Stock",N,,N
MMSI,"Merit Medical Systems, Inc. - Common Stock",Q,Q,N
MMT,"MFS Multimarket Income Trust Common Stock",N,,N
MMTM,"SPDR S&P 1500 Momentum Tilt ETF",P,,Y
MMU,"Western Asset Managed Municipals Fund, Inc. Common Stock",N,,N
MMX,"Maverix Metals Inc. Common Shares",A,,N
MMYT,"MakeMyTrip Limited - Ordinary Shares",Q,Q,N
MN,"Manning & Napier, Inc. Class A Common Stock",N,,N
MNA,"IQ Merger Arbitrage ETF",P,,Y
MNCL,"Monocle Acquisition Corporation - Common Stock",Q,S,N
MNCLU,"Monocle Acquisition Corporation - Units",Q,S,N
MNDO,"MIND C.T.I. Ltd. - Ordinary Shares",Q,G,N
MNE,"Blackrock Muni New York Intermediate Duration Fund Inc Common Stock",N,,N
MNK,"Mallinckrodt plc Ordinary Shares",N,,N
MNKD,"MannKind Corporation - Common Stock",Q,G,N
MNLO,"Menlo Therapeutics Inc. - Common Stock",Q,Q,N
MNOV,"MediciNova, Inc. - Common Stock",Q,G,N
MNP,"Western Asset Municipal Partners Fund, Inc. Common Stock",N,,N
MNPR,"Monopar Therapeutics Inc. - Common Stock",Q,S,N
MNR,"Monmouth Real Estate Investment Corporation Class A Common Stock",N,,N
MNRL,"Brigham Minerals, Inc. Class A Common Stock",N,,N
MNRO,"Monro, Inc.  - Common Stock",Q,Q,N
MNSB,"MainStreet Bancshares, Inc. - Common Stock",Q,S,N
MNST,"Monster Beverage Corporation - Common Stock",Q,Q,N
MNTA,"Momenta Pharmaceuticals, Inc. - Common Stock",Q,Q,N
MNTX,"Manitex International, Inc. - common stock",Q,S,N
MO,"Altria Group, Inc.",N,,N
MOAT,"VanEck Vectors Morningstar Wide Moat ETF",Z,,Y
MOBL,"MobileIron, Inc. - Common Stock",Q,Q,N
MOD,"Modine Manufacturing Company Common Stock",N,,N
MODN,"Model N, Inc. Common Stock",N,,N
MOFG,"MidWestOne Financial Group, Inc. - Common Stock",Q,Q,N
MOGO,"Mogo Inc. - Common Shares",Q,S,N
MOGU,"MOGU Inc. American Depositary Shares (each  representing 25 Class A Ordinary Shares)",N,,N
MOH,"Molina Healthcare Inc Common Stock",N,,N
MOHO,"ECMOHO Limited - American Depositary Shares",Q,G,N
MOM,"AGFiQ U.S. Market Neutral Momentum Fund",P,,Y
MOMO,"Momo Inc. - American Depositary Shares",Q,Q,N
MOO,"VanEck Vectors Agribusiness ETF",P,,Y
MOR,"MorphoSys AG - American Depositary Shares",Q,Q,N
MORF,"Morphic Holding, Inc. - Common Stock",Q,G,N
MORN,"Morningstar, Inc. - Common Stock",Q,Q,N
MORT,"VanEck Vectors Mortgage REIT Income ETF",P,,Y
MOS,"Mosaic Company (The) Common Stock",N,,N
MOSY,"MoSys, Inc. - Common Stock",Q,S,N
MOTI,"VanEck Vectors Morningstar International Moat ETF",Z,,Y
MOTO,"SmartETFs Smart Transportation & Technology ETF",P,,Y
MOTS,"Motus GI Holdings, Inc. - Common Stock",Q,S,N
MOV,"Movado Group Inc. Common Stock",N,,N
MOXC,"Moxian, Inc. - Common Stock",Q,S,N
MPA,"Blackrock MuniYield Pennsylvania Quality Fund Common Stock",N,,N
MPAA,"Motorcar Parts of America, Inc. - Common Stock",Q,Q,N
MPB,"Mid Penn Bancorp - Common Stock",Q,G,N
MPC,"Marathon Petroleum Corporation Common Stock",N,,N
MPLX,"MPLX LP Common Units Representing Limited Partner Interests",N,,N
MPV,"Barings Participation Investors Common Stock",N,,N
MPW,"Medical Properties Trust, Inc. common stock",N,,N
MPWR,"Monolithic Power Systems, Inc. - Common Stock",Q,Q,N
MPX,"Marine Products Corporation Common Stock",N,,N
MQT,"Blackrock MuniYield Quality Fund II, Inc. Common Stock",N,,N
MQY,"Blackrock MuniYield Quality Fund, Inc. Common Stock",N,,N
MR,"Montage Resources Corporation Common Stock",N,,N
MRAM,"Everspin Technologies, Inc. - Common Stock",Q,G,N
MRBK,"Meridian Corporation - Common Stock",Q,Q,N
MRC,"MRC Global Inc. Common Stock",N,,N
MRCC,"Monroe Capital Corporation - Common Stock",Q,Q,N
MRCCL,"Monroe Capital Corporation - 5.75% Notes due 2023",Q,Q,N
MRCY,"Mercury Systems Inc - Common Stock",Q,Q,N
MREO,"Mereo BioPharma Group plc - American Depositary Shares",Q,G,N
MRGR,"ProShares Merger ETF",Z,,Y
MRIN,"Marin Software Incorporated - Common Stock",Q,G,N
MRK,"Merck & Company, Inc. Common Stock (new)",N,,N
MRKR,"Marker Therapeutics, Inc. - Common Stock",Q,G,N
MRLN,"Marlin Business Services Corp. - Common Stock",Q,Q,N
MRNA,"Moderna, Inc. - Common Stock",Q,Q,N
MRNS,"Marinus Pharmaceuticals, Inc. - Common Stock",Q,G,N
MRO,"Marathon Oil Corporation Common Stock",N,,N
MRSN,"Mersana Therapeutics, Inc. - Common Stock",Q,Q,N
MRTN,"Marten Transport, Ltd. - Common Stock",Q,Q,N
MRTX,"Mirati Therapeutics, Inc. - Common Stock",Q,Q,N
MRUS,"Merus N.V. - Common Shares",Q,G,N
MRVL,"Marvell Technology Group Ltd. - Common Stock",Q,Q,N
MS,"Morgan Stanley Common Stock",N,,N
MSA,"MSA Safety Incorporated Common Stock",N,,N
MSB,"Mesabi Trust Common Stock",N,,N
MSBF,"MSB Financial Corp. - Common Stock",Q,G,N
MSBI,"Midland States Bancorp, Inc. - Common Stock",Q,Q,N
MSC,"Studio City International Holdings Limited American depositary shares, each representing four  Class A ordinary shares",N,,N
MSCI,"MSCI Inc Common Stock",N,,N
MSD,"Morgan Stanley Emerging Markets Debt Fund, Inc. Common Stock",N,,N
MSEX,"Middlesex Water Company - Common Stock",Q,Q,N
MSFT,"Microsoft Corporation - Common Stock",Q,Q,N
MSG,"The Madison Square Garden Company Class A Common Stock (New)",N,,N
MSGN,"MSG Networks Inc. Common Stock",N,,N
MSI,"Motorola Solutions, Inc. Common Stock",N,,N
MSM,"MSC Industrial Direct Company, Inc. Common Stock",N,,N
MSN,"Emerson Radio Corporation Common Stock",A,,N
MSON,"MISONIX, Inc. - Common Stock",Q,G,N
MSTR,"MicroStrategy Incorporated - Class A Common Stock",Q,Q,N
MSUS,"LHA Market State U.S. Tactical ETF ",Z,,Y
MSVB,"Mid-Southern Bancorp, Inc. - Common Stock",Q,S,N
MT,"Arcelor Mittal NY Registry Shares NEW",N,,N
MTA,"Metalla Royalty & Streaming Ltd. Common Shares",A,,N
MTB,"M&T Bank Corporation Common Stock",N,,N
MTBC,"MTBC, Inc. - Common Stock",Q,G,N
MTBCP,"MTBC, Inc. - 11% Series A Cumulative Redeemable Perpetual Preferred Stock",Q,G,N
MTC,"MMTec, Inc. - Common Shares",Q,S,N
MTCH,"Match Group, Inc. - Common Stock",Q,Q,N
MTD,"Mettler-Toledo International, Inc. Common Stock",N,,N
MTDR,"Matador Resources Company Common Stock",N,,N
MTEM,"Molecular Templates, Inc. - Common Stock",Q,S,N
MTEX,"Mannatech, Incorporated - Common Stock",Q,Q,N
MTG,"MGIC Investment Corporation Common Stock",N,,N
MTGP,"WisdomTree Mortgage Plus Bond Fund",P,,Y
MTH,"Meritage Homes Corporation Common Stock",N,,N
MTL,"Mechel PAO American Depositary Shares (Each rep. 1 common shares)",N,,N
MTLS,"Materialise NV - American Depositary Shares",Q,Q,N
MTN,"Vail Resorts, Inc. Common Stock",N,,N
MTNB,"Matinas Biopharma Holdings, Inc. Common Stock",A,,N
MTOR,"Meritor, Inc. Common Stock",N,,N
MTP,"Midatech Pharma PLC - American Depositary Shares",Q,S,N
MTR,"Mesa Royalty Trust Common Stock",N,,N
MTRN,"Materion Corporation",N,,N
MTRX,"Matrix Service Company - Common Stock",Q,Q,N
MTSC,"MTS Systems Corporation - Common Stock",Q,Q,N
MTSI,"MACOM Technology Solutions Holdings, Inc. - Common Stock",Q,Q,N
MTSL,"MER Telemanagement Solutions Ltd. - Ordinary Shares",Q,S,N
MTT,"Western Asset Municipal Defined Opportunity Trust Inc Common Stock",N,,N
MTUM,"iShares Edge MSCI USA Momentum Factor ETF",Z,,Y
MTW,"Manitowoc Company, Inc. (The) Common Stock",N,,N
MTX,"Minerals Technologies Inc. Common Stock",N,,N
MTZ,"MasTec, Inc. Common Stock",N,,N
MU,"Micron Technology, Inc. - Common Stock",Q,Q,N
MUA,"Blackrock MuniAssets Fund, Inc Common Stock",N,,N
MUB,"iShares National Muni Bond ETF",P,,Y
MUC,"Blackrock MuniHoldings California Quality Fund, Inc.  Common Stock",N,,N
MUDS,"Mudrick Capital Acquisition Corporation - Class A Common Stock",Q,S,N
MUDSU,"Mudrick Capital Acquisition Corporation - Unit",Q,S,N
MUE,"Blackrock MuniHoldings Quality Fund II, Inc. Common Stock",N,,N
MUFG,"Mitsubishi UFJ Financial Group, Inc. Common Stock",N,,N
MUH,"Blackrock MuniHoldings Fund II, Inc. Common Stock",N,,N
MUI,"Blackrock Muni Intermediate Duration Fund Inc Common Stock",N,,N
MUJ,"Blackrock MuniHoldings New Jersey Quality Fund, Inc. Common Stock",N,,N
MUNI,"PIMCO Intermediate Municipal Bond Active Exchange-Traded Fund",P,,Y
MUR,"Murphy Oil Corporation Common Stock",N,,N
MUS,"Blackrock MuniHoldings Quality Fund, Inc Common Stock",N,,N
MUSA,"Murphy USA Inc. Common Stock",N,,N
MUST,"Columbia Multi-Sector Municipal Income ETF",P,,Y
MUTE,"Direxion Daily Communication Services Index Bear 3X Shares",P,,Y
MUX,"McEwen Mining Inc. Common Stock",N,,N
MVBF,"MVB Financial Corp. - Common Stock",Q,S,N
MVC,"MVC Capital, Inc. Common Stock",N,,N
MVCD,"MVC Capital, Inc. 6.25% Senior Notes due 2022",N,,N
MVF,"Blackrock MuniVest Fund, Inc. Common Stock",N,,N
MVIN,"Natixis ETF Trust ETF",P,,Y
MVIS,"MicroVision, Inc. - Common Stock",Q,G,N
MVO,"MV Oil Trust Units of Beneficial Interests",N,,N
MVT,"Blackrock MuniVest Fund II, Inc.  Common Stock",N,,N
MVV,"ProShares Ultra MidCap400",P,,Y
MWA,"MUELLER WATER PRODUCTS Common Stock",N,,N
MWK,"Mohawk Group Holdings, Inc. - Common Stock",Q,S,N
MX,"MagnaChip Semiconductor Corporation Depositary Shares, each representing one share of common stock",N,,N
MXC,"Mexco Energy Corporation Common Stock",A,,N
MXDE,"Nationwide Maximum Diversification Emerging Markets Core Equity ETF",P,,Y
MXDU,"Nationwide Maximum Diversification U.S. Core Equity ETF",P,,Y
MXE,"Mexico Equity and Income Fund, Inc. (The) Common Stock",N,,N
MXF,"Mexico Fund, Inc. (The) Common Stock",N,,N
MXI,"iShares Global Materials ETF",P,,Y
MXIM,"Maxim Integrated Products, Inc. - Common Stock",Q,Q,N
MXL,"MaxLinear, Inc. Common Stock",N,,N
MYC,"Blackrock MuniYield California Fund, Inc. Common Stock",N,,N
MYD,"Blackrock MuniYield Fund, Inc.  Common Stock",N,,N
MYE,"Myers Industries, Inc. Common Stock",N,,N
MYF,"Blackrock MuniYield Investment Fund Common Stock",N,,N
MYFW,"First Western Financial, Inc. - Common Stock",Q,Q,N
MYGN,"Myriad Genetics, Inc. - Common Stock",Q,Q,N
MYI,"Blackrock MuniYield Quality Fund III, Inc Common Stock",N,,N
MYJ,"Blackrock MuniYield New Jersey Fund, Inc Common Stock",N,,N
MYL,"Mylan N.V. - Common Stock",Q,Q,N
MYN,"Blackrock MuniYield New York Quality Fund, Inc.Common Stock",N,,N
MYO,"Myomo Inc. Common Stock",A,,N
MYOK,"MyoKardia, Inc. - Common Stock",Q,Q,N
MYOS,"MYOS RENS Technology Inc. - Common Stock",Q,S,N
MYOV,"Myovant Sciences Ltd. Common Shares",N,,N
MYRG,"MYR Group, Inc. - Common Stock",Q,Q,N
MYSZ,"My Size, Inc. - Common Stock",Q,S,N
MYT,"Urban Tea, Inc. - Ordinary Shares",Q,S,N
MYY,"ProShares Short MidCap400",P,,Y
MZA,"Blackrock MuniYield Arizona Fund, Inc. Common Stock",N,,N
MZZ,"ProShares UltraShort MidCap400",P,,Y
NAC,"Nuveen California Quality Municipal Income Fund",N,,N
NACP,"Impact Shares Trust I Impact Shares NAACP Minority Empowerment ETF",P,,Y
NAD,"Nuveen Quality Municipal Income Fund Common Stock",N,,N
NAII,"Natural Alternatives International, Inc. - Common Stock",Q,G,N
NAIL,"Direxion Daily Homebuilders & Supplies Bull 3X Shares",P,,Y
NAK,"Northern Dynasty Minerals, Ltd. Common Stock",A,,N
NAKD,"Naked Brand Group Limited - Ordinary Shares",Q,S,N
NAN,"Nuveen New York Quality Municipal Income Fund Common Stock",N,,N
NANR,"SPDR S&P North American Natural Resources ETF",P,,Y
NAOV,"NanoVibronix, Inc. - Common Stock",Q,S,N
NAT,"Nordic American Tankers Limited Common Stock",N,,N
NATH,"Nathan's Famous, Inc. - Common Stock",Q,Q,N
NATI,"National Instruments Corporation - Common Stock",Q,Q,N
NATR,"Nature's Sunshine Products, Inc. - Common Stock",Q,S,N
NAV,"Navistar International Corporation Common Stock",N,,N
NAVB,"Navidea Biopharmaceuticals, Inc. Common Stock",A,,N
NAVI,"Navient Corporation - Common Stock",Q,Q,N
NAZ,"Nuveen Arizona Quality Municipal Income Fund Common Stock",N,,N
NBACU,"Newborn Acquisition Corp. - Unit",Q,S,N
NBB,"Nuveen Taxable Municipal Income Fund Common Shares of Beneficial Interest",N,,N
NBEV,"New Age Beverages Corporation - Common Stock",Q,S,N
NBH,"Neuberger Berman Municipal Fund Inc. Common Stock",A,,N
NBHC,"National Bank Holdings Corporation Common Stock",N,,N
NBIX,"Neurocrine Biosciences, Inc. - Common Stock",Q,Q,N
NBL,"Noble Energy Inc. - Common Stock",Q,Q,N
NBLX,"Noble Midstream Partners LP - Common Units, Representing Limited Partner Interests",Q,Q,N
NBN,"Northeast Bank - Common Stock",Q,G,N
NBO,"Neuberger Berman New York Municipal Fund Inc. Common Stock",A,,N
NBR,"Nabors Industries Ltd.",N,,N
NBRV,"Nabriva Therapeutics plc - Ordinary Shares",Q,Q,N
NBSE,"NeuBase Therapeutics, Inc.  - Common Stock",Q,S,N
NBTB,"NBT Bancorp Inc. - Common Stock",Q,Q,N
NBW,"Neuberger Berman California Municipal Fund Inc Common Stock",A,,N
NBY,"NovaBay Pharmaceuticals, Inc. Common Stock",A,,N
NC,"NACCO Industries, Inc. Common Stock",N,,N
NCA,"Nuveen California Municipal Value Fund, Inc. Common Stock",N,,N
NCB,"Nuveen California Municipal Value Fund 2 Common Shares of Beneficial Interest",N,,N
NCBS,"Nicolet Bankshares Inc. - Common Stock",Q,S,N
NCLH,"Norwegian Cruise Line Holdings Ltd. Ordinary Shares",N,,N
NCMI,"National CineMedia, Inc. - Common Stock",Q,Q,N
NCNA,"NuCana plc - American Depositary Shares",Q,Q,N
NCR,"NCR Corporation Common Stock",N,,N
NCSM,"NCS Multistage Holdings, Inc. - Common Stock",Q,Q,N
NCTY,"The9 Limited - American Depository Shares representing three ordinary shares",Q,S,N
NCV,"AllianzGI Convertible & Income Fund",N,,N
NCZ,"AllianzGI Convertible & Income Fund II Common Shares of Beneficial Interest",N,,N
NDAQ,"Nasdaq, Inc. - Common Stock",Q,Q,N
NDLS,"Noodles & Company - Common Stock",Q,Q,N
NDP,"Tortoise Energy Independence Fund, Inc. Common Stock",N,,N
NDRA,"ENDRA Life Sciences Inc. - Common Stock",Q,S,N
NDSN,"Nordson Corporation - Common Stock",Q,Q,N
NE,"Noble Corporation Ordinary Shares (UK)",N,,N
NEA,"Nuveen AMT-Free Quality Municipal Income Fund Common Shares of Beneficial Interest Par Value $.01",N,,N
NEAR,"iShares Short Maturity Bond ETF",Z,,Y
NEBU,"Nebula Acquisition Corporation - Class A Common Stock",Q,S,N
NEBUU,"Nebula Acquisition Corporation - Unit",Q,S,N
NEBUW,"Nebula Acquisition Corporation - Warrant",Q,S,N
NEE,"NextEra Energy, Inc. Common Stock",N,,N
NEED,"Direxion Daily Consumer Staples Bull 3X Shares",P,,Y
NEM,"Newmont Corporation",N,,N
NEN,"New England Realty Associates Limited Partnership Class A Depositary Receipts Evidencing Units of Limited Partnership",A,,N
NEO,"NeoGenomics, Inc. - Common Stock",Q,S,N
NEOG,"Neogen Corporation - Common Stock",Q,Q,N
NEON,"Neonode Inc. - Common Stock",Q,S,N
NEOS,"Neos Therapeutics, Inc. - Common Stock",Q,G,N
NEP,"NextEra Energy Partners, LP Common Units representing limited partner interests",N,,N
NEPH,"Nephros, Inc. - Common Stock",Q,S,N
NEPT,"Neptune Wellness Solutions Inc. - Ordinary Shares",Q,S,N
NERD,"Roundhill BITKRAFT Esports & Digital Entertainment ETF",P,,Y
NERV,"Minerva Neurosciences, Inc - Common Stock",Q,G,N
NES,"Nuverra Environmental Solutions, Inc. Common Stock",A,,N
NESR,"National Energy Services Reunited Corp. - Ordinary Shares",Q,S,N
NET,"Cloudflare, Inc. Class A Common Stock",N,,N
NETE,"Net Element, Inc. - Common Stock",Q,S,N
NETL,"NETLease Corporate Real Estate ETF",P,,Y
NEU,"NewMarket Corp Common Stock",N,,N
NEV,"Nuveen Enhanced Municipal Value Fund Common Shares of Beneficial Interest",N,,N
NEW,"Puxin Limited American Depositary Shares, each representing two Ordinary Shares",N,,N
NEWA,"Newater Technology, Inc. - Ordinary Shares",Q,S,N
NEWR,"New Relic, Inc. Common Stock",N,,N
NEWT,"Newtek Business Services Corp. - Common Stock",Q,G,N
NEWTL,"Newtek Business Services Corp. - 5.75% Notes due 2024",Q,G,N
NEX,"NexTier Oilfield Solutions Inc. Common Stock",N,,N
NEXA,"Nexa Resources S.A. Common Shares",N,,N
NEXT,"NextDecade Corporation - Common Stock",Q,S,N
NFBK,"Northfield Bancorp, Inc. - Common Stock",Q,Q,N
NFE,"New Fortress Energy LLC - Class A Shares Representing Limited Liability Company Interests.",Q,Q,N
NFG,"National Fuel Gas Company Common Stock",N,,N
NFH,"New Frontier Health Corporation Ordinary Shares",N,,N
NFIN,"Netfin Acquisition Corp. - Class A Ordinary Shares",Q,S,N
NFINU,"Netfin Acquisition Corp. - Unit",Q,S,N
NFJ,"AllianzGI NFJ Dividend, Interest & Premium Strategy Fund",N,,N
NFLT,"Virtus Newfleet Multi-Sector Bond ETF",P,,Y
NFLX,"Netflix, Inc. - Common Stock",Q,Q,N
NFRA,"FlexShares STOXX Global Broad Infrastructure Index Fund",P,,Y
NFTY,"First Trust India Nifty 50 Equal Weight ETF",Q,G,Y
NG,"Novagold Resources Inc.",A,,N
NGD,"New Gold Inc.",A,,N
NGE,"Global X MSCI Nigeria ETF",P,,Y
NGG,"National Grid Transco, PLC National Grid PLC (NEW) American Depositary Shares",N,,N
NGHC,"National General Holdings Corp - Common Stock",Q,G,N
NGHCN,"National General Holdings Corp - Depositary Shares, each representing 1/40th of a share of 7.50% Non-Cumulative Preferred Stock, Series C",Q,G,N
NGHCO,"National General Holdings Corp - Depositary Shares",Q,G,N
NGHCP,"National General Holdings Corp - 7.50% Non-Cumulative Preferred Stock, Series A",Q,G,N
NGHCZ,"National General Holdings Corp - 7.625% Subordinated Notes due 2055",Q,G,N
NGL,"NGL ENERGY PARTNERS LP Common Units representing Limited Partner Interests",N,,N
NGM,"NGM Biopharmaceuticals, Inc. - Common Stock",Q,Q,N
NGS,"Natural Gas Services Group, Inc. Common Stock",N,,N
NGVC,"Natural Grocers by Vitamin Cottage, Inc. Common Stock",N,,N
NGVT,"Ingevity Corporation Common Stock ",N,,N
NH,"NantHealth, Inc. - Common Stock",Q,Q,N
NHA,"Nuveen Municipal 2021 Target Term Fund Fund",N,,N
NHC,"National HealthCare Corporation Common Stock",A,,N
NHF,"NexPoint Strategic Opportunities Fund",N,,N
NHI,"National Health Investors, Inc. Common Stock",N,,N
NHLD,"National Holdings Corporation - Common Stock",Q,S,N
NHS,"Neuberger Berman High Yield Strategies Fund",A,,N
NHTC,"Natural Health Trends Corp. - Commn Stock",Q,S,N
NI,"NiSource Inc Common Stock",N,,N
NIB,"iPath Bloomberg Cocoa Subindex Total Return SM IndexETN",P,,N
NICE,"NICE Ltd - American Depositary Shares each representing one Ordinary Share",Q,Q,N
NICK,"Nicholas Financial, Inc. - Common Stock",Q,Q,N
NID,"Nuveen Intermediate Duration Municipal Term Fund Common Shares of Beneficial Interest",N,,N
NIE,"AllianzGI Equity & Convertible Income Fund",N,,N
NIM,"Nuveen Select Maturities Municipal Fund Common Stock",N,,N
NINE,"Nine Energy Service, Inc. Common Stock",N,,N
NIO,"NIO Inc. American depositary shares, each  representing one Class A ordinary share",N,,N
NIQ,"Nuveenn Intermediate Duration Quality Municipal Term Fund Common Shares of Beneficial Interest",N,,N
NIU,"Niu Technologies - American Depositary Shares",Q,G,N
NJAN,"Innovator ETFs Trust Innovator Nasdaq-100 Power Buffer ETF - January",Z,,Y
NJR,"NewJersey Resources Corporation Common Stock",N,,N
NJV,"Nuveen New Jersey Municipal Value Fund Common Shares of Beneficial Interest",N,,N
NK,"NantKwest, Inc. - Common Stock",Q,Q,N
NKE,"Nike, Inc. Common Stock",N,,N
NKG,"Nuveen Georgia Quality Municipal Income Fund ",N,,N
NKSH,"National Bankshares, Inc. - Common Stock",Q,S,N
NKTR,"Nektar Therapeutics - Common Stock",Q,Q,N
NKX,"Nuveen California AMT-Free Quality Municipal Income Fund",N,,N
NL,"NL Industries, Inc. Common Stock",N,,N
NLOK,"NortonLifeLock Inc. - Common Stock",Q,Q,N
NLR,"VanEck Vectors Uranium & Nuclear Energy ETF",P,,Y
NLS,"Nautilus, Inc. Common Stock",N,,N
NLSN,"Nielsen N.V. Ordinary Shares",N,,N
NLTX,"Neoleukin Therapeutics, Inc. - Common Stock",Q,G,N
NLY,"Annaly Capital Management Inc Common Stock",N,,N
NM,"Navios Maritime Holdings Inc. Common Stock",N,,N
NMCI,"Navios Maritime Containers L.P. - Common units representing limited partner interests",Q,Q,N
NMCO,"Nuveen Municipal Credit Opportunities Fund Common Shares",N,,N
NMFC,"New Mountain Finance Corporation Common Stock",N,,N
NMFX,"New Mountain Finance Corporation 5.75% Notes due 2023",N,,N
NMI,"Nuveen Municipal Income Fund, Inc. Common Stock",N,,N
NMIH,"NMI Holdings Inc - Common Stock",Q,G,N
NML,"Neuberger Berman MLP and Energy Income Fund Inc. Common Stock",A,,N
NMM,"Navios Maritime Partners LP Common Units Representing Limited Partner Interests",N,,N
NMR,"Nomura Holdings Inc ADR American Depositary Shares",N,,N
NMRD,"Nemaura Medical Inc. - Common Stock",Q,S,N
NMRK,"Newmark Group, Inc. - Class A Common Stock",Q,Q,N
NMS,"Nuveen Minnesota Quality Municipal Income Fund ",N,,N
NMT,"Nuveen Massachusetts Quality Municipal Income Fund Common Stock",N,,N
NMY,"Nuveen Maryland Quality Municipal Income Fund Common Stock",N,,N
NMZ,"Nuveen Municipal High Income Opportunity Fund Common Stock, $0.01 par value, per share",N,,N
NNA,"Navios Maritime Acquisition Corporation Common stock",N,,N
NNBR,"NN, Inc. - Common Stock",Q,Q,N
NNDM,"Nano Dimension Ltd. - American Depositary Shares",Q,S,N
NNI,"Nelnet, Inc. Common Stock",N,,N
NNN,"National Retail Properties Common Stock",N,,N
NNVC,"NanoViricides, Inc. Common Stock",A,,N
NNY,"Nuveen New York Municipal Value Fund, Inc. Common Stock",N,,N
NOA,"North American Construction Group Ltd. Common Shares (no par)",N,,N
NOAH,"Noah Holdings Limited",N,,N
NOBL,"ProShares S&P 500 Dividend Aristocrats ETF",Z,,Y
NOC,"Northrop Grumman Corporation Common Stock",N,,N
NOCT,"Innovator Nasdaq-100 Power Buffer ETF- October",Z,,Y
NODK,"NI Holdings, Inc. - Common Stock",Q,S,N
NOG,"Northern Oil and Gas, Inc. Common Stock",A,,N
NOK,"Nokia Corporation Sponsored American Depositary Shares",N,,N
NOM,"Nuveen Missouri Quality Municipal Income Fund ",N,,N
NOMD,"Nomad Foods Limited Ordinary Shares",N,,N
NORW,"Global X MSCI Norway ETF",P,,Y
NOV,"National Oilwell Varco, Inc. Common Stock",N,,N
NOVA,"Sunnova Energy International Inc. Common Stock",N,,N
NOVN,"Novan, Inc. - Common Stock",Q,G,N
NOVT,"Novanta Inc. - Common Shares",Q,Q,N
NOW,"ServiceNow, Inc. Common Stock",N,,N
NP,"Neenah, Inc. Common Stock",N,,N
NPA,"New Providence Acquisition Corp. - Class A Common Stock",Q,S,N
NPAUU,"New Providence Acquisition Corp. - Unit",Q,S,N
NPK,"National Presto Industries, Inc. Common Stock",N,,N
NPN,"Nuveen Pennsylvania Municipal Value Fund Common Shares of Beneficial Interest",N,,N
NPO,"EnPro Industries Inc",N,,N
NPTN,"NeoPhotonics Corporation Common Stock",N,,N
NPV,"Nuveen Virginia Quality Municipal Income Fund Common Stock",N,,N
NQP,"Nuveen Pennsylvania Quality Municipal Income Fund Common Stock",N,,N
NR,"Newpark Resources, Inc. Common Stock",N,,N
NRBO,"NeuroBo Pharmaceuticals, Inc. - Common Stock",Q,S,N
NRC,"National Research Corporation - Common Stock",Q,Q,N
NREF,"NexPoint Real Estate Finance, Inc. Common Stock",N,,N
NRG,"NRG Energy, Inc. Common Stock",N,,N
NRGD,"MicroSectors U.S. Big Oil Index -3X Inverse Leveraged ETN",P,,N
NRGO,"MicroSectors U.S. Big Oil Index 2X Leveraged ETN",P,,N
NRGU,"MicroSectors U.S. Big Oil Index 3X Leveraged ETN",P,,N
NRGX,"PIMCO Energy and Tactical Credit Opportunities Fund Common Shares of Beneficial Interest",N,,N
NRGZ,"MicroSectors U.S. Big Oil Index -2X Inverse Leveraged ETN",P,,N
NRIM,"Northrim BanCorp Inc - Common Stock",Q,Q,N
NRK,"Nuveen New York AMT-Free Quality Municipal Income Fund ",N,,N
NRO,"Neuberger Berman Real Estate Securities Income Fund, Inc. Neuberger Berman Real Estate Securities Income Fund, Inc.",A,,N
NRP,"Natural Resource Partners LP Limited Partnership",N,,N
NRT,"North European Oil Royality Trust Common Stock",N,,N
NRUC,"National Rural Utilities Cooperative Finance Corporation 5.500% Subordinated Notes due 2064 (Subordinated Deferrable Interest Notes)",N,,N
NRZ,"New Residential Investment Corp. Common Stock",N,,N
NS,"Nustar Energy L.P.  Common Units",N,,N
NSA,"National Storage Affiliates Trust Common Shares of Beneficial Interest",N,,N
NSC,"Norfolk Southern Corporation Common Stock",N,,N
NSCO,"Nesco Holdings, Inc. Common Stock",N,,N
NSEC,"National Security Group, Inc. - Common Stock",Q,G,N
NSIT,"Insight Enterprises, Inc. - Common Stock",Q,Q,N
NSL,"Nuveen Senior Income Fund Common Stock",N,,N
NSP,"Insperity, Inc. Common Stock",N,,N
NSPR,"InspireMD Inc. Common Stock",A,,N
NSS,"NuStar Logistics, L.P. 7.625% Fixed-to-Floating Rate Subordinated Notes due 2043",N,,N
NSSC,"NAPCO Security Technologies, Inc. - Common Stock",Q,Q,N
NSTG,"NanoString Technologies, Inc. - Common Stock",Q,G,N
NSYS,"Nortech Systems Incorporated - Common Stock",Q,S,N
NTAP,"NetApp, Inc. - Common Stock",Q,Q,N
NTB,"Bank of N.T. Butterfield & Son Limited (The) Voting Ordinary Shares",N,,N
NTCO,"Natura &Co Holding S.A. American Depositary Shares ",N,,N
NTCT,"NetScout Systems, Inc. - Common Stock",Q,Q,N
NTEC,"Intec Pharma Ltd. - Ordinary Shares",Q,S,N
NTES,"NetEase, Inc. - American Depositary Shares, each representing 25 ordinary shares",Q,Q,N
NTG,"Tortoise Midstream Energy Fund, Inc. Common Stock",N,,N
NTGN,"Neon Therapeutics, Inc. - Common Stock",Q,Q,N
NTGR,"NETGEAR, Inc. - Common Stock",Q,Q,N
NTIC,"Northern Technologies International Corporation - Common Stock",Q,G,N
NTIP,"Network-1 Technologies, Inc. Common Stock",A,,N
NTLA,"Intellia Therapeutics, Inc. - Common Stock",Q,G,N
NTN,"NTN Buzztime, Inc. Common Stock",A,,N
NTNX,"Nutanix, Inc. - Class A Common Stock",Q,Q,N
NTP,"Nam Tai Property Inc. Common Stock",N,,N
NTR,"Nutrien Ltd. Common Shares",N,,N
NTRA,"Natera, Inc. - Common Stock",Q,Q,N
NTRP,"Neurotrope, Inc. - Common Stock",Q,S,N
NTRS,"Northern Trust Corporation - Common Stock",Q,Q,N
NTRSO,"Northern Trust Corporation - Depositary Shares Each Representing a 1/1,000th Interest in a Share of Series E Non-Cumulative Perpetual Preferred Stock",Q,Q,N
NTSX,"WisdomTree 90/60 U.S. Balanced Fund",P,,Y
NTUS,"Natus Medical Incorporated - Common Stock",Q,Q,N
NTWK,"NETSOL Technologies Inc. - Common Stock",Q,S,N
NTZ,"Natuzzi, S.p.A.",N,,N
NUAG,"Nuveen Enhanced Yield U.S. Aggregate Bond ETF",P,,Y
NUAN,"Nuance Communications, Inc. - Common Stock",Q,Q,N
NUBD,"Nuveen ESG U.S. Aggregate Bond ETF",P,,Y
NUDM,"Nuveen ESG International Developed Markets Equity ETF",Z,,Y
NUE,"Nucor Corporation Common Stock",N,,N
NUEM,"Nuveen ESG Emerging Markets Equity ETF",Z,,Y
NUGT,"Direxion Daily Gold Miners Index Bull 2XShares",P,,Y
NUHY,"Nuveen ESG High Yield Corporate Bond ETF",P,,Y
NULC,"Nuveen ESG Large-Cap ETF",Z,,Y
NULG,"Nuveen ESG Large-Cap Growth ETF",Z,,Y
NULV,"Nuveen ESG Large-Cap Value ETF",Z,,Y
NUM,"Nuveen Michigan Quality Municipal Income Fund Common Stock",N,,N
NUMG,"Nuveen ESG Mid-Cap Growth ETF",Z,,Y
NUMV,"Nuveen ESG Mid-Cap Value ETF",Z,,Y
NUO,"Nuveen Ohio Quality Municipal Income Fund Common Stock",N,,N
NURE,"Nuveen Short-Term REIT ETF",Z,,Y
NURO,"NeuroMetrix, Inc. - Common Stock",Q,S,N
NUS,"Nu Skin Enterprises, Inc. Common Stock",N,,N
NUSA,"Nuveen Enhanced Yield 1-5 Year U.S. Aggregate Bond ETF",P,,Y
NUSC,"Nuveen ESG Small-Cap ETF",Z,,Y
NUSI,"Nationwide Risk-Managed Income ETF",P,,Y
NUV,"Nuveen Municipal Value Fund, Inc. Common Stock",N,,N
NUVA,"NuVasive, Inc. - Common Stock",Q,Q,N
NUW,"Nuveen AMT-Free Municipal Value Fund",N,,N
NVAX,"Novavax, Inc. - Common Stock",Q,Q,N
NVCN,"Neovasc Inc. - Common Shares",Q,S,N
NVCR,"NovoCure Limited - Ordinary Shares",Q,Q,N
NVDA,"NVIDIA Corporation - Common Stock",Q,Q,N
NVEC,"NVE Corporation - Common Stock",Q,S,N
NVEE,"NV5 Global, Inc. - Common Stock",Q,S,N
NVFY,"Nova Lifestyle, Inc - Common Stock",Q,S,N
NVG,"Nuveen AMT-Free Municipal Credit Income Fund ",N,,N
NVGS,"Navigator Holdings Ltd. Ordinary Shares (Marshall Islands)",N,,N
NVIV,"InVivo Therapeutics Holdings Corp. - Common Stock",Q,S,N
NVMI,"Nova Measuring Instruments Ltd. - Ordinary Shares",Q,Q,N
NVO,"Novo Nordisk A/S Common Stock",N,,N
NVR,"NVR, Inc. Common Stock",N,,N
NVRO,"Nevro Corp. Common Stock",N,,N
NVS,"Novartis AG Common Stock",N,,N
NVST,"Envista Holdings Corporation Common Stock",N,,N
NVT,"nVent Electric plc Ordinary Shares ",N,,N
NVTA,"Invitae Corporation Common Stock",N,,N
NVUS,"Novus Therapeutics, Inc. - Common Stock",Q,S,N
NWBI,"Northwest Bancshares, Inc. - Common Stock",Q,Q,N
NWE,"NorthWestern Corporation Common Stock",N,,N
NWFL,"Norwood Financial Corp. - Common Stock",Q,G,N
NWGI,"Newgioco Group, Inc. - Common Stock",Q,S,N
NWHM,"New Home Company Inc. (The) Common Stock",N,,N
NWL,"Newell Brands Inc. - Common Stock",Q,Q,N
NWLI,"National Western Life Group, Inc. - Class A Common Stock",Q,Q,N
NWN,"Northwest Natural Holding Company Common Stock",N,,N
NWPX,"Northwest Pipe Company - Common Stock",Q,Q,N
NWS,"News Corporation - Class B Common Stock",Q,Q,N
NWSA,"News Corporation - Class A Common Stock",Q,Q,N
NX,"Quanex Building Products Corporation Common Stock",N,,N
NXC,"Nuveen California Select Tax-Free Income Portfolio Common Stock",N,,N
NXE,"Nexgen Energy Ltd. Common Shares",A,,N
NXGN,"NextGen Healthcare, Inc. - Common Stock",Q,Q,N
NXJ,"Nuveen New Jersey Qualified Municipal Fund ",N,,N
NXN,"Nuveen New York Select Tax-Free Income Portfolio Common Stock",N,,N
NXP,"Nuveen Select Tax Free Income Portfolio Common Stock",N,,N
NXPI,"NXP Semiconductors N.V. - Common Stock",Q,Q,N
NXQ,"Nuveen Select Tax Free Income Portfolio II Common Stock",N,,N
NXR,"Nuveen Select Tax Free Income Portfolio III Common Stock",N,,N
NXRT,"NexPoint Residential Trust, Inc. Common Stock",N,,N
NXST,"Nexstar Media Group, Inc. - Class A Common Stock",Q,Q,N
NXTC,"NextCure, Inc. - Common Stock",Q,Q,N
NXTD,"NXT-ID Inc. - Common Stock",Q,S,N
NXTG,"First Trust Indxx NextG ETF",Q,G,Y
NYCB,"New York Community Bancorp, Inc. Common Stock",N,,N
NYF,"iShares New York Muni Bond ETF",P,,Y
NYMT,"New York Mortgage Trust, Inc. - Common Stock",Q,Q,N
NYMTM,"New York Mortgage Trust, Inc. - 7.875% Series E Fixed-to-Floating Rate Cumulative Redeemable Preferred Stock",Q,Q,N
NYMTN,"New York Mortgage Trust, Inc. - 8.00% Series D Fixed-to-Floating Rate Cumulative Redeemable Preferred Stock",Q,Q,N
NYMTO,"New York Mortgage Trust, Inc. - 7.875% Series C Cumulative Redeemable Preferred Stock",Q,Q,N
NYMTP,"New York Mortgage Trust, Inc. - 7.75% Series B Cumulative Redeemable Preferred Stock",Q,Q,N
NYMX,"Nymox Pharmaceutical Corporation - Common Stock",Q,S,N
NYT,"New York Times Company (The) Common Stock",N,,N
NYV,"Nuveen New York Municipal Value Fund 2 Common Shares of Beneficial Interest",N,,N
NZF,"Nuveen Municipal Credit Income Fund ",N,,N
O,"Realty Income Corporation Common Stock",N,,N
OAC,"Oaktree Acquisition Corp. Class A Ordinary Shares",N,,N
OAS,"Oasis Petroleum Inc. - Common Stock",Q,S,N
OBAS,"Optibase Ltd. - Ordinary Shares",Q,G,N
OBCI,"Ocean Bio-Chem, Inc. - Common Stock",Q,S,N
OBLG,"Oblong Inc. Common Stock",A,,N
OBLN,"Obalon Therapeutics, Inc. - Common Stock",Q,G,N
OBNK,"Origin Bancorp, Inc. - Common Stock",Q,Q,N
OBOR,"KraneShares MSCI One Belt One Road Index ETF",P,,Y
OBSV,"ObsEva SA - Common Shares",Q,Q,N
OC,"Owens Corning Inc Common Stock New",N,,N
OCC,"Optical Cable Corporation - Common Stock",Q,G,N
OCCI,"OFS Credit Company, Inc. - Common Stock",Q,S,N
OCCIP,"OFS Credit Company, Inc. - 6.875% Series A Term Preferred Stock",Q,S,N
OCFC,"OceanFirst Financial Corp. - Common Stock",Q,Q,N
OCFT,"OneConnect Financial Technology Co., Ltd. American Depositary Shares, each representing three ordinary shares",N,,N
OCGN,"Ocugen, Inc. - Common Stock",Q,S,N
OCIO,"ETF Series Solutions Trust ETF",P,,Y
OCN,"Ocwen Financial Corporation NEW Common Stock",N,,N
OCSI,"Oaktree Strategic Income Corporation - Common Stock",Q,Q,N
OCSL,"Oaktree Specialty Lending Corporation - Common Stock",Q,Q,N
OCUL,"Ocular Therapeutix, Inc. - Common Stock",Q,G,N
OCX,"OncoCyte Corporation Common Stock",A,,N
ODC,"Oil-Dri Corporation Of America Common Stock",N,,N
ODFL,"Old Dominion Freight Line, Inc. - Common Stock",Q,Q,N
ODP,"Office Depot, Inc. - Common Stock",Q,Q,N
ODT,"Odonate Therapeutics, Inc. - Common Stock",Q,Q,N
OEC,"Orion Engineered Carbons S.A Common Shares",N,,N
OEF,"iShares S&P 100 ETF",P,,Y
OESX,"Orion Energy Systems, Inc. - Common Stock",Q,S,N
OEUR,"O'Shares FTSE Europe Quality Dividend ETF",P,,Y
OFC,"Corporate Office Properties Trust Common Stock",N,,N
OFED,"Oconee Federal Financial Corp. - Common Stock",Q,S,N
OFG,"OFG Bancorp Common Stock",N,,N
OFIX,"Orthofix Medical Inc.  - Common Stock",Q,Q,N
OFLX,"Omega Flex, Inc. - Common Stock",Q,G,N
OFS,"OFS Capital Corporation - Common Stock",Q,Q,N
OFSSI,"OFS Capital Corporation - 5.95% Notes due 2026",Q,Q,N
OFSSZ,"OFS Capital Corporation - 6.50% Notes due 2025",Q,Q,N
OGCP,"Empire State Realty OP, L.P. Series 60 Operating Partnership Units Representing Limited Partnership Interests",P,,N
OGE,"OGE Energy Corp Common Stock",N,,N
OGEN,"Oragenics Inc. Common Stock",A,,N
OGI,"Organigram Holdings Inc. - Common Shares",Q,Q,N
OGIG,"O'Shares Global Internet Giants ETF",P,,Y
OGS,"ONE Gas, Inc. Common Stock",N,,N
OHI,"Omega Healthcare Investors, Inc. Common Stock",N,,N
OI,"O-I Glass, Inc. Common Stock",N,,N
OIA,"Invesco Municipal Income Opportunities Trust Common Stock",N,,N
OIH,"VanEck Vectors Oil Services ETF",P,,Y
OII,"Oceaneering International, Inc. Common Stock",N,,N
OIIM,"O2Micro International Limited - American Depositary Shares",Q,Q,N
OIL,"iPath Series B S&P GSCI Crude Oil",P,,Y
OILK,"ProShares K-1 Free Crude Oil Strategy ETF",Z,,Y
OILX,"ETRACS S&P GSCI Crude Oil Total Return Index ETN due February 22, 2046",P,,N
OIS,"Oil States International, Inc. Common Stock",N,,N
OKE,"ONEOK, Inc. Common Stock",N,,N
OKTA,"Okta, Inc. - Class A Common Stock",Q,Q,N
OLD,"The Long-Term Care ETF",Q,G,Y
OLED,"Universal Display Corporation - Common Stock",Q,Q,N
OLEM,"iPath Pure Beta Crude Oil ETN",P,,N
OLLI,"Ollie's Bargain Outlet Holdings, Inc. - Common Stock",Q,G,N
OLN,"Olin Corporation Common Stock",N,,N
OLP,"One Liberty Properties, Inc. Common Stock",N,,N
OMAB,"Grupo Aeroportuario del Centro Norte S.A.B. de C.V. - American Depositary Shares each representing 8 Series B shares",Q,Q,N
OMC,"Omnicom Group Inc. Common Stock",N,,N
OMCL,"Omnicell, Inc. - Common Stock",Q,Q,N
OMER,"Omeros Corporation - Common Stock",Q,G,N
OMEX,"Odyssey Marine Exploration, Inc. - Common Stock",Q,S,N
OMF,"OneMain Holdings, Inc. Common Stock",N,,N
OMFL,"Invesco Exchange-Traded Self-Indexed Fund Trust Invesco Russell 1000 Dynamic Multifactor ETF",Z,,Y
OMFS,"Invesco Exchange-Traded Self-Indexed Fund Trust Invesco Russell 2000 Dynamic Multifactor ETF",Z,,Y
OMI,"Owens & Minor, Inc. Common Stock",N,,N
OMP,"Oasis Midstream Partners LP - Common Units, Representing Limited Partner Interests",Q,Q,N
ON,"ON Semiconductor Corporation - Common Stock",Q,Q,N
ONB,"Old National Bancorp - Common Stock",Q,Q,N
ONCS,"OncoSec Medical Incorporated - Common Stock",Q,S,N
ONCT,"Oncternal Therapeutics, Inc.  - Common Stock",Q,S,N
ONCY,"Oncolytics Biotech Inc. - Common Shares",Q,S,N
ONDK,"On Deck Capital, Inc. Common Stock",N,,N
ONE,"OneSmart International Education Group Limited ADS",N,,N
ONEM,"1Life Healthcare, Inc. - Common Stock",Q,Q,N
ONEO,"SPDR Russell 1000 Momentum Focus ETF",P,,Y
ONEQ,"Fidelity Nasdaq Composite Index Tracking Stock",Q,G,Y
ONEV,"SPDR Russell 1000 Low Volatility Focus ETF",P,,Y
ONEW,"OneWater Marine Inc. - Class A Common Stock",Q,G,N
ONEY,"SPDR Russell 1000 Yield Focus ETF",P,,Y
ONLN,"ProShares Online Retail ETF",P,,Y
ONTO,"Onto Innovation Inc. Common Stock",N,,N
ONTX,"Onconova Therapeutics, Inc. - Common Stock",Q,S,N
ONVO,"Organovo Holdings, Inc. - Common Stock",Q,S,N
OOMA,"Ooma, Inc. Common Stock",N,,N
OPB,"Opus Bank - Common Stock",Q,Q,N
OPBK,"OP Bancorp - Common Stock",Q,G,N
OPCH,"Option Care Health, Inc. - Common Stock",Q,Q,N
OPER,"ETF Series Solutions ETF ClearShares Ultra-Short Maturity ETF",P,,Y
OPES,"Opes Acquisition Corp. - Common Stock",Q,S,N
OPESU,"Opes Acquisition Corp. - Unit",Q,S,N
OPGN,"OpGen, Inc. - Common Stock",Q,S,N
OPHC,"OptimumBank Holdings, Inc. - Common Stock",Q,S,N
OPI,"Office Properties Income Trust - Common Shares of Beneficial Interest",Q,Q,N
OPINI,"Office Properties Income Trust - 5.875% Senior Notes due 2046",Q,Q,N
OPK,"Opko Health, Inc. - Common Stock",Q,Q,N
OPNT,"Opiant Pharmaceuticals, Inc. - Common Stock",Q,S,N
OPOF,"Old Point Financial Corporation - Common Stock",Q,S,N
OPP,"RiverNorth/DoubleLine Strategic Opportunity Fund, Inc. Common Stock",N,,N
OPRA,"Opera Limited - American Depositary Shares",Q,Q,N
OPRT,"Oportun Financial Corporation - common stock",Q,Q,N
OPRX,"OptimizeRx Corporation - Common Stock",Q,S,N
OPTN,"OptiNose, Inc. - Common Stock",Q,Q,N
OPTT,"Ocean Power Technologies, Inc. - Common Stock",Q,S,N
OPY,"Oppenheimer Holdings, Inc. Class A Common Stock (DE)",N,,N
OR,"Osisko Gold Royalties Ltd Common Shares",N,,N
ORA,"Ormat Technologies, Inc. Common Stock",N,,N
ORAN,"Orange",N,,N
ORBC,"ORBCOMM Inc. - Common Stock",Q,Q,N
ORC,"Orchid Island Capital, Inc. Common Stock",N,,N
ORCC,"Owl Rock Capital Corporation Common Stock",N,,N
ORCL,"Oracle Corporation Common Stock",N,,N
ORGO,"Organogenesis Holdings Inc.  - Class A ",Q,S,N
ORGS,"Orgenesis Inc. - Common Stock",Q,S,N
ORI,"Old Republic International Corporation Common Stock",N,,N
ORLY,"O'Reilly Automotive, Inc. - Common Stock",Q,Q,N
ORMP,"Oramed Pharmaceuticals Inc. - Common Stock",Q,S,N
ORN,"Orion Group Holdings, Inc. Common",N,,N
ORRF,"Orrstown Financial Services Inc - Common Stock",Q,S,N
ORSN,"Orisun Acquisition Corp. - Common Stock",Q,S,N
ORSNU,"Orisun Acquisition Corp. - Unit",Q,S,N
ORTX,"Orchard Therapeutics plc - American Depositary Shares",Q,Q,N
OSB,"Norbord Inc. Common Stock",N,,N
OSBC,"Old Second Bancorp, Inc. - Common Stock",Q,Q,N
OSCV,"Opus Small Cap Value ETF",P,,Y
OSG,"Overseas Shipholding Group, Inc. Class A Common Stock",N,,N
OSIS,"OSI Systems, Inc. - Common Stock",Q,Q,N
OSK,"Oshkosh Corporation (Holding Company)Common Stock",N,,N
OSMT,"Osmotica Pharmaceuticals plc - Ordinary Shares",Q,Q,N
OSN,"Ossen Innovation Co., Ltd. - American Depositary Shares",Q,S,N
OSPN,"OneSpan Inc. - Common Stock",Q,S,N
OSS,"One Stop Systems, Inc. - Common Stock",Q,S,N
OSTK,"Overstock.com, Inc. - Common Stock",Q,G,N
OSUR,"OraSure Technologies, Inc. - Common Stock",Q,Q,N
OSW,"OneSpaWorld Holdings Limited - Common Shares",Q,S,N
OTEL,"Otelco Inc. - Common Stock",Q,S,N
OTEX,"Open Text Corporation - Common Shares",Q,Q,N
OTIC,"Otonomy, Inc. - Common Stock",Q,Q,N
OTLK,"Outlook Therapeutics, Inc. - Common Stock",Q,S,N
OTTR,"Otter Tail Corporation - Common Stock",Q,Q,N
OTTW,"Ottawa Bancorp, Inc. - Common Stock",Q,S,N
OUNZ,"VanEck Merk Gold Trust",P,,Y
OUSA,"O'Shares FTSE U.S. Quality Dividend ETF",P,,Y
OUSM,"O'Shares FTSE Russell Small Cap Quality Dividend ETF",P,,Y
OUT,"OUTFRONT Media Inc. Common Stock",N,,N
OVB,"Overlay Shares Core Bond ETF",P,,Y
OVBC,"Ohio Valley Banc Corp. - Common Stock",Q,G,N
OVF,"Overlay Shares Foreign Equity ETF",P,,Y
OVID,"Ovid Therapeutics Inc. - Common Stock",Q,Q,N
OVL,"Overlay Shares Large Cap Equity ETF",P,,Y
OVLY,"Oak Valley Bancorp (CA) - Common Stock",Q,S,N
OVM,"Overlay Shares Municipal Bond ETF",P,,Y
OVS,"Overlay Shares Small Cap Equity ETF",P,,Y
OVV,"Ovintiv Inc. (DE)",N,,N
OXBR,"Oxbridge Re Holdings Limited - Ordinary Shares",Q,S,N
OXFD,"Oxford Immunotec Global PLC - Ordinary Shares",Q,G,N
OXLC,"Oxford Lane Capital Corp. - Common Stock",Q,Q,N
OXLCM,"Oxford Lane Capital Corp. - 6.75% Series 2024 Term Preferred Stock",Q,Q,N
OXLCO,"Oxford Lane Capital Corp. - Term Preferred Shares, 7.50% Series 2023",Q,Q,N
OXLCP,"Oxford Lane Capital Corp. - 6.25% Series 2027 Term Preferred Shares",Q,Q,N
OXM,"Oxford Industries, Inc. Common Stock",N,,N
OXSQ,"Oxford Square Capital Corp. - Closed End Fund",Q,Q,N
OXSQL,"Oxford Square Capital Corp. - 6.50% Notes due 2024",Q,Q,N
OXSQZ,"Oxford Square Capital Corp. - 6.25% Notes due 2026",Q,Q,N
OXY,"Occidental Petroleum Corporation Common Stock",N,,N
OYST,"Oyster Point Pharma, Inc. - common stock",Q,Q,N
OZK,"Bank OZK - Common Stock",Q,Q,N
PAA,"Plains All American Pipeline, L.P. Common Stock",N,,N
PAAC,"Proficient Alpha Acquisition Corp. - Common Stock",Q,S,N
PAACU,"Proficient Alpha Acquisition Corp. - Unit",Q,S,N
PAAS,"Pan American Silver Corp. - Common Stock",Q,Q,N
PAC,"Grupo Aeroportuario Del Pacifico, S.A. B. de C.V. Grupo Aeroportuario Del Pacifico, S.A. de C.V. (each representing 10 Series B shares)",N,,N
PACA,"Xtrackers MSCI Latin America Pacific Alliance ETF",P,,Y
PACB,"Pacific Biosciences of California, Inc. - Common Stock",Q,Q,N
PACD,"Pacific Drilling S.A. Common Shares",N,,N
PACK,"Ranpak Holdings Corp Class A Common Stock",N,,N
PACQ,"Pure Acquisition Corp. - Class A Common Stock",Q,S,N
PACQU,"Pure Acquisition Corp. - Unit",Q,S,N
PACQW,"Pure Acquisition Corp. - Warrant",Q,S,N
PACW,"PacWest Bancorp - Common Stock",Q,Q,N
PAE,"PAE Incorporated - Class A Common Stock",Q,S,N
PAG,"Penske Automotive Group, Inc. Common Stock",N,,N
PAGP,"Plains Group Holdings, L.P. Class A Shares representing limited partner interests",N,,N
PAGS,"PagSeguro Digital Ltd. Class A Common Shares",N,,N
PAHC,"Phibro Animal Health Corporation - Class A Common Stock",Q,G,N
PAI,"Western Asset Investment Grade Income Fund Inc.",N,,N
PAK,"Global X MSCI Pakistan ETF",P,,Y
PALL,"Aberdeen Standard Physical Palladium Shares ETF",P,,Y
PAM,"Pampa Energia S.A. Pampa Energia S.A.",N,,N
PANL,"Pangaea Logistics Solutions Ltd. - Common Stock",Q,S,N
PANW,"Palo Alto Networks, Inc. Common Stock",N,,N
PAPR,"Innovator S&P 500 Power Buffer ETF - April",Z,,Y
PAR,"PAR Technology Corporation Common Stock",N,,N
PARR,"Par Pacific Holdings, Inc.  Common Stock",N,,N
PASG,"Passage Bio, Inc. - Common Stock",Q,Q,N
PASS,"Direxion Daily Consumer Discretionary Bear 3X Shares",P,,Y
PATI,"Patriot Transportation Holding, Inc. - Common Stock",Q,Q,N
PATK,"Patrick Industries, Inc. - Common Stock",Q,Q,N
PAUG,"Innovator S&P 500 Power Buffer ETF - August",Z,,Y
PAVE,"Global X Funds Global X U.S. Infrastructure Development ETF",Z,,Y
PAVM,"PAVmed Inc. - Common Stock",Q,S,N
PAVMW,"PAVmed Inc. - Warrant",Q,S,N
PAWZ,"ProShares Pet Care ETF",Z,,Y
PAYC,"Paycom Software, Inc. Common Stock",N,,N
PAYS,"Paysign, Inc. - Common Stock",Q,S,N
PAYX,"Paychex, Inc. - Common Stock",Q,Q,N
PB,"Prosperity Bancshares, Inc. Common Stock",N,,N
PBA,"Pembina Pipeline Corp. Ordinary Shares (Canada)",N,,N
PBB,"Prospect Capital Corporation 6.25% Notes due 2024",N,,N
PBBI,"PB Bancorp, Inc. - Common Stock",Q,S,N
PBC,"Prospect Capital Corporation 6.875% Notes due 2029",N,,N
PBCT,"People's United Financial, Inc. - Common Stock",Q,Q,N
PBCTP,"People's United Financial, Inc. - Perpetual Preferred Series A Fixed-to-floating Rate",Q,Q,N
PBD,"Invesco Global Clean Energy ETF",P,,Y
PBDM,"Invesco PureBeta FTSE Developed ex-North America ETF",Z,,Y
PBE,"Invesco Dynamic Biotech & Genome ETF",P,,Y
PBEE,"Invesco PureBeta FTSE Emerging Markets ETF",Z,,Y
PBF,"PBF Energy Inc. Class A Common Stock",N,,N
PBFS,"Pioneer Bancorp, Inc. - Common Stock",Q,S,N
PBFX,"PBF Logistics LP Common Units representing limited partner interests",N,,N
PBH,"Prestige Consumer Healthcare Inc. Common Stock",N,,N
PBHC,"Pathfinder Bancorp, Inc. - Common Stock",Q,S,N
PBI,"Pitney Bowes Inc. Common Stock",N,,N
PBIP,"Prudential Bancorp, Inc. - Common Stock",Q,G,N
PBJ,"Invesco Dynamic Food & Beverage ETF",P,,Y
PBND,"Invesco PureBeta US Aggregate Bond ETF",Z,,Y
PBP,"Invesco S&P 500 BuyWrite ETF",P,,Y
PBPB,"Potbelly Corporation - Common Stock",Q,Q,N
PBR,"Petroleo Brasileiro S.A.- Petrobras Common Stock",N,,N
PBS,"Invesco Dynamic Media ETF",P,,Y
PBSM,"Invesco PureBeta MSCI USA Small Cap ETF",Z,,Y
PBT,"Permian Basin Royalty Trust Common Stock",N,,N
PBTP,"Invesco PureBeta 0-5 Yr US TIPS ETF",Z,,Y
PBTS,"Powerbridge Technologies Co., Ltd. - Ordinary Shares",Q,S,N
PBUS,"Invesco PureBeta MSCI USA ETF",Z,,Y
PBW,"Invesco WilderHill Clean Energy ETF",P,,Y
PBY,"Prospect Capital Corporation 6.25% Notes due 2028",N,,N
PBYI,"Puma Biotechnology Inc - Common Stock",Q,Q,N
PCAR,"PACCAR Inc. - Common Stock",Q,Q,N
PCB,"PCB Bancorp - Common Stock",Q,Q,N
PCEF,"Invesco CEF Income Composite ETF",P,,Y
PCF,"High Income Securities Fund Common Stock",N,,N
PCG,"Pacific Gas & Electric Co. Common Stock",N,,N
PCH,"PotlatchDeltic Corporation - Common Stock",Q,Q,N
PCI,"PIMCO Dynamic Credit and Mortgage Income Fund Common Shares of Beneficial Interest",N,,N
PCK,"Pimco California Municipal Income Fund II Common Shares of Beneficial Interest",N,,N
PCM,"PCM Fund, Inc. Common Stock",N,,N
PCN,"Pimco Corporate & Income Strategy Fund Common Stock",N,,N
PCOM,"Points International, Ltd. - Common Shares",Q,S,N
PCQ,"PIMCO California Municipal Income Fund Common Stock",N,,N
PCRX,"Pacira BioSciences, Inc. - Common Stock",Q,Q,N
PCSB,"PCSB Financial Corporation - Common Stock",Q,S,N
PCTI,"PC-Tel, Inc. - Common Stock",Q,Q,N
PCTY,"Paylocity Holding Corporation - Common Stock",Q,Q,N
PCY,"Invesco Emerging Markets Sovereign Debt ETF",P,,Y
PCYG,"Park City Group, Inc. - Common Stock",Q,S,N
PCYO,"Pure Cycle Corporation - Common Stock",Q,S,N
PD,"PagerDuty, Inc. Common Stock",N,,N
PDBC,"Invesco Optimum Yield Diversified Commodity Strategy No K-1 ETF",Q,G,Y
PDCE,"PDC Energy, Inc. - Common Stock",Q,Q,N
PDCO,"Patterson Companies, Inc. - Common Stock",Q,Q,N
PDD,"Pinduoduo Inc. - American Depositary Shares",Q,Q,N
PDEC,"Innovator S&P 500 Power Buffer ETF - December",Z,,Y
PDEV,"Principal International Multi-Factor Core Index ETF",Q,G,Y
PDEX,"Pro-Dex, Inc. - Common Stock",Q,S,N
PDFS,"PDF Solutions, Inc. - Common Stock",Q,Q,N
PDI,"PIMCO Dynamic Income Fund Common Stock",N,,N
PDLB,"PDL Community Bancorp - Common Stock",Q,G,N
PDLI,"PDL BioPharma, Inc. - Common Stock",Q,Q,N
PDM,"Piedmont Office Realty Trust, Inc. Class A Common Stock",N,,N
PDN,"Invesco FTSE RAFI Developed Markets ex-U.S. Small-Mid ETF",P,,Y
PDP,"Invesco DWA Momentum ETF",Q,G,Y
PDS,"Precision Drilling Corporation Common Stock",N,,N
PDSB,"PDS Biotechnology Corporation - Common Stock",Q,S,N
PDT,"John Hancock Premium Dividend Fund",N,,N
PE,"Parsley Energy, Inc. Class A Common Stock",N,,N
PEAK,"Healthpeak Properties, Inc. Common Stock",N,,N
PEB,"Pebblebrook Hotel Trust Common Shares of Beneficial Interest",N,,N
PEBK,"Peoples Bancorp of North Carolina, Inc. - Common Stock",Q,G,N
PEBO,"Peoples Bancorp Inc. - Common Stock",Q,Q,N
PECK,"The Peck Company Holdings, Inc. - Common Stock",Q,S,N
PED,"Pedevco Corp. Common Stock",A,,N
PEG,"Public Service Enterprise Group Incorporated Common Stock",N,,N
PEGA,"Pegasystems Inc. - Common Stock",Q,Q,N
PEI,"Pennsylvania Real Estate Investment Trust Common Stock",N,,N
PEIX,"Pacific Ethanol, Inc. - Common Stock",Q,S,N
PEJ,"Invesco Dynamic Leisure and Entertainment ETF",P,,Y
PEK,"VanEck Vectors ChinaAMC CSI 3000 ETF",P,,Y
PEN,"Penumbra, Inc. Common Stock",N,,N
PENN,"Penn National Gaming, Inc. - Common Stock",Q,Q,N
PEO,"Adams Natural Resources Fund, Inc. Common Stock",N,,N
PEP,"PepsiCo, Inc. - Common Stock",Q,Q,N
PER,"SandRidge Permian Trust Common Units of Benficial Interest",N,,N
PERI,"Perion Network Ltd - Ordinary Shares",Q,Q,N
PESI,"Perma-Fix Environmental Services, Inc. - Common Stock",Q,S,N
PETQ,"PetIQ, Inc. - Class A Common Stock",Q,Q,N
PETS,"PetMed Express, Inc. - Common Stock",Q,Q,N
PETZ,"TDH Holdings, Inc. - Common Shares",Q,S,N
PEX,"ProShares Global Listed Private Equity ETF",Z,,Y
PEXL,"Pacer US Export Leaders ETF",P,,Y
PEY,"Invesco High Yield Equity Dividend Achievers ETF",Q,G,Y
PEZ,"Invesco DWA Consumer Cyclicals Momentum ETF",Q,G,Y
PFBC,"Preferred Bank - Common Stock",Q,Q,N
PFBI,"Premier Financial Bancorp, Inc. - Common Stock",Q,G,N
PFD,"Flaherty & Crumrine Preferred and Income Fund Incorporated",N,,N
PFE,"Pfizer, Inc. Common Stock",N,,N
PFEB,"Innovator S&P 500 Power Buffer ETF - February",Z,,Y
PFF,"iShares Preferred and Income Securities ETF",Q,G,Y
PFFA,"Virtus InfraCap U.S. Preferred Stock ETF",P,,Y
PFFD,"Global X U.S. Preferred ETF",P,,Y
PFFL,"ETRACS 2xMonthly Pay Leveraged Preferred Stock Index ETN due September 25, 2048",P,,N
PFFR,"ETFIS Series Trust I ETF",P,,Y
PFG,"Principal Financial Group Inc - Common Stock",Q,Q,N
PFGC,"Performance Food Group Company Common Stock",N,,N
PFH,"Cabco Tr Jcp 7.625 Common Stock",N,,N
PFHD,"Professional Holding Corp. - Class A Common Stock",Q,Q,N
PFI,"Invesco DWA Financial Momentum ETF",Q,G,Y
PFIE,"Profire Energy, Inc. - Common Stock",Q,S,N
PFIG,"Invesco Fundamental Investment Grade Corporate Bond  ETF",P,,Y
PFIN,"P & F Industries, Inc. - Class A Common Stock",Q,G,N
PFIS,"Peoples Financial Services Corp.  - Common Stock",Q,Q,N
PFL,"PIMCO Income Strategy Fund Shares of Beneficial Interest",N,,N
PFLD,"AAM Low Duration Preferred and Income Securities ETF",P,,Y
PFLT,"PennantPark Floating Rate Capital Ltd. - Common Stock",Q,Q,N
PFM,"Invesco Dividend Achievers ETF",Q,G,Y
PFMT,"Performant Financial Corporation - Common Stock",Q,Q,N
PFN,"PIMCO Income Strategy Fund II",N,,N
PFNX,"Pfenex Inc. Common Stock",A,,N
PFO,"Flaherty & Crumrine Preferred and Income Opportunity Fund Incorporated",N,,N
PFPT,"Proofpoint, Inc. - Common Stock",Q,G,N
PFS,"Provident Financial Services, Inc Common Stock",N,,N
PFSI,"PennyMac Financial Services, Inc. Common Stock",N,,N
PFSW,"PFSweb, Inc. - Common Stock",Q,S,N
PFXF,"VanEck Vectors Preferred Securities ex Financials ETF",P,,Y
PG,"Procter & Gamble Company (The) Common Stock",N,,N
PGAL,"Global X MSCI Portugal ETF",P,,Y
PGC,"Peapack-Gladstone Financial Corporation - Common Stock",Q,Q,N
PGEN,"Precigen, Inc. - Common Stock",Q,Q,N
PGF,"Invesco Financial Preferred ETF",P,,Y
PGHY,"Invesco Global Short Term High Yield Bond ETF",P,,Y
PGJ,"Invesco Golden Dragon China ETF",Q,G,Y
PGM,"iPathA Series B Bloomberg Platinum Subindex Total Return ETN",P,,N
PGNX,"Progenics Pharmaceuticals Inc. - Common Stock",Q,Q,N
PGNY,"Progyny, Inc. - Common Stock",Q,Q,N
PGP,"Pimco Global Stocksplus & Income Fund Pimco Global StocksPlus & Income Fund Common Shares of Beneficial Interest",N,,N
PGR,"Progressive Corporation (The) Common Stock",N,,N
PGRE,"Paramount Group, Inc. Common Stock",N,,N
PGTI,"PGT Innovations, Inc.",N,,N
PGX,"Invesco Preferred ETF",P,,Y
PGZ,"Principal Real Estate Income Fund Common Shares of Beneficial Interest",N,,N
PH,"Parker-Hannifin Corporation Common Stock",N,,N
PHAS,"PhaseBio Pharmaceuticals, Inc. - Common Stock",Q,G,N
PHAT,"Phathom Pharmaceuticals, Inc. - Common Stock",Q,Q,N
PHB,"Invesco Fundamental High Yield Corporate Bond ETF",P,,Y
PHCF,"Puhui Wealth Investment Management Co., Ltd.  - Ordinary Shares",Q,S,N
PHD,"Pioneer Floating Rate Trust Pioneer Floating Rate Trust Shares of Beneficial Interest",N,,N
PHDG,"Invesco S&P 500 Downside Hedged ETF",P,,Y
PHG,"Koninklijke Philips N.V. NY Registry Shares",N,,N
PHGE,"BiomX Inc. COmmon Stock",A,,N
PHI,"PLDT Inc. Sponsored ADR",N,,N
PHIO,"Phio Pharmaceuticals Corp. - Common Stock",Q,S,N
PHK,"Pimco High Income Fund Pimco High Income Fund",N,,N
PHM,"PulteGroup, Inc. Common Stock",N,,N
PHO,"Invesco Water Resources ETF",Q,G,Y
PHR,"Phreesia, Inc. Common Stock",N,,N
PHT,"Pioneer High Income Trust Common Shares of Beneficial Interest",N,,N
PHUN,"Phunware, Inc. - Common Stock",Q,S,N
PHX,"Panhandle Oil and Gas Inc Common Stock",N,,N
PHYL,"PGIM Active High Yield Bond ETF",P,,Y
PHYS,"Sprott Physical Gold Trust ETV",P,,Y
PI,"Impinj, Inc. - Common Stock",Q,Q,N
PIC,"Pivotal Investment Corporation II Class A Common Stock",N,,N
PICB,"Invesco International Corporate Bond ETF",P,,Y
PICK,"iShares MSCI Global Select Metals & Mining Producers Fund",Z,,Y
PICO,"PICO Holdings Inc. - Common Stock",Q,Q,N
PID,"Invesco International Dividend Achievers ETF",Q,G,Y
PIE,"Invesco DWA Emerging Markets Momentum ETF",Q,G,Y
PIH,"1347 Property Insurance Holdings, Inc. - Common Stock",Q,G,N
PIHPP,"1347 Property Insurance Holdings, Inc. - 8.00% Cumulative Series A Preferred Stock",Q,G,N
PII,"Polaris Inc. Common Stock",N,,N
PILL,"Direxion Daily Pharmaceutical & Medical Bull 3X Shares",P,,Y
PIM,"Putnam Master Intermediate Income Trust Common Stock",N,,N
PIN,"Invesco India ETF",P,,Y
PINC,"Premier, Inc. - Class A Common Stock",Q,Q,N
PINE,"Alpine Income Property Trust, Inc. Common Stock",N,,N
PING,"Ping Identity Holding Corp. Common Stock",N,,N
PINS,"Pinterest, Inc. Class A Common Stock",N,,N
PIO,"Invesco Global Water ETF",Q,G,Y
PIPR,"Piper Sandler Companies Common Stock",N,,N
PIRS,"Pieris Pharmaceuticals, Inc. - Common Stock",Q,S,N
PIXY,"ShiftPixy, Inc. - Common Stock",Q,S,N
PIY,"Preferred Plus Trust (Ser CZN) Preferred Plus Trust Ser CZN-1 Tr Ctf 8.375% Maturity 10/01/2046",N,,N
PIZ,"Invesco DWA Developed Markets Momentum ETF",Q,G,Y
PJAN,"Innovator S&P 500 Power Buffer ETF - January",Z,,Y
PJH,"Prudential Financial, Inc. 5.75% Junior Subordinated Notes due 2052",N,,N
PJP,"Invesco Dynamic Pharmaceuticals ETF",P,,Y
PJT,"PJT Partners Inc. Class A Common Stock",N,,N
PJUL,"Innovator S&P 500 Power Buffer ETF - July",Z,,Y
PJUN,"Innovator S&P 500 Power Buffer ETF - June",Z,,Y
PK,"Park Hotels & Resorts Inc. Common Stock ",N,,N
PKB,"Invesco Dynamic Building & Construction ETF",P,,Y
PKBK,"Parke Bancorp, Inc. - Common Stock",Q,S,N
PKE,"Park Aerospace Corp. Common Stock",N,,N
PKG,"Packaging Corporation of America Common Stock",N,,N
PKI,"PerkinElmer, Inc. Common Stock",N,,N
PKO,"Pimco Income Opportunity Fund Common Shares of Beneficial Interest",N,,N
PKOH,"Park-Ohio Holdings Corp. - Common Stock",Q,Q,N
PKW,"Invesco BuyBack Achievers ETF",Q,G,Y
PKX,"POSCO Common Stock",N,,N
PLAB,"Photronics, Inc. - Common Stock",Q,Q,N
PLAG,"Planet Green Holdings Corp. Common Stock",A,,N
PLAN,"Anaplan, Inc. Common Stock",N,,N
PLAT,"WisdomTree Modern Tech Platforms Fund",P,,Y
PLAY,"Dave & Buster's Entertainment, Inc. - Common Stock",Q,Q,N
PLBC,"Plumas Bancorp - Common Stock",Q,S,N
PLC,"Principal U.S. Large-Cap Multi-Factor Core Index ETF",Q,G,Y
PLCE,"Children's Place, Inc. (The) - Common Stock",Q,Q,N
PLCY,"EventShares U.S. Legislative Opportunities ETF",Z,,Y
PLD,"Prologis, Inc. Common Stock",N,,N
PLG,"Platinum Group Metals Ltd. Ordinary Shares (Canada)",A,,N
PLIN,"China Xiangtai Food Co., Ltd. - Ordinary Shares",Q,S,N
PLL,"Piedmont Lithium Limited - American Depositary Shares",Q,S,N
PLM,"Polymet Mining Corporation Ordinary Shares (Canada)",A,,N
PLMR,"Palomar Holdings, Inc. - Common stock",Q,Q,N
PLNT,"Planet Fitness, Inc. Common Stock",N,,N
PLOW,"Douglas Dynamics, Inc. Common Stock",N,,N
PLPC,"Preformed Line Products Company - Common Stock",Q,Q,N
PLSE,"Pulse Biosciences, Inc - Common Stock",Q,S,N
PLT,"Plantronics, Inc. Common Stock",N,,N
PLTM,"GraniteShares Platinum Shares ETF",P,,Y
PLUG,"Plug Power, Inc. - Common Stock",Q,S,N
PLUS,"ePlus inc. - Common Stock",Q,Q,N
PLW,"Invesco 1-30 Laddered Treasury ETF",Q,G,Y
PLX,"Protalix BioTherapeutics, Inc. (DE) Common Stock",A,,N
PLXP,"PLx Pharma Inc. - Common Stock",Q,S,N
PLXS,"Plexus Corp. - Common Stock",Q,Q,N
PLYA,"Playa Hotels & Resorts N.V. - Ordinary Shares",Q,Q,N
PLYM,"Plymouth Industrial REIT, Inc. Common Stock",N,,N
PM,"Philip Morris International Inc Common Stock",N,,N
PMAR,"Innovator S&P 500 Power Buffer ETF - March",Z,,Y
PMBC,"Pacific Mercantile Bancorp - Common Stock",Q,Q,N
PMD,"Psychemedics Corporation - Common Stock",Q,S,N
PME,"Pingtan Marine Enterprise Ltd. - Ordinary Shares",Q,S,N
PMF,"PIMCO Municipal Income Fund Common Stock",N,,N
PML,"Pimco Municipal Income Fund II Common Shares of Beneficial Interest",N,,N
PMM,"Putnam Managed Municipal Income Trust Common Stock",N,,N
PMO,"Putnam Municipal Opportunities Trust Common Stock",N,,N
PMOM,"Principal Sustainable Momentum Index ETF",Q,G,Y
PMT,"PennyMac Mortgage Investment Trust Common Shares of Beneficial Interest",N,,N
PMX,"PIMCO Municipal Income Fund III Common Shares of Beneficial Interest",N,,N
PNBK,"Patriot National Bancorp Inc. - Common Stock",Q,G,N
PNC,"PNC Financial Services Group, Inc. (The) Common Stock",N,,N
PNF,"PIMCO New York Municipal Income Fund Common Stock",N,,N
PNFP,"Pinnacle Financial Partners, Inc. - Common Stock",Q,Q,N
PNI,"Pimco New York Municipal Income Fund II Common Shares of Beneficial Interest",N,,N
PNM,"PNM Resources, Inc. (Holding Co.) Common Stock",N,,N
PNNT,"PennantPark Investment Corporation - common stock",Q,Q,N
PNNTG,"PennantPark Investment Corporation - 5.50% Notes Due 2024",Q,Q,N
PNOV,"Innovator S&P 500 Power Buffer ETF - November",Z,,Y
PNQI,"Invesco Nasdaq Internet ETF",Q,G,Y
PNR,"Pentair plc. Ordinary Share",N,,N
PNRG,"PrimeEnergy Resources Corporation - Common Stock",Q,S,N
PNTG,"The Pennant Group, Inc. - Common Stock",Q,Q,N
PNW,"Pinnacle West Capital Corporation Common Stock",N,,N
POAI,"Predictive Oncology Inc. - Common Stock",Q,S,N
POCT,"Innovator S&P 500 Power Buffer ETF - October",Z,,Y
PODD,"Insulet Corporation - Common Stock",Q,Q,N
POL,"PolyOne Corporation Common Stock",N,,N
POLA,"Polar Power, Inc. - Common Stock",Q,S,N
POOL,"Pool Corporation - Common Stock",Q,Q,N
POPE,"Pope Resources - Limited Partnership",Q,S,N
POR,"Portland General Electric Co Common Stock",N,,N
POST,"Post Holdings, Inc. Common Stock",N,,N
POTX,"Global X Cannabis ETF",Q,G,Y
POWI,"Power Integrations, Inc. - Common Stock",Q,Q,N
POWL,"Powell Industries, Inc. - Common Stock",Q,Q,N
PPA,"Invesco Aerospace & Defense ETF ",P,,Y
PPBI,"Pacific Premier Bancorp Inc - Common Stock",Q,Q,N
PPC,"Pilgrim's Pride Corporation - Common Stock",Q,Q,N
PPD,"PPD, Inc. - Common Stock",Q,Q,N
PPDM,"PortfolioPlus Developed Markets ETF",P,,Y
PPEM,"PortfolioPlus Emerging Markets ETF",P,,Y
PPG,"PPG Industries, Inc. Common Stock",N,,N
PPH,"VanEck Vectors Pharmaceutical ETF",Q,G,Y
PPHI,"Positive Physicians Holdings, Inc. - Common Stock",Q,S,N
PPIH,"Perma-Pipe International Holdings, Inc. - Common Stock",Q,G,N
PPL,"PPL Corporation Common Stock",N,,N
PPLC,"PortfolioPlus S&P 500 ETF",P,,Y
PPLT,"Aberdeen Standard Physical Platinum Shares ETF",P,,Y
PPMC,"PortfolioPlus S&P Mid Cap ETF",P,,Y
PPR,"Voya Prime Rate Trust Shares of Beneficial Interest",N,,N
PPSC,"PortfolioPlus S&P Small Cap ETF",P,,Y
PPSI,"Pioneer Power Solutions, Inc. - Common Stock",Q,S,N
PPT,"Putnam Premier Income Trust Common Stock",N,,N
PPTY,"PPTY U.S. Diversified Real Estate ETF",P,,Y
PPX,"PPL Capital Funding, Inc. 2013 Series B Junior Subordinated Notes due 2073",N,,N
PQG,"PQ Group Holdings Inc. Common Stock",N,,N
PQIN,"PGIM QMA Strategic Alpha International Equity ETF",P,,Y
PQLC,"PGIM QMA Strategic Alpha Large-Cap Core ETF",P,,Y
PQSG,"PGIM QMA Strategic Alpha Small-Cap Growth ETF",P,,Y
PQSV,"PGIM ETF Trust ETF PGIM QMA Strategic Alpha Small-Cap Value ETF",P,,Y
PRA,"ProAssurance Corporation Common Stock",N,,N
PRAA,"PRA Group, Inc. - Common Stock",Q,Q,N
PRAH,"PRA Health Sciences, Inc. - Common Stock",Q,Q,N
PRCP,"Perceptron, Inc. - Common Stock",Q,G,N
PRDO,"Perdoceo Education Corporation - Common Stock",Q,Q,N
PREF,"Principal Spectrum Preferred Securities Active ETF",Z,,Y
PRF,"Invesco FTSE RAFI US 1000 ETF",P,,Y
PRFT,"Perficient, Inc. - Common Stock",Q,Q,N
PRFZ,"Invesco FTSE RAFI US 1500 Small-Mid ETF",Q,G,Y
PRGO,"Perrigo Company plc Ordinary Shares",N,,N
PRGS,"Progress Software Corporation - Common Stock",Q,Q,N
PRGX,"PRGX Global, Inc. - Common Stock",Q,Q,N
PRH,"Prudential Financial, Inc. 5.70% Junior Subordinated Notes due 2053",N,,N
PRI,"Primerica, Inc. Common Stock",N,,N
PRIM,"Primoris Services Corporation - Common Stock",Q,Q,N
PRK,"Park National Corporation Common Stock",A,,N
PRLB,"Proto Labs, Inc. Common stock",N,,N
PRMW,"Primo Water Corporation Common Stock",N,,N
PRN,"Invesco DWA Industrials Momentum ETF",Q,G,Y
PRNB,"Principia Biopharma Inc. - Common Stock",Q,Q,N
PRNT,"3D Printing (The) ETF",Z,,Y
PRO,"PROS Holdings, Inc. Common Stock",N,,N
PROF,"Profound Medical Corp. - common stock",Q,S,N
PROS,"ProSight Global, Inc. Common Stock",N,,N
PROV,"Provident Financial Holdings, Inc. - Common Stock",Q,Q,N
PRPH,"ProPhase Labs, Inc. - Common Stock",Q,S,N
PRPL,"Purple Innovation, Inc. - Common Stock",Q,S,N
PRPO,"Precipio, Inc. - Common Stock",Q,S,N
PRQR,"ProQR Therapeutics N.V. - Ordinary Shares",Q,G,N
PRS,"Prudential Financial, Inc. 5.625% Junior Subordinated Notes due 2058",N,,N
PRSC,"The Providence Service Corporation - Common Stock",Q,Q,N
PRSP,"Perspecta Inc. Common Stock ",N,,N
PRT,"PermRock Royalty Trust Trust Units",N,,N
PRTA,"Prothena Corporation plc - Ordinary Shares",Q,Q,N
PRTH,"Priority Technology Holdings, Inc. - Common Stock",Q,S,N
PRTK,"Paratek Pharmaceuticals, Inc.  - Common Stock",Q,G,N
PRTS,"U.S. Auto Parts Network, Inc. - Common Stock",Q,Q,N
PRTY,"Party City Holdco Inc. Common Stock",N,,N
PRU,"Prudential Financial, Inc. Common Stock",N,,N
PRVB,"Provention Bio, Inc. - Common Stock",Q,Q,N
PRVL,"Prevail Therapeutics Inc. - common stock",Q,G,N
PS,"Pluralsight, Inc. - Class A Common Stock",Q,Q,N
PSA,"Public Storage Common Stock",N,,N
PSB,"PS Business Parks, Inc. Common Stock",N,,N
PSC,"Principal U.S. Small-Cap Multi-Factor Index ETF",Q,G,Y
PSCC,"Invesco S&P SmallCap Consumer Staples ETF",Q,G,Y
PSCD,"Invesco S&P SmallCap Consumer Discretionary ETF",Q,G,Y
PSCE,"Invesco S&P SmallCap Energy ETF",Q,G,Y
PSCF,"Invesco S&P SmallCap Financials ETF",Q,G,Y
PSCH,"Invesco S&P SmallCap Health Care ETF",Q,G,Y
PSCI,"Invesco S&P SmallCap Industrials ETF",Q,G,Y
PSCM,"Invesco S&P SmallCap Materials ETF",Q,G,Y
PSCT,"Invesco S&P SmallCap Information Technology ETF",Q,G,Y
PSCU,"Invesco S&P SmallCap Utilities & Communication Services ETF",Q,G,Y
PSEC,"Prospect Capital Corporation - Common Stock",Q,Q,N
PSEP,"Innovator ETFs Trust Innovator S&P 500 Power Buffer ETF - September",Z,,Y
PSET,"Principal Price Setters Index ETF",Q,G,Y
PSF,"Cohen & Steers Select Preferred and Income Fund, Inc. Common Stock",N,,N
PSHG,"Performance Shipping Inc. - Common Shares",Q,S,N
PSI,"Invesco Dynamic Semiconductors ETF",P,,Y
PSJ,"Invesco Dynamic Software ETF",P,,Y
PSK,"SPDR Wells Fargo Preferred Stock ETF",P,,Y
PSL,"Invesco DWA Consumer Staples Momentum ETF",Q,G,Y
PSLV,"Sprott Physical Silver Trust ETV",P,,Y
PSM,"Principal U.S. Small-MidCap Multi-Factor Core Index ETF",Q,G,Y
PSMB,"Invesco Balanced Multi-Asset Allocation ETF",Z,,Y
PSMC,"Invesco Conservative Multi-Asset Allocation ETF",Z,,Y
PSMG,"Invesco Growth Multi-Asset Allocation ETF",Z,,Y
PSMM,"Invesco Moderately Conservative Multi-Asset Allocation ETF",Z,,Y
PSMT,"PriceSmart, Inc. - Common Stock",Q,Q,N
PSN,"Parsons Corporation Common Stock",N,,N
PSNL,"Personalis, Inc. - Common Stock",Q,G,N
PSO,"Pearson, Plc Common Stock",N,,N
PSP,"Invesco Global Listed Private Equity ETF",P,,Y
PSQ,"ProShares Short QQQ",P,,Y
PSR,"Invesco Active U.S. Real Estate Fund",P,,Y
PST,"ProShares UltraShort Lehman 7-10 Year Treasury",P,,Y
PSTG,"Pure Storage, Inc. Class A Common Stock",N,,N
PSTI,"Pluristem Therapeutics, Inc. - Common Stock",Q,S,N
PSTL,"Postal Realty Trust, Inc. Class A Common Stock",N,,N
PSTV,"PLUS THERAPEUTICS, Inc. - Common Stock",Q,S,N
PSV,"Hermitage Offshore Services Ltd. Ordinary Shares (Bermuda)",N,,N
PSX,"Phillips 66 Common Stock",N,,N
PSXP,"Phillips 66 Partners LP Common Units representing limited partner interest in the Partnership",N,,N
PT,"Pintec Technology Holdings Limited - American Depositary Shares",Q,G,N
PTAC,"PropTech Acquisition Corporation - Class A Common Stock",Q,S,N
PTACU,"PropTech Acquisition Corporation - Unit",Q,S,N
PTBD,"Pacer Trendpilot US Bond ETF",P,,Y
PTC,"PTC Inc. - Common Stock",Q,Q,N
PTCT,"PTC Therapeutics, Inc. - Common Stock",Q,Q,N
PTE,"PolarityTE, Inc. - Common Stock",Q,S,N
PTEN,"Patterson-UTI Energy, Inc. - Common Stock",Q,Q,N
PTEU,"Pacer TrendpilotTM European Index ETF",Z,,Y
PTF,"Invesco DWA Technology Momentum ETF",Q,G,Y
PTGX,"Protagonist Therapeutics, Inc. - Common Stock",Q,G,N
PTH,"Invesco DWA Healthcare Momentum ETF",Q,G,Y
PTI,"Proteostasis Therapeutics, Inc. - Common Stock",Q,G,N
PTIN,"Pacer Trendpilot International ETF",P,,Y
PTLA,"Portola Pharmaceuticals, Inc. - Common Stock",Q,Q,N
PTLC,"Pacer Fund Trust Pacer Trendpilot US Large Cap ETF",Z,,Y
PTMC,"Pacer Trendpilot US Mid Cap ETF",Z,,Y
PTMN,"Portman Ridge Finance Corporation - common stock",Q,Q,N
PTN,"Palatin Technologies, Inc. Common Stock",A,,N
PTNQ,"Pacer Trendpilot 100 ETF",Z,,Y
PTNR,"Partner Communications Company Ltd. - American Depositary Shares, each representing one ordinary share",Q,Q,N
PTON,"Peloton Interactive, Inc. - Common Stock",Q,Q,N
PTR,"PetroChina Company Limited Common Stock",N,,N
PTSI,"P.A.M. Transportation Services, Inc. - Common Stock",Q,G,N
PTVCA,"Protective Insurance Corporation - Class A (voting) Common Stock",Q,G,N
PTVCB,"Protective Insurance Corporation - Class B (nonvoting) Common Stock",Q,G,N
PTY,"Pimco Corporate & Income Opportunity Fund",N,,N
PUB,"People's Utah Bancorp - Common Stock",Q,S,N
PUI,"Invesco DWA Utilities Momentum ETF",Q,G,Y
PUK,"Prudential Public Limited Company Common Stock",N,,N
PULM,"Pulmatrix, Inc. - Common Stock",Q,S,N
PULS,"PGIM Ultra Short Bond ETF",P,,Y
PUMP,"ProPetro Holding Corp. Common Stock",N,,N
PUTW,"WisdomTree CBOE S&P 500 PutWrite Strategy Fund",P,,Y
PUYI,"Puyi Inc. - American Depository Shares",Q,G,N
PVAC,"Penn Virginia Corporation - Common Stock",Q,Q,N
PVAL,"Principal Contrarian Value Index ETF",Q,G,Y
PVBC,"Provident Bancorp, Inc. - Common Stock",Q,S,N
PVG,"Pretium Resources, Inc. Ordinary Shares (Canada)",N,,N
PVH,"PVH Corp. Common Stock",N,,N
PVI,"Invesco VRDO Tax Free Weekly ETF",P,,Y
PVL,"Permianville Royalty Trust Trust Units ",N,,N
PW,"Power REIT (MD) Common Stock",A,,N
PWB,"Invesco Dynamic Large Cap Growth ETF",P,,Y
PWC,"Invesco Dynamic Market ETF",P,,Y
PWFL,"PowerFleet, Inc. - Common Stock",Q,G,N
PWOD,"Penns Woods Bancorp, Inc. - Common Stock",Q,Q,N
PWR,"Quanta Services, Inc. Common Stock",N,,N
PWS,"Pacer WealthShield ETF ",Z,,Y
PWV,"Invesco Dynamic Large Cap Value ETF",P,,Y
PWZ,"Invesco California AMT-Free Municipal Bond Portfolio",P,,Y
PXD,"Pioneer Natural Resources Company Common Stock",N,,N
PXE,"Invesco Dynamic Energy Exploration &Production ETF",P,,Y
PXF,"Invesco FTSE RAFI Developed Markets ex-U.S. ETF",P,,Y
PXH,"Invesco FTSE RAFI Emerging Markets ETF",P,,Y
PXI,"Invesco DWA Energy Momentum ETF",Q,G,Y
PXJ,"Invesco Dynamic Oil & Gas Services ETF",P,,Y
PXLW,"Pixelworks, Inc. - Common Stock",Q,G,N
PXQ,"Invesco Dynamic Networking ETF",P,,Y
PXS,"Pyxis Tankers Inc. - Common Stock",Q,S,N
PY,"Principal Shareholder Yield Index ETF",Q,G,Y
PYN,"PIMCO New York Municipal Income Fund III Common Shares of Beneficial Interest",N,,N
PYPE,"ETRACS NYSE Pickens Core Midstream Index ETN due August 20, 2048",P,,N
PYPL,"PayPal Holdings, Inc. - Common Stock",Q,Q,N
PYS,"Merrill Lynch Depositor Inc PPlus Tr Ser RRD-1 Tr Ctf Cl A",N,,N
PYT,"PPlus Tr GSC-2 Tr Ctf Fltg Rate",N,,N
PYX,"Pyxus International, Inc. Common Stock",N,,N
PYZ,"Invesco DWA Basic Materials Momentum ETF",Q,G,Y
PZA,"Invesco National AMT-Free Municipal Bond ETFo",P,,Y
PZC,"PIMCO California Municipal Income Fund III Common Shares of Beneficial Interest",N,,N
PZD,"Invesco Cleantech ETF",P,,Y
PZG,"Paramount Gold Nevada Corp. Common Stock",A,,N
PZN,"Pzena Investment Management Inc Class A Common Stock",N,,N
PZT,"Invesco New York AMT-Free Municipal Bond ETF",P,,Y
PZZA,"Papa John's International, Inc. - Common Stock",Q,Q,N
QABA,"First Trust NASDAQ ABA Community Bank Index Fund",Q,G,Y
QADA,"QAD Inc. - Class A Common Stock",Q,Q,N
QADB,"QAD Inc. - Class B Common Stock",Q,Q,N
QAI,"IQ Hedge MultiIQ Hedge Multi-Strategy Tracker ETF",P,,Y
QARP,"Xtrackers Russell 1000 US Quality at a Reasonable Price ETF ETF",P,,Y
QAT,"iShares MSCI Qatar ETF",Q,G,Y
QBAK,"Qualstar Corporation - Common Stock",Q,S,N
QCLN,"First Trust NASDAQ Clean Edge Green Energy Index Fund",Q,G,Y
QCOM,"QUALCOMM Incorporated - Common Stock",Q,Q,N
QCRH,"QCR Holdings, Inc. - Common Stock",Q,G,N
QD,"Qudian Inc. American Depositary Shares, each representing one Class A Ordinary Share",N,,N
QDEF,"FlexShares Quality Dividend Defensive Index Fund",P,,Y
QDEL,"Quidel Corporation - Common Stock",Q,Q,N
QDF,"FlexShares Quality Dividend Index Fund",P,,Y
QDIV,"Global X S&P 500 Quality Dividend ETF",P,,Y
QDYN,"FlexShares Quality Dynamic Index Fund",P,,Y
QED,"IQ Hedge Event-Driven Tracker ETF",P,,Y
QEFA,"SPDR MSCI EAFE StrategicFactors ETF",P,,Y
QEMM,"SPDR MSCI Emerging Markets StrategicFactors ETF",P,,Y
QEP,"QEP Resources, Inc. Common Stock",N,,N
QES,"Quintana Energy Services Inc. Common Stock",N,,N
QFIN,"360 Finance, Inc. - American Depositary Shares",Q,G,N
QGEN,"Qiagen N.V. Common Shares ",N,,N
QGRO,"American Century STOXX U.S. Quality Growth ETF",P,,Y
QGTA,"IQ Leaders GTAA Tracker ETF",P,,Y
QHC,"Quorum Health Corporation Common Stock ",N,,N
QID,"ProShares UltraShort QQQ",P,,Y
QINT,"American Century Quality Diversified International ETF",P,,Y
QIWI,"QIWI plc - American Depositary Shares",Q,Q,N
QK,"Q&K International Group Limited - American Depositary Shares",Q,G,N
QLC,"FlexShares Trust FlexShares US Quality Large Cap Index Fund",Z,,Y
QLD,"ProShares Ultra QQQ",P,,Y
QLS,"IQ Hedge Long Short Tracker ETF",P,,Y
QLTA,"iShares Aaa A Rated Corporate Bond ETF",P,,Y
QLV,"FlexShares US Quality Low Volatility Index Fund",P,,Y
QLVD,"FlexShares Developed Markets ex-US Quality Low Volatility Index Fund",P,,Y
QLVE,"FlexShares Emerging Markets  Quality Low Volatility Index Fund",P,,Y
QLYS,"Qualys, Inc. - Common Stock",Q,Q,N
QMCO,"Quantum Corporation - Common Stock",Q,G,N
QMJ,"Direxion S&P 500 High minus Low Quality ETF",P,,Y
QMN,"IQ Hedge Market Neutral Tracker ETF",P,,Y
QMOM,"Alpha Architect U.S. Quantitative Momentum ETF",Z,,Y
QNST,"QuinStreet, Inc. - Common Stock",Q,Q,N
QQEW,"First Trust NASDAQ-100 Equal Weighted Index Fund",Q,G,Y
QQH,"HCM Defender 100 Index ETF",P,,Y
QQQ,"Invesco QQQ Trust, Series 1",Q,G,Y
QQQE,"Direxion NASDAQ-100 Equal Weighted Index Shares",P,,Y
QQQX,"Nuveen NASDAQ 100 Dynamic Overwrite Fund - Shares of Beneficial Interest",Q,Q,N
QQXT,"First Trust NASDAQ-100 Ex-Technology Sector Index Fund",Q,G,Y
QRFT,"QRAFT AI-Enhanced U.S. Large Cap ETF",P,,Y
QRHC,"Quest Resource Holding Corporation - Common Stock",Q,S,N
QRTEA,"Qurate Retail, Inc. - Series A Common Stock",Q,Q,N
QRTEB,"Qurate Retail, Inc. - Series B Common Stock",Q,Q,N
QRVO,"Qorvo, Inc. - Common Stock",Q,Q,N
QSR,"Restaurant Brands International Inc. Common Shares",N,,N
QSY,"WisdomTree U.S. Quality Shareholder Yield Fund",P,,Y
QTEC,"First Trust NASDAQ-100- Technology Index Fund",Q,G,Y
QTNT,"Quotient Limited - Ordinary Shares",Q,G,N
QTRX,"Quanterix Corporation - Common Stock",Q,G,N
QTS,"QTS Realty Trust, Inc. Class A Common Stock",N,,N
QTT,"Qutoutiao Inc. - American Depositary Shares",Q,Q,N
QTUM,"Defiance Quantum ETF",P,,Y
QTWO,"Q2 Holdings, Inc. Common Stock",N,,N
QUAD,"Quad Graphics, Inc Class A Common Stock",N,,N
QUAL,"iShares Edge MSCI USA Quality Factor ETF",Z,,Y
QUIK,"QuickLogic Corporation - Common Stock",Q,S,N
QUMU,"Qumu Corporation - Common Stock",Q,S,N
QUOT,"Quotient Technology Inc. Common Stock",N,,N
QURE,"uniQure N.V. - Ordinary Shares",Q,Q,N
QUS,"SPDR MSCI USA StrategicFactors ETF",P,,Y
QVAL,"Alpha Architect U.S. Quantitative Value ETF",Z,,Y
QVCC,"QVC, Inc. 6.250% Senior Secured Notes due 2068",N,,N
QVCD,"QVC, Inc. 6.375% Senior Secured Notes due 2067",N,,N
QVM,"Arrow QVM Equity Factor ETF",P,,Y
QWLD,"SPDR MSCI World StrategicFactors ETF",P,,Y
QYLD,"Global X NASDAQ-100 Covered Call ETF",Q,G,Y
R,"Ryder System, Inc. Common Stock",N,,N
RA,"Brookfield Real Assets Income Fund Inc. Common Stock",N,,N
RAAX,"VanEck Vectors Real Asset Allocation ETF",P,,Y
RACE,"Ferrari N.V. Common Shares",N,,N
RAD,"Rite Aid Corporation Common Stock",N,,N
RADA,"RADA Electronic Industries Ltd. - Ordinary Shares",Q,S,N
RAFE,"PIMCO RAFI ESG U.S. ETF",P,,Y
RAIL,"Freightcar America, Inc. - Common Stock",Q,Q,N
RALS,"ProShares RAFI Long Short ETF",P,,Y
RAMP,"LiveRamp Holdings, Inc. Common Stock",N,,N
RAND,"Rand Capital Corporation - Common Stock ($0.10 Par Value)",Q,S,N
RAPT,"RAPT Therapeutics, Inc. - Common Stock",Q,G,N
RARE,"Ultragenyx Pharmaceutical Inc. - Common Stock",Q,Q,N
RARX,"Ra Pharmaceuticals, Inc. - Common Stock",Q,G,N
RAVE,"Rave Restaurant Group, Inc. - Common Stock",Q,S,N
RAVI,"FlexShares Ready Access Variable Income Fund",P,,Y
RAVN,"Raven Industries, Inc. - Common Stock",Q,Q,N
RBA,"Ritchie Bros. Auctioneers Incorporated Common Stock",N,,N
RBB,"RBB Bancorp - Common Stock",Q,Q,N
RBBN,"Ribbon Communications Inc.  - Common Stock",Q,Q,N
RBC,"Regal Beloit Corporation Common Stock",N,,N
RBCAA,"Republic Bancorp, Inc. - Class A Common Stock",Q,Q,N
RBCN,"Rubicon Technology, Inc. - Common Stock",Q,S,N
RBIN,"Nationwide Risk-Based International Equity ETF",P,,Y
RBKB,"Rhinebeck Bancorp, Inc. - Common Stock",Q,S,N
RBNC,"Reliant Bancorp, Inc. - Common Stock",Q,S,N
RBS,"Royal Bank of Scotland Group Plc New (The) ADS",N,,N
RBUS,"Nationwide Risk-Based U.S. Equity ETF",P,,Y
RBZ,"Reebonz Holding Limited - Ordinary Shares",Q,G,N
RC,"Ready Capital Corproation Common Stock",N,,N
RCA,"Ready Capital Corporation 7.00% Convertible Senior Notes due 2023",N,,N
RCB,"Ready Capital Corporation 6.20% Senior Notes due 2026",N,,N
RCD,"Invesco S&P 500 Equal Weight Consumer Discretionary ETF",P,,Y
RCEL,"Avita Medical Limited - American Depositary Shares",Q,S,N
RCG,"RENN Fund, Inc Common Stock",A,,N
RCI,"Rogers Communication, Inc. Common Stock",N,,N
RCII,"Rent-A-Center Inc. - Common Stock",Q,Q,N
RCKT,"Rocket Pharmaceuticals, Inc. - Common Stock",Q,G,N
RCKY,"Rocky Brands, Inc. - Common Stock",Q,Q,N
RCL,"Royal Caribbean Cruises Ltd. Common Stock",N,,N
RCM,"R1 RCM Inc. - Common Stock",Q,Q,N
RCMT,"RCM Technologies, Inc. - Common Stock",Q,G,N
RCON,"Recon Technology, Ltd. - Ordinary Shares",Q,S,N
RCP,"Ready Capital Corporation 6.50% Senior Notes due 2021",N,,N
RCS,"PIMCO Strategic Income Fund, Inc.",N,,N
RCUS,"Arcus Biosciences, Inc. Common Stock",N,,N
RDCM,"Radcom Ltd. - Ordinary Shares",Q,S,N
RDFN,"Redfin Corporation - Common Stock",Q,Q,N
RDHL,"Redhill Biopharma Ltd. - American Depositary Shares",Q,G,N
RDI,"Reading International Inc - Class A Non-voting Common Stock",Q,S,N
RDIB,"Reading International Inc - Class B Voting Common Stock",Q,S,N
RDIV,"Invesco Exchange-Traded Fund Trust II Invesco S&P Ultra Dividend Revenue ETF",P,,Y
RDN,"Radian Group Inc. Common Stock",N,,N
RDNT,"RadNet, Inc. - Common Stock",Q,G,N
RDOG,"ALPS ETF Trust ALPS REIT Dividend Dogs ETF",P,,Y
RDUS,"Radius Health, Inc. - Common Stock",Q,G,N
RDVT,"Red Violet, Inc. - Common Stock ",Q,S,N
RDVY,"First Trust Rising Dividend Achievers ETF",Q,G,Y
RDWR,"Radware Ltd. - Ordinary Shares",Q,Q,N
RDY,"Dr. Reddy's Laboratories Ltd Common Stock",N,,N
RE,"Everest Re Group, Ltd. Common Stock",N,,N
REAL,"The RealReal, Inc. - Common Stock",Q,Q,N
RECS,"Columbia Research Enhanced Core ETF",P,,Y
REDU,"RISE Education Cayman Ltd - American Depositary Shares",Q,G,N
REED,"Reeds, Inc. - Common Stock",Q,S,N
REET,"iShares Trust iShares Global REIT ETF",P,,Y
REFR,"Research Frontiers Incorporated - Common Stock",Q,S,N
REG,"Regency Centers Corporation - Common Stock",Q,Q,N
REGI,"Renewable Energy Group, Inc. - Common Stock",Q,Q,N
REGL,"ProShares S&P MidCap 400 Dividend Aristocrats ETF",Z,,Y
REGN,"Regeneron Pharmaceuticals, Inc. - Common Stock",Q,Q,N
REI,"Ring Energy, Inc. Common Stock",A,,N
REK,"ProShares Short Real Estate",P,,Y
REKR,"Rekor Systems, Inc. - Common Stock",Q,S,N
RELL,"Richardson Electronics, Ltd. - Common Stock",Q,Q,N
RELV,"Reliv' International, Inc. - Common Stock",Q,S,N
RELX,"RELX PLC PLC American Depositary Shares (Each representing One Ordinary Share)",N,,N
REM,"iShares Trust iShares Mortgage Real Estate ETF",Z,,Y
REML,"Credit Suisse AG Credit Suisse X-Links Monthly Pay 2xLeveraged Mortgage REIT Exchange Traded Notes (ETNs) due July 11, 2036",P,,N
REMX,"VanEck Vectors Rare Earth Strategic Metals ETF",P,,Y
RENN,"Renren Inc. American Depositary Shares, each representing fifteen Class A ordinary shares",N,,N
REPH,"Recro Pharma, Inc. - Common Stock",Q,S,N
REPL,"Replimune Group, Inc. - Common Stock",Q,Q,N
RES,"RPC, Inc. Common Stock",N,,N
RESD,"WisdomTree International ESG Fund",Z,,Y
RESE,"WisdomTree Emerging Markets ESG Fund",Z,,Y
RESI,"Front Yard Residential Corporation Common Stock",N,,N
RESN,"Resonant Inc. - Common Stock",Q,S,N
RETA,"Reata Pharmaceuticals, Inc. - Class A Common Stock",Q,G,N
RETL,"Direxion Daily Retail Bull 3X Shares ETF",P,,Y
RETO,"ReTo Eco-Solutions, Inc. - Common Shares",Q,S,N
REV,"Revlon, Inc. New Common Stock",N,,N
REVG,"REV Group, Inc. Common Stock",N,,N
REVS,"Columbia Research Enhanced Value ETF",P,,Y
REW,"ProShares UltraShort Technology",P,,Y
REX,"REX American Resources Corporation",N,,N
REXN,"Rexahn Pharmaceuticals, Inc. - Common Stock",Q,S,N
REXR,"Rexford Industrial Realty, Inc. Common Stock",N,,N
REYN,"Reynolds Consumer Products Inc. - Common Stock",Q,Q,N
REZ,"iShares Trust iShares Residential Real Estate ETF",P,,Y
REZI,"Resideo Technologies, Inc. Common Stock ",N,,N
RF,"Regions Financial Corporation Common Stock",N,,N
RFAP,"First Trust RiverFront Dynamic Asia Pacific ETF",Q,G,Y
RFCI,"RiverFront Dynamic Core Income ETF",P,,Y
RFDA,"RiverFront Dynamic US Dividend Advantage ETF",P,,Y
RFDI,"First Trust RiverFront Dynamic Developed International ETF",Q,G,Y
RFEM,"First Trust RiverFront Dynamic Emerging Markets ETF",Q,G,Y
RFEU,"First Trust RiverFront Dynamic Europe ETF",Q,G,Y
RFFC,"RiverFront Dynamic US Flex-Cap ETF",P,,Y
RFG,"Invesco S&P Midcap 400 Pure Growth ETF",P,,Y
RFI,"Cohen & Steers Total Return Realty Fund, Inc. Common Stock",N,,N
RFIL,"RF Industries, Ltd. - Common Stock",Q,G,N
RFL,"Rafael Holdings, Inc. Class B Common Stock",N,,N
RFM,"RiverNorth Flexible Municipal Income Fund, Inc. Common Stock",N,,N
RFP,"Resolute Forest Products Inc. Common Stock",N,,N
RFUN,"RiverFront Dynamic Unconstrained Income ETF",P,,Y
RFV,"Invesco S&P Midcap 400 Pure Value ETF",P,,Y
RGA,"Reinsurance Group of America, Incorporated Common Stock",N,,N
RGCO,"RGC Resources Inc. - Common Stock",Q,G,N
RGEN,"Repligen Corporation - Common Stock",Q,Q,N
RGI,"Invesco S&P 500 Equal Weight Industrials Portfolio",P,,Y
RGLD,"Royal Gold, Inc. - Common Stock",Q,Q,N
RGLS,"Regulus Therapeutics Inc. - Common Stock",Q,S,N
RGNX,"REGENXBIO Inc. - Common Stock",Q,Q,N
RGR,"Sturm, Ruger & Company, Inc. Common Stock",N,,N
RGS,"Regis Corporation Common Stock",N,,N
RGT,"Royce Global Value Trust, Inc. Common Stock",N,,N
RH,"RH Common Stock",N,,N
RHE,"Regional Health Properties, Inc. Common Stock",A,,N
RHI,"Robert Half International Inc. Common Stock",N,,N
RHP,"Ryman Hospitality Properties, Inc. (REIT)",N,,N
RHS,"Invesco S&P 500 Equal Weight Consumer Staples ETF  ",P,,Y
RIBT,"RiceBran Technologies - Common Stock",Q,S,N
RICK,"RCI Hospitality Holdings, Inc. - Common Stock",Q,G,N
RIF,"RMR Real Estate Income Fund (MD) Common Stock",A,,N
RIG,"Transocean Ltd (Switzerland) Common Stock",N,,N
RIGL,"Rigel Pharmaceuticals, Inc. - Common Stock",Q,Q,N
RIGS,"RiverFront Strategic Income Fund",P,,Y
RILY,"B. Riley Financial, Inc. - Common Stock",Q,G,N
RILYG,"B. Riley Financial, Inc. - 7.25% Senior Notes due 2027",Q,G,N
RILYH,"B. Riley Financial, Inc. - 7.375% Senior Notes Due 2023",Q,G,N
RILYI,"B. Riley Financial, Inc. - 6.875% Senior Notes due 2023",Q,G,N
RILYN,"B. Riley Financial, Inc. - 6.50% Senior Notes Due 2026",Q,G,N
RILYO,"B. Riley Financial, Inc. - 6.75% Senior Notes due 2024",Q,G,N
RILYP,"B. Riley Financial, Inc. - Depositary Shares, each representing a 1/1000th fractional interest in a share of Series A Cumulative Perpetual Preferred Stock",Q,G,N
RILYZ,"B. Riley Financial, Inc. - 7.50% Senior Notes Due 2027",Q,G,N
RINF,"ProShares Inflation Expectations ETF",P,,Y
RING,"iShares MSCI Global Gold Miners ETF",Q,G,Y
RIO,"Rio Tinto Plc Common Stock",N,,N
RIOT,"Riot Blockchain, Inc - Common Stock",Q,S,N
RISE,"Sit Rising Rate ETF",P,,Y
RIV,"RiverNorth Opportunities Fund, Inc. Common Stock",N,,N
RIVE,"Riverview Financial Corporation - Common Stock",Q,G,N
RJA,"AB Svensk Ekportkredit (Swedish Export Credit Corporation) ELEMENTS Linked to the Rogers International Commodity Index - Agriculture Total Return Structured Product",P,,N
RJF,"Raymond James Financial, Inc. Common Stock",N,,N
RJI,"AB Svensk Ekportkredit (Swedish Export Credit Corporation) ELEMENTS Linked to the Rogers International Commodity Index - Total Return Structured Product",P,,N
RJN,"AB Svensk Ekportkredit (Swedish Export Credit Corporation) ELEMENTS Linked to the Rogers International Commodity Index - Energy Total Return Structured Product",P,,N
RJZ,"AB Svensk Ekportkredit (Swedish Export Credit Corporation) ELEMENTS Linked to the Rogers International Commodity Index - Metals Total Return Structured Product",P,,N
RKDA,"Arcadia Biosciences, Inc. - Common Stock",Q,S,N
RL,"Ralph Lauren Corporation Common Stock",N,,N
RLGT,"Radiant Logistics, Inc. Common Stock",A,,N
RLGY,"Realogy Holdings Corp. Common Stock",N,,N
RLH,"Red Lions Hotels Corporation Common Stock",N,,N
RLI,"RLI Corp. Common Stock (DE)",N,,N
RLJ,"RLJ Lodging Trust Common Shares of Beneficial Interest $0.01 par value",N,,N
RLMD,"Relmada Therapeutics, Inc. - Common Stock",Q,S,N
RLY,"SPDR SSgA Multi Asset Real Return ETF",P,,Y
RM,"Regional Management Corp. Common Stock",N,,N
RMAX,"RE/MAX Holdings, Inc. Class A Common Stock",N,,N
RMBI,"Richmond Mutual Bancorporation, Inc. - Common Stock",Q,S,N
RMBL,"RumbleOn, Inc. - Class B Common Stock",Q,S,N
RMBS,"Rambus, Inc. - Common Stock",Q,Q,N
RMCF,"Rocky Mountain Chocolate Factory, Inc. - Common Stock",Q,G,N
RMD,"ResMed Inc. Common Stock",N,,N
RMED,"Ra Medical Systems, Inc. Common Stock",N,,N
RMG,"RMG Acquisition Corp. Class A Common Stock",N,,N
RMI,"RiverNorth Opportunistic Municipal Income Fund, Inc. Common Stock",N,,N
RMM,"RiverNorth Managed Duration Municipal Income Fund, Inc. Common Stock",N,,N
RMNI,"Rimini Street, Inc. - Common Stock",Q,G,N
RMR,"The RMR Group Inc. - Class A Common Stock",Q,S,N
RMT,"Royce Micro-Cap Trust, Inc. Common Stock",N,,N
RMTI,"Rockwell Medical, Inc. - Common Stock",Q,G,N
RNDB,"Randolph Bancorp, Inc. - Common Stock",Q,G,N
RNDM,"First Trust Developed International Equity Select ETF",Q,G,Y
RNDV,"First Trust US Equity Dividend Select ETF",Q,G,Y
RNEM,"First Trust Emerging Markets Equity Select ETF",Q,G,Y
RNET,"RigNet, Inc. - Common Stock",Q,Q,N
RNG,"Ringcentral, Inc. Class A Common Stock",N,,N
RNGR,"Ranger Energy Services, Inc. Class A Common Stock",N,,N
RNLC,"First Trust Large Cap US Equity Select ETF",Q,G,Y
RNMC,"First Trust Mid Cap US Equity Select ETF",Q,G,Y
RNP,"Cohen & Steers REIT and Preferred and Income Fund, Inc. Common Shares",N,,N
RNR,"RenaissanceRe Holdings Ltd. Common Stock",N,,N
RNSC,"First Trust Small Cap US Equity Select ETF",Q,G,Y
RNST,"Renasant Corporation - Common Stock",Q,Q,N
RNWK,"RealNetworks, Inc. - Common Stock",Q,Q,N
ROAD,"Construction Partners, Inc. - Common Stock",Q,Q,N
ROAM,"Hartford Multifactor Emerging Markets ETF",P,,Y
ROBO,"Exchange Traded Concepts Trust ROBO Global Robotics and Automation Index ETF",P,,Y
ROBT,"First Trust Nasdaq Artificial Intelligence and Robotics ETF",Q,G,Y
ROCK,"Gibraltar Industries, Inc. - Common Stock",Q,Q,N
RODE,"Hartford Multifactor Diversified International ETF",Z,,Y
RODI,"iPath Return on Disability ETN",Z,,N
RODM,"Hartford Multifactor Developed Markets (ex-US) ETF",P,,Y
ROG,"Rogers Corporation Common Stock",N,,N
ROIC,"Retail Opportunity Investments Corp. - Common Stock",Q,Q,N
ROK,"Rockwell Automation, Inc. Common Stock",N,,N
ROKT,"SPDR S&P Kensho Final Frontiers ETF",P,,Y
ROKU,"Roku, Inc. - Class A Common Stock",Q,Q,N
ROL,"Rollins, Inc. Common Stock",N,,N
ROLL,"RBC Bearings Incorporated - Common Stock",Q,Q,N
ROM,"ProShares Ultra Technology",P,,Y
ROMO,"Strategy Shares Newfound/ReSolve Robust Momentum ETF",Z,,Y
ROOF,"IQ US Real Estate Small Cap ETF",P,,Y
ROP,"Roper Technologies, Inc. Common Stock",N,,N
RORE,"Hartford Multifactor REIT ETF",P,,Y
ROSC,"Hartford Multifactor Small Cap ETF",P,,Y
ROSE,"Rosehill Resources Inc. - Class A Common Stock",Q,S,N
ROSEU,"Rosehill Resources Inc. - Unit",Q,S,N
ROST,"Ross Stores, Inc. - Common Stock",Q,Q,N
ROUS,"Hartford Multifactor U.S. Equity ETF",P,,Y
ROYT,"Pacific Coast Oil Trust Units of Beneficial Interest",N,,N
RP,"RealPage, Inc. - Common Stock",Q,Q,N
RPAI,"Retail Properties of America, Inc. Class A Common Stock",N,,N
RPAR,"RPAR Risk Parity ETF",P,,Y
RPAY,"Repay Holdings Corporation - Class A Common Stock",Q,S,N
RPD,"Rapid7, Inc. - Common Stock",Q,G,N
RPG,"Invesco S&P 500 Pure Growth ETF",P,,Y
RPLA,"Replay Acquisition Corp. Ordinary Shares",N,,N
RPM,"RPM International Inc. Common Stock",N,,N
RPT,"RPT Realty Common Stock",N,,N
RPV,"Invesco S&P 500 Pure Value ETF",P,,Y
RQI,"Cohen & Steers Quality Income Realty Fund Inc Common Shares",N,,N
RRBI,"Red River Bancshares, Inc. - Common Stock",Q,Q,N
RRC,"Range Resources Corporation Common Stock",N,,N
RRD,"R.R. Donnelley & Sons Company Common Stock",N,,N
RRGB,"Red Robin Gourmet Burgers, Inc. - Common Stock",Q,Q,N
RRR,"Red Rock Resorts, Inc. - Class A Common Stock",Q,Q,N
RRTS,"Roadrunner Transportation Systems, Inc. Common Stock",N,,N
RS,"Reliance Steel & Aluminum Co. Common Stock (DE)",N,,N
RSF,"RiverNorth Marketplace Lending Corporation Common Stock",N,,N
RSG,"Republic Services, Inc. Common Stock",N,,N
RSP,"Invesco S&P 500 Equal Weight ETF",P,,Y
RSSS,"Research Solutions, Inc - Common Stock",Q,S,N
RST,"Rosetta Stone Rosetta Stone, Inc.",N,,N
RSX,"VanEck Vectors Russia ETF",Z,,Y
RSXJ,"VanEck Vectors Russia Small-Cap ETF",Z,,Y
RTH,"VanEck Vectors Retail ETF",Q,G,Y
RTIX,"RTI Surgical Holdings, Inc. - Common Stock",Q,Q,N
RTL,"Pacer Benchmark Retail Real Estate SCTR ETF",P,,Y
RTLR,"Rattler Midstream LP - Common Units Representing Limited Partnership Interests",Q,Q,N
RTM,"Invesco S&P 500 Equal Weight Materials ETF",P,,Y
RTN,"Raytheon Company Common Stock",N,,N
RTRX,"Retrophin, Inc. - Common Stock",Q,G,N
RTTR,"Ritter Pharmaceuticals, Inc. - Common Stock",Q,S,N
RTW,"RTW Retailwinds, Inc. Common Stock",N,,N
RUBI,"The Rubicon Project, Inc. Common Stock",N,,N
RUBY,"Rubius Therapeutics, Inc. - Common Stock",Q,Q,N
RUHN,"Ruhnn Holding Limited - American Depositary Shares",Q,Q,N
RUN,"Sunrun Inc. - Common Stock",Q,Q,N
RUSHA,"Rush Enterprises, Inc. - Class A Common Stock",Q,Q,N
RUSHB,"Rush Enterprises, Inc. - Class B Common Stock",Q,Q,N
RUSL,"Direxion Daily Russia Bull 2X Shares",P,,Y
RUTH,"Ruth's Hospitality Group, Inc. - Common Stock",Q,Q,N
RVI,"Retail Value Inc. Common Stock ",N,,N
RVLV,"Revolve Group, Inc. Class A Common Stock",N,,N
RVNC,"Revance Therapeutics, Inc. - Common Stock",Q,G,N
RVNU,"Xtrackers Municipal Infrastructure Revenue Bond ETF",P,,Y
RVP,"Retractable Technologies, Inc. Common Stock",A,,N
RVRS,"Reverse Cap Weighted US Large Cap ETF ",Z,,Y
RVSB,"Riverview Bancorp Inc - Common Stock",Q,Q,N
RVT,"Royce Value Trust, Inc. Common Stock",N,,N
RWCD,"Direxion MSCI Cyclicals Over Defensives ETF",P,,Y
RWDC,"Direxion MSCI Defensives Over Cyclicals ETF",P,,Y
RWDE,"Direxion MSCI Developed Over Emerging Markets ETF",P,,Y
RWED,"Direxion MSCI Emerging Over Developed Markets ETF",P,,Y
RWGV,"Direxion Russell 1000 Growth Over Value ETF",P,,Y
RWIU,"Direxion FTSE Russell International Over US ETF",P,,Y
RWJ,"Invesco Exchange-Traded Fund Trust II Invesco S&P SmallCap 600 Revenue ETF",P,,Y
RWK,"Invesco Exchange-Traded Fund Trust II Invesco S&P MidCap 400 Revenue ETF",P,,Y
RWL,"Invesco Exchange-Traded Fund Trust II Invesco S&P 500 Revenue ETF",P,,Y
RWLK,"ReWalk Robotics Ltd. - Ordinary Shares",Q,S,N
RWLS,"Direxion Russell Large Over Small Cap ETF",P,,Y
RWM,"ProShares Short Russell2000",P,,Y
RWO,"SPDR DJ Wilshire Global Real Estate ETF",P,,Y
RWR,"SPDR DJ Wilshire REIT ETF",P,,Y
RWSL,"Direxion Russell Small Over Large Cap ETF",P,,Y
RWT,"Redwood Trust, Inc. Common Stock",N,,N
RWUI,"Direxion FTSE Russell US Over International ETF",P,,Y
RWVG,"Direxion Russell 1000 Value Over Growth ETF",P,,Y
RWX,"SPDR DJ Wilshire Intl Real Estate",P,,Y
RXD,"ProShares UltraShort Health Care",P,,Y
RXI,"iShares Global Consumer Discretionary ETF",P,,Y
RXL,"ProShares Ultra Health Care",P,,Y
RXN,"Rexnord Corporation Common Stock",N,,N
RY,"Royal Bank Of Canada Common Stock",N,,N
RYAAY,"Ryanair Holdings plc - American Depositary Shares, each representing five Ordinary Shares",Q,Q,N
RYAM,"Rayonier Advanced Materials Inc. Common Stock",N,,N
RYB,"RYB Education, Inc. American depositary shares, each representing one Class A ordinary share",N,,N
RYCE,"Amira Nature Foods Ltd Ordinary Shares",N,,N
RYE,"Invesco S&P 500 Equal Weight Energy ETF",P,,Y
RYF,"Invesco S&P 500 Equal Weight Financial ETF",P,,Y
RYH,"Invesco S&P 500 Equal Weight Health Care ETF",P,,Y
RYI,"Ryerson Holding Corporation Common Stock",N,,N
RYJ,"Invesco Raymond James SB-1 Equity ETF",P,,Y
RYLD,"Global X Russell 2000 Covered Call ETF",Z,,Y
RYN,"Rayonier Inc. REIT Common Stock",N,,N
RYT,"Invesco S&P 500 Equal Weight Technology ETF",P,,Y
RYTM,"Rhythm Pharmaceuticals, Inc. - Common Stock",Q,G,N
RYU,"Invesco S&P 500 Equal Weight Utilities ETF",P,,Y
RYZZ,"RYZZ Managed Futures Strategy Plus ETF",P,,Y
RZA,"Reinsurance Group of America, Incorporated 6.20% Fixed-to-Floating Rate Subordinated Debentures due 2042",N,,N
RZB,"Reinsurance Group of America, Incorporated 5.75% Fixed-To-Floating Rate Subordinated Debentures due 2056",N,,N
RZG,"Invesco S&P Smallcap 600 Pure Growth ETF",P,,Y
RZV,"Invesco S&P Smallcap 600 Pure Value ETF",P,,Y
SA,"Seabridge Gold, Inc. Ordinary Shares (Canada)",N,,N
SAA,"ProShares Ultra SmallCap600",P,,Y
SABR,"Sabre Corporation - Common Stock",Q,Q,N
SACC,"Sachem Capital Corp. 6.875% Notes due 2024",A,,N
SACH,"Sachem Capital Corp. Common Shares",A,,N
SAEX,"SAExploration Holdings, Inc. - Common Stock",Q,S,N
SAF,"Saratoga Investment Corp 6.25% Notes due 2023",N,,N
SAFE,"Safehold Inc. Common Stock",N,,N
SAFM,"Sanderson Farms, Inc. - Common Stock",Q,Q,N
SAFT,"Safety Insurance Group, Inc. - Common Stock",Q,Q,N
SAGE,"Sage Therapeutics, Inc. - Common Stock",Q,G,N
SAH,"Sonic Automotive, Inc. Common Stock",N,,N
SAIA,"Saia, Inc. - Common Stock",Q,Q,N
SAIC,"SCIENCE APPLICATIONS INTERNATIONAL CORPORATION Common Stock",N,,N
SAIL,"SailPoint Technologies Holdings, Inc. Common Stock",N,,N
SAL,"Salisbury Bancorp, Inc. - Common Stock",Q,S,N
SALM,"Salem Media Group, Inc. - Class A Common Stock",Q,G,N
SALT,"Scorpio Bulkers Inc. Common Stock",N,,N
SAM,"Boston Beer Company, Inc. (The) Common Stock",N,,N
SAMA,"Schultze Special Purpose Acquisition Corp. - Common Stock",Q,S,N
SAMAU,"Schultze Special Purpose Acquisition Corp. - Unit",Q,S,N
SAMG,"Silvercrest Asset Management Group Inc. - Common Stock",Q,G,N
SAN,"Banco Santander, S.A. Sponsored ADR (Spain)",N,,N
SAND,"Sandstorm Gold Ltd. Ordinary Shares (Canada)",N,,N
SANM,"Sanmina Corporation - Common Stock",Q,Q,N
SANW,"S&W Seed Company - Common Stock",Q,S,N
SAP,"SAP  SE ADS",N,,N
SAQN,"Software Acquisition Group Inc. - Class A Common Stock",Q,S,N
SAQNU,"Software Acquisition Group Inc. - Unit",Q,S,N
SAR,"Saratoga Investment Corp New",N,,N
SASR,"Sandy Spring Bancorp, Inc. - Common Stock",Q,Q,N
SATS,"EchoStar Corporation - Common stock",Q,Q,N
SAVA,"Cassava Sciences, Inc. - Common Stock",Q,S,N
SAVE,"Spirit Airlines, Inc. Common Stock",N,,N
SB,"Safe Bulkers, Inc Common Stock ($0.001 par value)",N,,N
SBAC,"SBA Communications Corporation - Class A Common Stock",Q,Q,N
SBB,"ProShares Short SmallCap600",P,,Y
SBBP,"Strongbridge Biopharma plc - Ordinary Shares",Q,Q,N
SBBX,"SB One Bancorp - Common Stock",Q,G,N
SBCF,"Seacoast Banking Corporation of Florida - Common Stock",Q,Q,N
SBE,"Switchback Energy Acquisition Corporation Class A Common Stock",N,,N
SBFG,"SB Financial Group, Inc. - Common Stock",Q,S,N
SBGI,"Sinclair Broadcast Group, Inc. - Class A Common Stock",Q,Q,N
SBH,"Sally Beauty Holdings, Inc. (Name to be changed from Sally Holdings, Inc.) Common Stock",N,,N
SBI,"Western Asset Intermediate Muni Fund Inc Common Stock",N,,N
SBIO,"ALPS Medical Breakthroughs ETF",P,,Y
SBLK,"Star Bulk Carriers Corp. - Common Shares",Q,Q,N
SBLKZ,"Star Bulk Carriers Corp. - 8.30% Senior Notes due 2022",Q,Q,N
SBM,"Short Basic Materials",P,,Y
SBNA,"Scorpio Tankers Inc. 6.75% Senior Notes due 2020",N,,N
SBNY,"Signature Bank - Common Stock",Q,Q,N
SBOW,"SilverBow Resorces, Inc. Common Stock",N,,N
SBPH,"Spring Bank Pharmaceuticals, Inc. - Common Stock",Q,S,N
SBR,"Sabine Royalty Trust Common Stock",N,,N
SBRA,"Sabra Health Care REIT, Inc. - Common Stock",Q,Q,N
SBS,"Companhia de saneamento Basico Do Estado De Sao Paulo - Sabesp American Depositary Shares (Each repstg 250 Common Shares)",N,,N
SBSI,"Southside Bancshares, Inc. - Common Stock",Q,Q,N
SBT,"Sterling Bancorp, Inc. - Common Stock",Q,S,N
SBUX,"Starbucks Corporation - Common Stock",Q,Q,N
SC,"Santander Consumer USA Holdings Inc. Common Stock",N,,N
SCA,"Stellus Capital Investment Corporation 5.75% Notes due 2022",N,,N
SCAP,"AdvisorShares Cornerstone Small Cap ETF",P,,Y
SCC,"ProShares UltraShort Consumer Services",P,,Y
SCCB,"Sachem Capital Corp. 7.125% Notes due 2024",A,,N
SCCO,"Southern Copper Corporation Common Stock",N,,N
SCD,"LMP Capital and Income Fund Inc. Common Stock",N,,N
SCHA,"Schwab U.S. Small-Cap ETF",P,,Y
SCHB,"Schwab U.S. Broad Market ETF",P,,Y
SCHC,"Schwab International Small-Cap Equity ETF",P,,Y
SCHD,"Schwab US Dividend Equity ETF",P,,Y
SCHE,"Schwab Emerging Markets Equity ETF",P,,Y
SCHF,"Schwab International Equity ETF",P,,Y
SCHG,"Schwab U.S. Large-Cap Growth ETF",P,,Y
SCHH,"Schwab U.S. REIT ETF",P,,Y
SCHI,"Schwab 5-10 Year Corporate Bond ETF",P,,Y
SCHJ,"Schwab 1-5 Year Corporate Bond ETF",P,,Y
SCHK,"Schwab 1000 Index ETF",P,,Y
SCHL,"Scholastic Corporation - Common Stock",Q,Q,N
SCHM,"Schwab U.S. Mid Cap ETF",P,,Y
SCHN,"Schnitzer Steel Industries, Inc. - Class A Common Stock",Q,Q,N
SCHO,"Schwab Short-Term U.S. Treasury ETF",P,,Y
SCHP,"Schwab U.S. TIPs ETF",P,,Y
SCHQ,"Schwab Long-Term U.S. Treasury ETF",P,,Y
SCHR,"Schwab Intermediate-Term U.S. Treasury ETF",P,,Y
SCHV,"Schwab U.S. Large-Cap Value ETF",P,,Y
SCHW,"Charles Schwab Corporation (The) Common Stock",N,,N
SCHX,"Schwab U.S. Large-Cap ETF",P,,Y
SCHZ,"Schwab US Aggregate Bond ETF",P,,Y
SCI,"Service Corporation International Common Stock",N,,N
SCID,"Global X Scientific Beta Europe ETF",P,,Y
SCIF,"VanEck Vectors India Small-Cap Index ETF",P,,Y
SCIJ,"Global X Scientific Beta Japan ETF",P,,Y
SCIU,"Global X Scientific Beta US ETF",P,,Y
SCIX,"Global X Scientific Beta Asia ex-Japan ETF",P,,Y
SCJ,"iShares MSCI Japan Sm Cap",P,,Y
SCKT,"Socket Mobile, Inc. - Common Stock",Q,S,N
SCL,"Stepan Company Common Stock",N,,N
SCM,"Stellus Capital Investment Corporation Common Stock",N,,N
SCO,"ProShares UltraShort Bloomberg Crude Oil",P,,Y
SCON,"Superconductor Technologies Inc. - Common Stock",Q,S,N
SCOR,"comScore, Inc. - Common Stock",Q,Q,N
SCPE,"SC Health Corporation Class A Ordinary Shares",N,,N
SCPH,"scPharmaceuticals Inc. - Common Stock",Q,Q,N
SCPL,"SciPlay Corporation - Class A Common Stock",Q,Q,N
SCS,"Steelcase Inc. Common Stock",N,,N
SCSC,"ScanSource, Inc. - Common Stock",Q,Q,N
SCU,"Sculptor Capital Management, Inc. Class A Common Stock",N,,N
SCVL,"Shoe Carnival, Inc. - Common Stock",Q,Q,N
SCVX,"SCVX Corp. Class A Ordinary Shares",N,,N
SCWX,"SecureWorks Corp. - Class A Common Stock",Q,Q,N
SCX,"L.S. Starrett Company (The) Common Stock",N,,N
SCYX,"SCYNEXIS, Inc. - Common Stock",Q,G,N
SCZ,"iShares MSCI EAFE Small-Cap ETF",Q,G,Y
SD,"SandRidge Energy, Inc. Common Stock",N,,N
SDAG,"IQ Short Duration Enhanced Core Bond U.S. ETF",P,,Y
SDC,"SmileDirectClub, Inc. - Common Stock",Q,Q,N
SDCI,"USCF SummerHaven Dynamic Commodity Strategy No K-1 Fund",P,,Y
SDD,"ProShares UltraShort SmallCap600",P,,Y
SDEM,"Global X MSCI SuperDividend Emerging Markets ETF",P,,Y
SDG,"iShares MSCI Global Impact ETF",Q,G,Y
SDGA,"Impact Shares Sustainable Development Goals Global Equity ETF",P,,Y
SDGR,"Schrodinger, Inc. - Common Stock",Q,Q,N
SDI,"Standard Diversified Inc. Class A Common Stock",A,,N
SDIV,"Global X SuperDividend ETF",P,,Y
SDOG,"ALPS Sector Dividend Dogs ETF",P,,Y
SDOW,"UltraPro Short Dow30",P,,Y
SDP,"ProShares UltraShort Utilities",P,,Y
SDPI,"Superior Drilling Products, Inc. Common Stock",A,,N
SDRL,"Seadrill Limited Common Stock",N,,N
SDS,"ProShares UltraShort S&P500",P,,Y
SDVY,"First Trust SMID Cap Rising Dividend Achievers ETF",Q,G,Y
SDY,"SPDR S&P Dividend ETF",P,,Y
SDYL,"ETRACS Monthly Pay 2xLeveraged S&P Dividend ETN",P,,N
SE,"Sea Limited American Depositary Shares, each representing one Class A Ordinary Share",N,,N
SEAC,"SeaChange International, Inc. - Common Stock",Q,Q,N
SEAS,"SeaWorld Entertainment, Inc. Common Stock",N,,N
SEB,"Seaboard Corporation Common Stock",A,,N
SECO,"Secoo Holding Limited - American Depositary Shares",Q,G,N
SECT,"Northern Lights Fund Trust IV Main Sector Rotation ETF",Z,,Y
SEDG,"SolarEdge Technologies, Inc. - Common Stock",Q,Q,N
SEE,"Sealed Air Corporation Common Stock",N,,N
SEED,"Origin Agritech Limited - Common Stock",Q,S,N
SEEL,"Seelos Therapeutics, Inc. - Common Stock",Q,S,N
SEF,"ProShares Short Financials",P,,Y
SEIC,"SEI Investments Company - Common Stock",Q,Q,N
SEIX,"Virtus Seix Senior Loan ETF",P,,Y
SELB,"Selecta Biosciences, Inc. - Common Stock",Q,G,N
SELF,"Global Self Storage, Inc. - Common Stock",Q,S,N
SEM,"Select Medical Holdings Corporation Common Stock",N,,N
SENEA,"Seneca Foods Corp. - Class A Common Stock",Q,Q,N
SENEB,"Seneca Foods Corp. - Class B Common Stock",Q,Q,N
SENS,"Senseonics Holdings, Inc. Common Stock",A,,N
SERV,"ServiceMaster Global Holdings, Inc. Common Stock",N,,N
SES,"Synthesis Energy Systems, Inc. - Common Stock",Q,S,N
SESN,"Sesen Bio, Inc. - Common Stock",Q,G,N
SF,"Stifel Financial Corporation Common Stock",N,,N
SFBC,"Sound Financial Bancorp, Inc. - Common Stock",Q,S,N
SFBS,"ServisFirst Bancshares, Inc. - Common Stock",Q,Q,N
SFE,"Safeguard Scientifics, Inc. New Common Stock",N,,N
SFET,"Safe-T Group Ltd. - American Depositary Shares",Q,S,N
SFHY,"WisdomTree U.S. Short Term High Yield Corporate Bond Fund",Z,,Y
SFIG,"WisdomTree U.S. Short Term Corporate Bond Fund",Z,,Y
SFIX,"Stitch Fix, Inc. - Class A Common Stock",Q,Q,N
SFL,"SFL Corporation Ltd",N,,N
SFM,"Sprouts Farmers Market, Inc. - Common Stock",Q,Q,N
SFNC,"Simmons First National Corporation - Common Stock",Q,Q,N
SFST,"Southern First Bancshares, Inc. - Common Stock",Q,G,N
SFTW,"Osprey Technology Acquisition Corp. Class A Common Stock",N,,N
SFUN,"Fang Holdings Limited American Depositary Shares (Each representing Four Class A Ordinary Shares, HK$1.00 par value)",N,,N
SFY,"SoFi Select 500 ETF",P,,Y
SFYF,"SoFi 50 ETF",P,,Y
SFYX,"SoFi Next 500 ETF",P,,Y
SG,"Sirius International Insurance Group, Ltd. - Common Share",Q,Q,N
SGA,"Saga Communications, Inc. - Class A Common Stock",Q,G,N
SGB,"Southwest Georgia Financial Corporation Common Stock",A,,N
SGBX,"SG Blocks, Inc. - Common Stock",Q,S,N
SGC,"Superior Group of Companies, Inc. - Common Stock",Q,G,N
SGDJ,"Sprott Junior Gold Miners ETF",P,,Y
SGDM,"Sprott Gold Miners ETF",P,,Y
SGEN,"Seattle Genetics, Inc. - Common Stock",Q,Q,N
SGG,"iPathA Series B Bloomberg Sugar Subindex Total Return ETN",P,,N
SGH,"SMART Global Holdings, Inc. - Ordinary Shares",Q,Q,N
SGLB,"Sigma Labs, Inc. - Common Stock",Q,S,N
SGMA,"SigmaTron International, Inc. - Common Stock",Q,S,N
SGMO,"Sangamo Therapeutics, Inc. - Common Stock",Q,Q,N
SGMS,"Scientific Games Corp - Common Stock",Q,Q,N
SGOC,"SGOCO Group, Ltd - Ordinary Shares (Cayman Islands)",Q,S,N
SGOL,"Aberdeen Standard Physical Gold Shares ETF",P,,Y
SGRP,"SPAR Group, Inc. - Common Stock",Q,S,N
SGRY,"Surgery Partners, Inc. - Common Stock",Q,Q,N
SGU,"Star Group L.P. Common Stock",N,,N
SH,"ProShares Short S&P500",P,,Y
SHAG,"WisdomTree Yield Enhanced U.S. Short-Term Aggregate Bond Fund",Z,,Y
SHAK,"Shake Shack, Inc. Class A Common Stock",N,,N
SHBI,"Shore Bancshares Inc - Common Stock",Q,Q,N
SHE,"SPDR Series Trust SPDR SSGA Gender Diversity Index ETF",P,,Y
SHEN,"Shenandoah Telecommunications Co - Common Stock",Q,Q,N
SHG,"Shinhan Financial Group Co Ltd American Depositary Shares",N,,N
SHI,"SINOPEC Shangai Petrochemical Company, Ltd. Common Stock",N,,N
SHIP,"Seanergy Maritime Holdings Corp - Common Stock",Q,S,N
SHLL,"Tortoise Acquisition Corp. Class A Common Stock",N,,N
SHLO,"Shiloh Industries, Inc. - Common Stock",Q,Q,N
SHLX,"Shell Midstream Partners, L.P. Common Units representing Limited Partner Interests",N,,N
SHM,"SPDR Nuveen Bloomberg Barclays Short Term Municipal Bond ETF",P,,Y
SHO,"Sunstone Hotel Investors, Inc. Sunstone Hotel Investors, Inc. Common Shares",N,,N
SHOO,"Steven Madden, Ltd. - Common Stock",Q,Q,N
SHOP,"Shopify Inc. Class A Subordinate Voting Shares",N,,N
SHSP,"SharpSpring, Inc. - Common Stock",Q,S,N
SHV,"iShares Short Treasury Bond ETF",Q,G,Y
SHW,"Sherwin-Williams Company (The) Common Stock",N,,N
SHY,"iShares 1-3 Year Treasury Bond ETF",Q,G,Y
SHYD,"VanEck Vectors Short High-Yield Municipal Index ETF",Z,,Y
SHYG,"iShares 0-5 Year High Yield Corporate Bond ETF",P,,Y
SHYL,"Xtrackers Short Duration High Yield Bond ETF",P,,Y
SI,"Silvergate Capital Corporation Class A Common Stock",N,,N
SIBN,"SI-BONE, Inc. - Common Stock",Q,G,N
SIC,"Select Interior Concepts, Inc. - Class A Common Stock",Q,S,N
SID,"Companhia Siderurgica Nacional S.A. Common Stock",N,,N
SIEB,"Siebert Financial Corp. - Common Stock",Q,S,N
SIEN,"Sientra, Inc. - Common Stock",Q,Q,N
SIF,"SIFCO Industries, Inc. Common Stock",A,,N
SIFY,"Sify Technologies Limited - American Depository Shares, each represented by one Equity Share",Q,S,N
SIG,"Signet Jewelers Limited Common Shares",N,,N
SIGA,"SIGA Technologies Inc. - Common Stock",Q,G,N
SIGI,"Selective Insurance Group, Inc. - Common Stock",Q,Q,N
SIJ,"ProShares UltraShort Industrials",P,,Y
SIL,"Global X Silver Miners ETF",P,,Y
SILC,"Silicom Ltd - Ordinary Shares",Q,Q,N
SILJ,"ETFMG Prime Junior Silver Miners ETF",P,,Y
SILK,"Silk Road Medical, Inc. - Common Stock",Q,Q,N
SILV,"SilverCrest Metals Inc. Common Shares",A,,N
SIM,"Grupo Simec, S.A.B. de C.V. American Depositary Shares",A,,N
SIMO,"Silicon Motion Technology Corporation - American Depositary Shares, each representing four ordinary shares",Q,Q,N
SIMS,"SPDR S&P Kensho Intelligent Structures ETF ",P,,Y
SINA,"Sina Corporation - Ordinary Shares",Q,Q,N
SINO,"Sino-Global Shipping America, Ltd. - Common Stock",Q,S,N
SINT,"SiNtx Technologies, Inc. - Common Stock",Q,S,N
SIRI,"Sirius XM Holdings Inc. - Common Stock",Q,Q,N
SITC,"SITE Centers Corp. Common Stock",N,,N
SITE,"SiteOne Landscape Supply, Inc. Common Stock",N,,N
SITM,"SiTime Corporation - Common Stock",Q,G,N
SIVB,"SVB Financial Group - Common Stock",Q,Q,N
SIVBP,"SVB Financial Group - Depositary Shs each representing a 1/40th interest in a share of 5.25% Fixed-Rate Non-Cumulative Perpetual Preferred Stock, Series A",Q,Q,N
SIVR,"Aberdeen Standard Physical Silver Shares ETF",P,,Y
SIX,"Six Flags Entertainment Corporation New Common Stock",N,,N
SIZE,"iShares Edge MSCI USA Size Factor ETF",P,,Y
SJB,"ProShares Short High Yield",P,,Y
SJI,"South Jersey Industries, Inc. Common Stock",N,,N
SJIJ,"South Jersey Industries, Inc. 5.625% Junior Subordinated Notes due 2079",N,,N
SJIU,"South Jersey Industries, Inc. Corporate Units",N,,N
SJM,"J.M. Smucker Company (The) New Common Stock",N,,N
SJNK,"SPDR Bloomberg Barclays Short Term High Yield Bond ETF",P,,Y
SJR,"Shaw Communications Inc. Common Stock",N,,N
SJT,"San Juan Basin Royalty Trust Common Stock",N,,N
SJW,"SJW Group Common Stock (DE)",N,,N
SKF,"ProShares UltraShort Financials",P,,Y
SKM,"SK Telecom Co., Ltd. Common Stock",N,,N
SKOR,"FlexShares Credit-Scored US Corporate Bond Index Fund",Q,G,Y
SKT,"Tanger Factory Outlet Centers, Inc. Common Stock",N,,N
SKX,"Skechers U.S.A., Inc. Common Stock",N,,N
SKY,"Skyline Champion Corporation Common Stock",N,,N
SKYS,"Sky Solar Holdings, Ltd. - American Depositary Shares",Q,S,N
SKYW,"SkyWest, Inc. - Common Stock",Q,Q,N
SKYY,"First Trust Cloud Computing ETF",Q,G,Y
SLAB,"Silicon Laboratories, Inc. - Common Stock",Q,Q,N
SLB,"Schlumberger N.V. Common Stock",N,,N
SLCA,"U.S. Silica Holdings, Inc. Common Stock",N,,N
SLCT,"Select Bancorp, Inc. - Common Stock",Q,G,N
SLDB,"Solid Biosciences Inc. - Common Stock",Q,Q,N
SLF,"Sun Life Financial Inc. Common Stock",N,,N
SLG,"SL Green Realty Corp Common Stock",N,,N
SLGG,"Super League Gaming, Inc. - Common Stock",Q,S,N
SLGL,"Sol-Gel Technologies Ltd. - Common Stock",Q,G,N
SLGN,"Silgan Holdings Inc. - Common Stock",Q,Q,N
SLM,"SLM Corporation - Common Stock",Q,Q,N
SLMBP,"SLM Corporation - Floating Rate Non-Cumulative Preferred Stock, Series B",Q,Q,N
SLNO,"Soleno Therapeutics, Inc. - Common Stock",Q,S,N
SLP,"Simulations Plus, Inc. - Common Stock",Q,S,N
SLQD,"iShares 0-5 Year Investment Grade Corporate Bond ETF",Q,G,Y
SLRC,"Solar Capital Ltd. - Common Stock",Q,Q,N
SLRX,"Salarius Pharmaceuticals, Inc. - Common Stock",Q,S,N
SLS,"SELLAS Life Sciences Group, Inc.  - Common Stock",Q,S,N
SLT,"Salt High truBeta US Market ETF",Z,,Y
SLV,"iShares Silver Trust",P,,Y
SLVO,"Credit Suisse AG - Credit Suisse Silver Shares Covered Call Exchange Traded Notes",Q,G,N
SLVP,"iShares MSCI Global Silver Miners Fund",Z,,Y
SLX,"VanEck Vectors Steel ETF ",P,,Y
SLY,"SPDR S&P 600 Small Cap ETF (based on S&P SmallCap 600 Index -- symbol SML)",P,,Y
SLYG,"SPDR S&P 600 Small Cap Growth ETF (based on S&P SmallCap 600 Growth Index --symbol CGK)",P,,Y
SLYV,"SPDR S&P 600 Small Cap Value ETF (based on S&P SmallCap Value Index--symbol--CVK",P,,Y
SM,"SM Energy Company Common Stock",N,,N
SMAR,"Smartsheet Inc. Class A Common Stock",N,,N
SMB,"VanEck Vectors AMT-Free Short Municipal Index ETF",Z,,Y
SMBC,"Southern Missouri Bancorp, Inc. - Common Stock",Q,G,N
SMBK,"SmartFinancial, Inc. - Common Stock",Q,S,N
SMCI,"Super Micro Computer, Inc. - Common Stock",Q,Q,N
SMCP,"AlphaMark Actively Managed Small Cap ETF",Q,G,Y
SMDD,"UltraPro Short MidCap400",P,,Y
SMDV,"ProShares Russell 2000 Dividend Growers ETF",Z,,Y
SMDY,"Syntax Stratified MidCap ETF",P,,Y
SMED,"Sharps Compliance Corp. - Common Stock",Q,S,N
SMEZ,"SPDR EURO STOXX Small Cap ETF",P,,Y
SMFG,"Sumitomo Mitsui Financial Group Inc Unsponsored American Depositary Shares (Japan)",N,,N
SMG,"Scotts Miracle-Gro Company (The) Common Stock",N,,N
SMH,"VanEck Vectors Semiconductor ETF",Q,G,Y
SMHB,"ETRACS Monthly Pay 2x Leveraged Small Cap High Dividend ETN Series B",P,,N
SMHI,"SEACOR Marine Holdings Inc. Common Stock ",N,,N
SMIN,"Ishares MSCI India Small Cap ETF",Z,,Y
SMIT,"Schmitt Industries, Inc. - Common Stock",Q,S,N
SMLF,"iShares Edge MSCI Multifactor USA Small-Cap ETF",P,,Y
SMLL,"Direxion Daily Small Cap Bull 2X Shares",P,,Y
SMLP,"Summit Midstream Partners, LP Common Units Representing Limited Partner Interests",N,,N
SMLV,"SPDR SSGA US Small Cap Low Volatility Index ETF",P,,Y
SMM,"Salient Midstream Common Shares of Beneficial Interest",N,,N
SMMC,"South Mountain Merger Corp. - Class A Common Stock",Q,S,N
SMMCU,"South Mountain Merger Corp. - Unit",Q,S,N
SMMD,"iShares Trust iShares Russell 2500 ETF",Z,,Y
SMMF,"Summit Financial Group, Inc. - Common Stock",Q,Q,N
SMMT,"Summit Therapeutics plc - American Depositary Shares",Q,G,N
SMMU,"Short Term Municipal Bond Active Exchange-Traded Fund",P,,Y
SMMV,"iShares Trust ETF",Z,,Y
SMN,"ProShares UltraShort Basic Materials",P,,Y
SMOG,"VanEck Vectors Low Carbon Energy ETF",P,,Y
SMP,"Standard Motor Products, Inc. Common Stock",N,,N
SMPL,"The Simply Good Foods Company - Common Stock",Q,S,N
SMRT,"Stein Mart, Inc. - Common Stock",Q,S,N
SMSI,"Smith Micro Software, Inc. - Common Stock",Q,S,N
SMTC,"Semtech Corporation - Common Stock",Q,Q,N
SMTS,"Sierra Metals Inc. Common Stock",A,,N
SMTX,"SMTC Corporation - Common Stock",Q,G,N
SNA,"Snap-On Incorporated Common Stock",N,,N
SNAP,"Snap Inc. Class A Common Stock",N,,N
SNBR,"Sleep Number Corporation - Common Stock",Q,Q,N
SNCA,"Seneca Biopharma, Inc. - Common Stock",Q,S,N
SNCR,"Synchronoss Technologies, Inc. - Common Stock",Q,Q,N
SND,"Smart Sand, Inc. - Common Stock",Q,Q,N
SNDE,"Sundance Energy Inc.  - Common Stock",Q,G,N
SNDL,"Sundial Growers Inc. - Common Shares",Q,Q,N
SNDR,"Schneider National, Inc. Common Stock",N,,N
SNDX,"Syndax Pharmaceuticals, Inc. - Common Stock",Q,Q,N
SNE,"Sony Corporation Common Stock",N,,N
SNES,"SenesTech, Inc. - Common Stock",Q,S,N
SNFCA,"Security National Financial Corporation - Class A Common Stock",Q,G,N
SNGX,"Soligenix, Inc. - Common Stock",Q,S,N
SNLN,"Highland/iBoxx Senior Loan ETF",Q,G,Y
SNMP,"Sanchez Midstream Partners LP Common Stock",A,,N
SNN,"Smith & Nephew SNATS, Inc. Common Stock",N,,N
SNOA,"Sonoma Pharmaceuticals, Inc. - Common Stock",Q,S,N
SNP,"China Petroleum & Chemical Corporation Common Stock",N,,N
SNPE,"Xtrackers S&P 500 ESG ETF",P,,Y
SNPS,"Synopsys, Inc. - Common Stock",Q,Q,N
SNR,"New Senior Investment Group Inc. Common Stock",N,,N
SNSR,"Global X Internet of Things ETF",Q,G,Y
SNSS,"Sunesis Pharmaceuticals, Inc. - Common Stock",Q,S,N
SNUG,"Merlyn.AI Tactical Growth & Income ETF",Q,G,Y
SNV,"Synovus Financial Corp. Common Stock",N,,N
SNX,"Synnex Corporation Common Stock",N,,N
SNY,"Sanofi - American Depositary Shares",Q,Q,N
SO,"Southern Company (The) Common Stock",N,,N
SOCL,"Global X Social Media ETF",Q,G,Y
SOGO,"Sogou Inc. American Depositary Shares, each representing one Class A Ordinary Share",N,,N
SOHO,"Sotherly Hotels Inc. - Common Stock",Q,G,N
SOHOB,"Sotherly Hotels Inc. - 8.0% Series B Cumulative Redeemable Perpetual Preferred Stock",Q,G,N
SOHON,"Sotherly Hotels Inc. - 8.25% Series D Cumulative Redeemable Perpetual Preferred Stock",Q,G,N
SOHOO,"Sotherly Hotels Inc. - 7.875% Series C Cumulative Redeemable Perpetual Preferred Stock",Q,G,N
SOHU,"Sohu.com Limited  - American Depositary Shares",Q,Q,N
SOI,"Solaris Oilfield Infrastructure, Inc. Class A Common Stock",N,,N
SOIL,"Global X Fertilizers/Potash ETF",P,,Y
SOJA,"Southern Company (The) Series 2015A 6.25% Junior Subordinated Notes due October 15, 2075",N,,N
SOJB,"Southern Company (The) Series 2016A 5.25% Junior Subordinated Notes due October 1, 2076",N,,N
SOJC,"Southern Company (The) Series 2017B 5.25% Junior Subordinated Notes due December 1, 2077",N,,N
SOJD,"Southern Company (The) Series 2020A 4.95% Junior Subordinated Notes due January 30, 2080",N,,N
SOL,"Renesola Ltd. American Depsitary Shares (Each representing 10 shares)",N,,N
SOLN,"Southern Company (The) 2019 Series A Corporate Units",N,,N
SOLO,"Electrameccanica Vehicles Corp. Ltd. - Common Stock",Q,S,N
SOLY,"Soliton, Inc. - Common Stock",Q,S,N
SON,"Sonoco Products Company Common Stock",N,,N
SONA,"Southern National Bancorp of Virginia, Inc. - Common Stock",Q,G,N
SONG,"Akazoo S.A. - Ordinary Shares",Q,S,N
SONM,"Sonim Technologies, Inc. - Common Stock",Q,G,N
SONO,"Sonos, Inc. - Common Stock",Q,Q,N
SOR,"Source Capital, Inc. Common Stock",N,,N
SORL,"SORL Auto Parts, Inc. - Common Stock",Q,G,N
SOVB,"Cambria Sovereign Bond ETF",Z,,Y
SOXL,"Direxion Daily Semiconductor Bull 3x Shares",P,,Y
SOXS,"Direxion Daily Semiconductor Bear 3x Shares",P,,Y
SOXX,"iShares PHLX SOX Semiconductor Sector Index Fund",Q,G,Y
SOYB,"Teucrium Soybean Fund ETV",P,,Y
SP,"SP Plus Corporation - Common Stock",Q,Q,N
SPAB,"SPDR Portfolio Aggregate Bond ETF",P,,Y
SPAQ,"Spartan Energy Acquisition Corp Class A Common Stock",N,,N
SPAR,"Spartan Motors, Inc. - Common Stock",Q,Q,N
SPB,"Spectrum Brands Holdings, Inc. Common Stock",N,,N
SPBO,"SPDR Portfolio Corporate Bond ETF",P,,Y
SPCB,"SuperCom, Ltd. - Ordinary Shares",Q,S,N
SPCE,"Virgin Galactic Holdings, Inc. Common Stock",N,,N
SPDN,"Direxion Daily S&P 500 Bear 1X Shares",P,,Y
SPDV,"AAM S&P 500 High Dividend Value ETF",P,,Y
SPDW,"SPDR Portfolio Developed World ex-US ETF",P,,Y
SPE,"Special Opportunities Fund, Inc Common Stock",N,,N
SPEM,"SPDR Index Shares Fund SPDR Portfolio Emerging Markets ETF",P,,Y
SPEU,"SPDR Portfolio Europe ETF",P,,Y
SPFF,"Global X SuperIncome Preferred ETF",P,,Y
SPFI,"South Plains Financial, Inc. - Common Stock",Q,Q,N
SPG,"Simon Property Group, Inc. Common Stock",N,,N
SPGI,"S&P Global Inc. Common Stock",N,,N
SPGM,"SPDR Portfolio MSCI Global Stock Market ETF",P,,Y
SPGP,"Invesco S&P 500 GARP ETF",P,,Y
SPH,"Suburban Propane Partners, L.P. Common Stock",N,,N
SPHB,"Invesco S&P 500 High Beta ETF",P,,Y
SPHD,"Invesco S&P 500 High Dividend Low Volatility ETF",P,,Y
SPHQ,"Invesco S&P 500 Quality ETF",P,,Y
SPHY,"SPDR Portfolio High Yield Bond ETF",P,,Y
SPI,"SPI Energy Co., Ltd. - Ordinary Shares",Q,Q,N
SPIB,"SPDR Portfolio Intermediate Term Corporate Bond ETF",P,,Y
SPIP,"SPDR Portfolio TIPS ETF",P,,Y
SPKE,"Spark Energy, Inc. - Class A Common Stock",Q,Q,N
SPKEP,"Spark Energy, Inc. - 8.75% Series A Fixed-to-Floating Rate Cumulative Redeemable Perpetual Preferred Stock",Q,Q,N
SPLB,"SPDR Portfolio Long Term Corporate Bond ETF",P,,Y
SPLG,"SPDR Portfolio S&P 500 ETF",P,,Y
SPLK,"Splunk Inc. - Common Stock",Q,Q,N
SPLP,"Steel Partners Holdings LP LTD PARTNERSHIP UNIT",N,,N
SPLV,"Invesco S&P 500 Low Volatility ETF",P,,Y
SPMB,"SPDR Portfolio Mortgage Backed Bond ETF",P,,Y
SPMD,"SPDR Portfolio S&P 400 Mid Cap ETF  ",P,,Y
SPMO,"Invesco S&P 500 Momentum ETF",P,,Y
SPMV,"Invesco S&P 500 Minimum Variance ETF",Z,,Y
SPN,"Superior Energy Services, Inc. Common Stock",N,,N
SPNE,"SeaSpine Holdings Corporation - Common Stock",Q,Q,N
SPNS,"Sapiens International Corporation N.V. - Common Shares",Q,S,N
SPOK,"Spok Holdings, Inc. - Common Stock",Q,Q,N
SPOT,"Spotify Technology S.A. Ordinary Shares",N,,N
SPPI,"Spectrum Pharmaceuticals, Inc. - Common Stock",Q,Q,N
SPPP,"Sprott Physical Platinum and Palladium Trust",P,,Y
SPR,"Spirit Aerosystems Holdings, Inc. Common Stock",N,,N
SPRO,"Spero Therapeutics, Inc. - Common Stock",Q,Q,N
SPRT,"Support.com, Inc. - Common Stock",Q,S,N
SPSB,"SPDR Portfolio Short Term Corporate Bond ETF",P,,Y
SPSC,"SPS Commerce, Inc. - Common Stock",Q,Q,N
SPSK,"Tidal ETF Trust SP Funds Dow Jones Global Sukuk ETF",P,,Y
SPSM,"SPDR Portfolio S&P 600 Small Cap ETF",P,,Y
SPT,"Sprout Social, Inc - Class A Common Stock",Q,S,N
SPTI,"SPDR Portfolio Intermediate Term Treasury ETF",P,,Y
SPTL,"SPDR Portfolio Long Term Treasury ETF",P,,Y
SPTM,"SPDR Portfolio S&P 1500 Composite Stock Market ETF",P,,Y
SPTN,"SpartanNash Company - Common Stock",Q,Q,N
SPTS,"SPDR Portfolio Short Term Treasury ETF",P,,Y
SPUS,"SP Funds S&P 500 Sharia Industry Exclusions ETF",P,,Y
SPUU,"Direxion Daily S&P 500 Bull 2X Shares",P,,Y
SPVM,"Invesco S&P 500 Value with Momentum ETF",P,,Y
SPVU,"Invesco S&P 500 Enhanced Value ETF",P,,Y
SPWH,"Sportsman's Warehouse Holdings, Inc. - Common Stock",Q,Q,N
SPWR,"SunPower Corporation - Common Stock",Q,Q,N
SPXB,"ProShares S&P 500 Bond ETF",P,,Y
SPXC,"SPX Corporation Common Stock",N,,N
SPXE,"ProShares S&P 500 Ex-Energy ETF",P,,Y
SPXL,"Direxion Daily S&P 500 Bull 3X Shares",P,,Y
SPXN,"ProShares S&P 500 Ex-Financials ETF",P,,Y
SPXS,"Direxion Daily S&P 500 Bear 3X",P,,Y
SPXT,"ProShares S&P 500 Ex-Technology ETF",P,,Y
SPXU,"ProShares UltraPro Short S&P500",P,,Y
SPXV,"ProShares S&P 500 Ex-Health Care ETF",P,,Y
SPXX,"Nuveen S&P 500 Dynamic Overwrite Fund",N,,N
SPY,"SPDR S&P 500",P,,Y
SPYB,"SPDR S&P 500 Buyback ETF",P,,Y
SPYD,"SPDR Series Trust SPDR Portfolio S&P 500 High Dividend ETF",P,,Y
SPYG,"SPDR Series Trust SPDR Portfolio S&P 500 Growth ETF",P,,Y
SPYV,"SPDR Series Trust SPDR Portfolio S&P 500 Value ETF",P,,Y
SPYX,"SPDR S&P 500 Fossil Fuel Reserves Free ETF",P,,Y
SQ,"Square, Inc. Class A Common Stock",N,,N
SQBG,"Sequential Brands Group, Inc. - Common Stock",Q,S,N
SQLV,"Legg Mason Small-Cap Quality Value ETF",Q,G,Y
SQM,"Sociedad Quimica y Minera S.A. Common Stock",N,,N
SQNS,"Sequans Communications S.A. American Depositary Shares",N,,N
SQQQ,"ProShares UltraPro Short QQQ",Q,G,Y
SR,"Spire Inc. Common Stock",N,,N
SRAC,"Stable Road Acquisition Corp. - Class A Common Stock",Q,S,N
SRACU,"Stable Road Acquisition Corp. - Unit",Q,S,N
SRAX,"SRAX, Inc. - Class A Common Stock",Q,S,N
SRC,"Spirit Realty Capital, Inc. Common Stock",N,,N
SRCE,"1st Source Corporation - Common Stock",Q,Q,N
SRCL,"Stericycle, Inc. - Common Stock",Q,Q,N
SRDX,"Surmodics, Inc. - Common Stock",Q,Q,N
SRE,"Sempra Energy Common Stock",N,,N
SREA,"Sempra Energy 5.750% Junior Subordinated Notes due 2079",N,,N
SRET,"Global X SuperDividend REIT ETF",Q,G,Y
SREV,"ServiceSource International, Inc. - Common Stock",Q,Q,N
SRF,"Cushing Energy Income Fund Common Shares of Beneficial Interest",N,,N
SRG,"Seritage Growth Properties Class A Common Stock",N,,N
SRI,"Stoneridge, Inc. Common Stock",N,,N
SRL,"Scully Royalty Ltd.",N,,N
SRLN,"SPDR Blackstone GSO Senior Loan ETF",P,,Y
SRLP,"Sprague Resources LP Common Units representing Limited Partner Interests",N,,N
SRNE,"Sorrento Therapeutics, Inc. - Common Stock",Q,S,N
SRPT,"Sarepta Therapeutics, Inc. - Common Stock",Q,Q,N
SRRA,"Sierra Oncology, Inc. - Common Stock",Q,G,N
SRRK,"Scholar Rock Holding Corporation - Common Stock",Q,Q,N
SRS,"ProShares UltraShort Real Estate",P,,Y
SRT,"StarTek, Inc. Common Stock",N,,N
SRTS,"Sensus Healthcare, Inc. - Common Stock",Q,S,N
SRTY,"ProShares UltraPro Short Russell2000",P,,Y
SRV,"Cushing MLP & Infrastructure Total Return Fund",N,,N
SRVR,"Pacer Benchmark Data & Infrastructure Real Estate SCTR ETF",P,,Y
SSB,"South State Corporation - Common Stock",Q,Q,N
SSBI,"Summit State Bank - Common Stock",Q,G,N
SSD,"Simpson Manufacturing Company, Inc. Common Stock",N,,N
SSG,"ProShares UltraShort Semiconductors",P,,Y
SSI,"Stage Stores, Inc. Common Stock",N,,N
SSKN,"Strata Skin Sciences, Inc. - Common Stock",Q,S,N
SSL,"Sasol Ltd. American Depositary Shares",N,,N
SSNC,"SS&C Technologies Holdings, Inc. - Common Stock",Q,Q,N
SSNT,"SilverSun Technologies, Inc. - Common Stock",Q,S,N
SSO,"ProShares Ultra S&P500",P,,Y
SSP,"E.W. Scripps Company (The) - Class A Common Stock",Q,Q,N
SSPK,"Silver Spike Acquisition Corp. - Class A Ordinary Shares",Q,S,N
SSPKU,"Silver Spike Acquisition Corp. - Units",Q,S,N
SSPY,"Syntax Stratified LargeCap ETF",P,,Y
SSRM,"SSR Mining Inc. - Common Stock",Q,Q,N
SSSS,"Sutter Rock Capital Corp. - Common Stock",Q,S,N
SSTI,"ShotSpotter, Inc. - Common Stock",Q,S,N
SSTK,"Shutterstock, Inc. Common Stock",N,,N
SSUS,"Day Hagan/Ned Davis Research Smart Sector ETF",P,,Y
SSY,"SunLink Health Systems, Inc. Common Stock",A,,N
SSYS,"Stratasys, Ltd. - Common Stock",Q,Q,N
ST,"Sensata Technologies Holding plc Ordinary Shares",N,,N
STAA,"STAAR Surgical Company - Common Stock",Q,G,N
STAF,"Staffing 360 Solutions, Inc. - Common Stock",Q,S,N
STAG,"Stag Industrial, Inc. Common Stock",N,,N
STAR,"iStar Inc. Common Stock",N,,N
STAY,"Extended Stay America, Inc. - Paired Shares",Q,Q,N
STBA,"S&T Bancorp, Inc. - Common Stock",Q,Q,N
STC,"Stewart Information Services Corporation Common Stock",N,,N
STCN,"Steel Connect, Inc. - Common Stock",Q,Q,N
STE,"STERIS plc (Ireland) Ordinary Shares",N,,N
STFC,"State Auto Financial Corporation - Common Stock",Q,Q,N
STG,"Sunlands Technology Group American Depositary Shares, representing Class A ordinary shares",N,,N
STIM,"Neuronetics, Inc. - Common Stock",Q,G,N
STIP,"iShares 0-5 Year TIPS Bond ETF",P,,Y
STK,"Columbia Seligman Premium Technology Growth Fund Inc",N,,N
STKL,"SunOpta, Inc. - Common Stock",Q,Q,N
STKS,"The ONE Group Hospitality, Inc. - Common Stock",Q,S,N
STL,"Sterling Bancorp",N,,N
STLD,"Steel Dynamics, Inc. - Common Stock",Q,Q,N
STLG,"iShares Factors US Growth Style ETF",Z,,Y
STLV,"iShares Factors US Value Style ETF",Z,,Y
STM,"STMicroelectronics N.V. Common Stock",N,,N
STML,"Stemline Therapeutics, Inc. - Common Stock",Q,S,N
STMP,"Stamps.com Inc. - Common Stock",Q,Q,N
STN,"Stantec Inc Common Stock",N,,N
STND,"Standard AVB Financial Corp. - Common Stock",Q,S,N
STNE,"StoneCo Ltd. - Class A Common Share",Q,Q,N
STNG,"Scorpio Tankers Inc. Common Shares",N,,N
STOK,"Stoke Therapeutics, Inc. - Common Stock",Q,Q,N
STON,"StoneMor Inc. Common Stock",N,,N
STOR,"STORE Capital Corporation Common Stock",N,,N
STOT,"SPDR DoubleLine Short Duration Total Return Tactical ETF",Z,,Y
STPP,"iPath US Treasury Steepener ETN",Z,,N
STPZ,"PIMCO 1-5 Year U.S. TIPS Index Exchange-Traded Fund",P,,Y
STRA,"Strategic Education, Inc. - Common Stock",Q,Q,N
STRL,"Sterling Construction Company Inc - Common Stock",Q,Q,N
STRM,"Streamline Health Solutions, Inc. - Common Stock",Q,S,N
STRO,"Sutro Biopharma, Inc. - Common Stock",Q,G,N
STRS,"Stratus Properties Inc. - Common Stock",Q,Q,N
STRT,"STRATTEC SECURITY CORPORATION - Common Stock",Q,G,N
STSA,"Satsuma Pharmaceuticals, Inc. - Common stock",Q,G,N
STT,"State Street Corporation Common Stock",N,,N
STWD,"STARWOOD PROPERTY TRUST, INC. Starwood Property Trust Inc.",N,,N
STX,"Seagate Technology PLC - Ordinary Shares (Ireland)",Q,Q,N
STXB,"Spirit of Texas Bancshares, Inc. - Common Stock",Q,Q,N
STXS,"Stereotaxis, Inc. Common Stock",A,,N
STZ,"Constellation Brands, Inc. Common Stock",N,,N
SU,"Suncor Energy  Inc. Common Stock",N,,N
SUB,"iShares Short-Term National Muni Bond ETF",P,,Y
SUI,"Sun Communities, Inc. Common Stock",N,,N
SUM,"Summit Materials, Inc. Class A Common Stock",N,,N
SUMR,"Summer Infant, Inc. - Common Stock",Q,S,N
SUN,"Sunoco LP Common Units representing limited partner interests",N,,N
SUNS,"Solar Senior Capital Ltd. - Common Stock",Q,Q,N
SUNW,"Sunworks, Inc. - Common Stock",Q,S,N
SUP,"Superior Industries International, Inc. Common Stock (DE)",N,,N
SUPN,"Supernus Pharmaceuticals, Inc. - Common Stock",Q,G,N
SUPV,"Grupo Supervielle S.A. American Depositary Shares each Representing five Class B shares",N,,N
SURF,"Surface Oncology, Inc. - Common Stock",Q,G,N
SUSA,"iShares MSCI USA ESG Select ETF",P,,Y
SUSB,"iShares ESG 1-5 Year USD Corporate Bond ETF",Q,G,Y
SUSC,"iShares ESG USD Corporate Bond ETF",Q,G,Y
SUSL,"iShares ESG MSCI USA Leaders ETF",Q,G,Y
SUZ,"Suzano S.A. American Depositary Shares (each representing One Ordinary Share)",N,,N
SVA,"Sinovac Biotech, Ltd. - Ordinary Shares (Antigua/Barbudo)",Q,Q,N
SVBI,"Severn Bancorp Inc - Common Stock",Q,S,N
SVC,"Service Properties Trust - Shares of Beneficial Interest",Q,Q,N
SVM,"Silvercorp Metals Inc. Common Shares",A,,N
SVMK,"SVMK Inc. - Common Stock",Q,Q,N
SVRA,"Savara, Inc. - Common Stock",Q,Q,N
SVT,"Servotronics, Inc. Common Stock",A,,N
SVVC,"Firsthand Technology Value Fund, Inc. - Common Stock",Q,Q,N
SVXY,"ProShares Short VIX Short Term Futures ETF",P,,Y
SWAN,"Amplify ETF Trust Amplify BlackSwan Growth & Treasury Core ETF",P,,Y
SWAV,"ShockWave Medical, Inc. - Common Stock",Q,Q,N
SWCH,"Switch, Inc. Class A Common Stock",N,,N
SWI,"SolarWinds Corporation Common Stock",N,,N
SWIR,"Sierra Wireless, Inc. - Common Stock",Q,Q,N
SWK,"Stanley Black & Decker, Inc. Common Stock",N,,N
SWKH,"SWK Holdings Corporation - Common Stock",Q,S,N
SWKS,"Skyworks Solutions, Inc. - Common Stock",Q,Q,N
SWM,"Schweitzer-Mauduit International, Inc. Common Stock",N,,N
SWN,"Southwestern Energy Company Common Stock",N,,N
SWP,"Stanley Black & Decker, Inc. Corporate Units",N,,N
SWT,"Stanley Black & Decker, Inc. Corporate Unit",N,,N
SWTX,"SpringWorks Therapeutics, Inc. - common stock",Q,Q,N
SWX,"Southwest Gas Holdings, Inc. Common Stock (DE)",N,,N
SWZ,"Swiss Helvetia Fund, Inc. (The) Common Stock",N,,N
SXC,"SunCoke Energy, Inc. Common Stock",N,,N
SXI,"Standex International Corporation Common Stock",N,,N
SXT,"Sensient Technologies Corporation Common Stock",N,,N
SXTC,"China SXT Pharmaceuticals, Inc. - Common Stock",Q,S,N
SY,"So-Young International Inc. - American Depository Shares",Q,G,N
SYBT,"Stock Yards Bancorp, Inc. - Common Stock",Q,Q,N
SYBX,"Synlogic, Inc. - Common Stock",Q,G,N
SYE,"SPDR MFS Systematic Core Equity ETF",P,,Y
SYF,"Synchrony Financial Common Stock",N,,N
SYG,"SPDR MFS Systematic Growth Equity ETF",P,,Y
SYK,"Stryker Corporation Common Stock",N,,N
SYKE,"Sykes Enterprises, Incorporated - Common Stock",Q,Q,N
SYLD,"Cambria Shareholder Yield ETF",Z,,Y
SYN,"Synthetic Biologics, Inc. Common Stock",A,,N
SYNA,"Synaptics Incorporated - Common Stock",Q,Q,N
SYNC,"Synacor, Inc. - Common Stock",Q,G,N
SYNH,"Syneos Health, Inc. - Class A Common Stock",Q,Q,N
SYNL,"Synalloy Corporation - Common Stock",Q,G,N
SYPR,"Sypris Solutions, Inc. - Common Stock",Q,G,N
SYRS,"Syros Pharmaceuticals, Inc. - common stock",Q,Q,N
SYV,"SPDR MFS Systematic Value Equity ETF",P,,Y
SYX,"Systemax Inc. Common Stock",N,,N
SYY,"Sysco Corporation Common Stock",N,,N
SZC,"Cushing Renaissance Fund (The) Common Shares of Beneficial Interest",N,,N
SZK,"ProShares UltraShort Consumer Goods",P,,Y
SZNE,"Pacer CFRA-Stovall Equal Weight Seasonal Rotation ETF",P,,Y
T,"AT&T Inc.",N,,N
TA,"TravelCenters of America Inc.  - Common Stock",Q,Q,N
TAC,"TransAlta Corporation Ordinary Shares",N,,N
TACO,"Del Taco Restaurants, Inc. - Common Stock",Q,S,N
TACT,"TransAct Technologies Incorporated - Common Stock",Q,G,N
TAGS,"Teucrium Agricultural Fund ETV",P,,Y
TAIL,"Cambria Tail Risk ETF",Z,,Y
TAIT,"Taitron Components Incorporated - Class A Common Stock",Q,S,N
TAK,"Takeda Pharmaceutical Company Limited American Depositary Shares (each representing 1/2 of a share of Common Stock)",N,,N
TAL,"TAL Education Group American Depositary Shares",N,,N
TALO,"Talos Energy, Inc. Common Stock",N,,N
TAN,"Invesco Solar ETF",P,,Y
TANH,"Tantech Holdings Ltd. - Common Stock",Q,S,N
TANNI,"TravelCenters of America Inc.  - 8.25% Senior Notes due 2028",Q,Q,N
TANNL,"TravelCenters of America Inc.  - 8.00% Senior Notes due 2029",Q,Q,N
TANNZ,"TravelCenters of America Inc.  - 8.00% Senior Notes due 2030",Q,Q,N
TAOP,"Taoping Inc. - Ordinary Shares",Q,S,N
TAP,"Molson Coors Beverage Company Class B Common Stock",N,,N
TAPR,"iPath Inverse US Treasury Composite ETN",Z,,N
TARA,"ArTara Therapeutics, Inc.  - Common Stock",Q,S,N
TARO,"Taro Pharmaceutical Industries Ltd. Ordinary Shares",N,,N
TAST,"Carrols Restaurant Group, Inc. - Common Stock",Q,Q,N
TAT,"TransAtlantic Petroleum Ltd Ordinary Shares (Bermuda)",A,,N
TATT,"TAT Technologies Ltd. - Ordinary Shares",Q,G,N
TAWK,"Direxion Daily Communication Services Index Bull 3X Shares",P,,Y
TAXF,"American Century Diversified Municipal Bond ETF",P,,Y
TAYD,"Taylor Devices, Inc. - Common Stock",Q,S,N
TBB,"AT&T Inc. 5.350% Global Notes due 2066",N,,N
TBBK,"The Bancorp, Inc. - Common Stock",Q,Q,N
TBC,"AT&T Inc. 5.625% Global Notes due 2067",N,,N
TBF,"ProShares Short 20+ Year Treasury",P,,Y
TBI,"TrueBlue, Inc. Common Stock",N,,N
TBIO,"Translate Bio, Inc. - Common Stock",Q,Q,N
TBK,"Triumph Bancorp, Inc. - Common Stock",Q,Q,N
TBLT,"ToughBuilt Industries, Inc. - Common Stock",Q,S,N
TBLTW,"ToughBuilt Industries, Inc. - Warrant",Q,S,N
TBLU,"Tortoise Global Water ESG Fund",Z,,Y
TBND,"Tactical Income ETF",P,,Y
TBNK,"Territorial Bancorp Inc. - Common Stock",Q,Q,N
TBPH,"Theravance Biopharma, Inc. - Ordinary Shares",Q,G,N
TBT,"ProShares UltraShort Lehman 20  Year Treasury",P,,Y
TBX,"ProShares Short 7 10 Year Treasury",P,,Y
TC,"TuanChe Limited - American Depositary Shares",Q,S,N
TCBI,"Texas Capital Bancshares, Inc. - Common Stock",Q,Q,N
TCBIL,"Texas Capital Bancshares, Inc. - 6.50% Subordinated Notes due 2042",Q,Q,N
TCBIP,"Texas Capital Bancshares, Inc. - Non Cumulative Preferred Perpetual Stock Series A",Q,Q,N
TCBK,"TriCo Bancshares - Common Stock",Q,Q,N
TCCO,"Technical Communications Corporation - Common Stock",Q,S,N
TCDA,"Tricida, Inc. - Common Stock",Q,Q,N
TCF,"TCF Financial Corporation - Common Stock",Q,Q,N
TCFC,"The Community Financial Corporation - Common Stock",Q,S,N
TCFCP,"TCF Financial Corporation - Depositary Shares representing 5.70% Series C Non-Cumulative Preferred Stock",Q,Q,N
TCI,"Transcontinental Realty Investors, Inc. Common Stock",N,,N
TCMD,"Tactile Systems Technology, Inc. - Common Stock",Q,G,N
TCO,"Taubman Centers, Inc. Common Stock",N,,N
TCOM,"Trip.com Group Limited - American Depositary Shares",Q,Q,N
TCON,"TRACON Pharmaceuticals, Inc. - Common Stock",Q,S,N
TCP,"TC PipeLines, LP Common Units representing Limited Partner Interests",N,,N
TCPC,"BlackRock TCP Capital Corp. - Common Stock",Q,Q,N
TCRD,"THL Credit, Inc. - Common Stock",Q,Q,N
TCRR,"TCR2 Therapeutics Inc. - Common Stock",Q,Q,N
TCRW,"THL Credit, Inc. 6.125% Notes Due 2023",N,,N
TCRZ,"THL Credit, Inc. 6.75% Notes due 2022",N,,N
TCS,"Container Store (The) Common Stock",N,,N
TCTL,"Premise Capital Diversified Tactical ETF",Z,,Y
TCX,"Tucows Inc. - Common Stock",Q,S,N
TD,"Toronto Dominion Bank (The) Common Stock",N,,N
TDA,"Telephone and Data Systems, Inc. 5.875% Senior Notes due 2061",N,,N
TDAC,"Trident Acquisitions Corp. - Common Stock",Q,S,N
TDACU,"Trident Acquisitions Corp. - Units",Q,S,N
TDC,"Teradata Corporation Common Stock",N,,N
TDE,"Telephone and Data Systems, Inc. 6.875% Senior Notes due 2059",N,,N
TDF,"Templeton Dragon Fund, Inc. Common Stock",N,,N
TDG,"Transdigm Group Incorporated Transdigm Group Inc. Common Stock",N,,N
TDI,"Telephone and Data Systems, Inc. Sr Nt",N,,N
TDIV,"First Trust NASDAQ Technology Dividend Index Fund",Q,G,Y
TDJ,"Telephone and Data Systems, Inc. 7% Senior Notes due 2060",N,,N
TDOC,"Teladoc Health, Inc. Common Stock",N,,N
TDS,"Telephone and Data Systems, Inc. Common Shares",N,,N
TDTF,"FlexShares iBoxx 5 Year Target Duration TIPS Index Fund",P,,Y
TDTT,"FlexShares iBoxx 3 Year Target Duration TIPS Index Fund",P,,Y
TDV,"ProShares S&P Technology Dividend Aristocrats ETF",Z,,Y
TDW,"Tidewater Inc. Common Stock",N,,N
TDY,"Teledyne Technologies Incorporated Common Stock",N,,N
TEAF,"Tortoise Essential Assets Income Term Fund Common Shares of Beneficial Interest",N,,N
TEAM,"Atlassian Corporation Plc - Class A Ordinary Shares",Q,Q,N
TECB,"iShares U.S. Tech Breakthrough Multisector ETF",P,,Y
TECD,"Tech Data Corporation - Common Stock",Q,Q,N
TECH,"Bio-Techne Corp - Common Stock",Q,Q,N
TECK,"Teck Resources Ltd Ordinary Shares",N,,N
TECL,"Direxion Technology Bull 3X Shares",P,,Y
TECS,"Direxion Technology Bear 3X Shares",P,,Y
TECTP,"Tectonic Financial, Inc. - 9.00% Fixed-to-Floating Rate Series B Non-Cumulative Perpetual Preferred Stock",Q,S,N
TEDU,"Tarena International, Inc. - American Depositary Shares",Q,Q,N
TEF,"Telefonica SA Common Stock",N,,N
TEI,"Templeton Emerging Markets Income Fund, Inc. Common Stock",N,,N
TEL,"TE Connectivity Ltd. New Switzerland Registered Shares",N,,N
TELA,"TELA Bio, Inc. - Common stock",Q,G,N
TELL,"Tellurian Inc. - Common Stock",Q,S,N
TEN,"Tenneco Inc. Class A Voting Common Stock",N,,N
TENB,"Tenable Holdings, Inc. - Common Stock",Q,Q,N
TENX,"Tenax Therapeutics, Inc. - Common Stock",Q,S,N
TEO,"Telecom Argentina SA",N,,N
TER,"Teradyne, Inc. - Common Stock",Q,Q,N
TERM,"EquityCompass Tactical Risk Manager ETF",P,,Y
TERP,"TerraForm Power, Inc. - Class A Common Stock New",Q,Q,N
TESS,"TESSCO Technologies Incorporated - Common Stock",Q,Q,N
TEUM,"Pareteum Corporation - Common Stock",Q,S,N
TEVA,"Teva Pharmaceutical Industries Limited American Depositary Shares",N,,N
TEX,"Terex Corporation Common Stock",N,,N
TFC,"Truist Financial Corporation Common Stock",N,,N
TFFP,"TFF Pharmaceuticals, Inc. - Common Stock",Q,S,N
TFI,"SPDR Nuveen Bloomberg Barclays Municipal Bond ETF",P,,Y
TFII,"TFI International Inc. Common Shares",N,,N
TFIV,"Global X TargetIncome 5 ETF",Z,,Y
TFLO,"iShares Treasury Floating Rate Bond ETF",P,,Y
TFLT,"Global X TargetIncome Plus 2 ETF",Z,,Y
TFSL,"TFS Financial Corporation - Common Stock",Q,Q,N
TFX,"Teleflex Incorporated Common Stock",N,,N
TG,"Tredegar Corporation Common Stock",N,,N
TGA,"TransGlobe Energy Corporation - Ordinary Shares",Q,Q,N
TGB,"Taseko Mines, Ltd. Common Stock",A,,N
TGC,"Tengasco, Inc. Common Stock",A,,N
TGE,"Tallgrass Energy, LP Class A Shares ",N,,N
TGEN,"Tecogen Inc. - Common Stock",Q,S,N
TGH,"Textainer Group Holdings Limited Common Shares",N,,N
TGI,"Triumph Group, Inc. Common Stock",N,,N
TGLS,"Tecnoglass Inc. - Ordinary Shares",Q,S,N
TGNA,"TEGNA Inc",N,,N
TGP,"Teekay LNG Partners L.P.",N,,N
TGS,"Transportadora de Gas del Sur SA TGS Common Stock",N,,N
TGT,"Target Corporation Common Stock",N,,N
TGTX,"TG Therapeutics, Inc. - Common Stock",Q,S,N
TH,"Target Hospitality Corp. - Common Stock",Q,S,N
THBR,"Thunder Bridge Acquisition II, Ltd. - Class A Ordinary Shares",Q,S,N
THBRU,"Thunder Bridge Acquisition II, Ltd. - Units",Q,S,N
THC,"Tenet Healthcare Corporation Common Stock",N,,N
THCA,"Tuscan Holdings Corp. II - Common Stock",Q,S,N
THCAU,"Tuscan Holdings Corp. II - Unit",Q,S,N
THCB,"Tuscan Holdings Corp. - Common Stock",Q,S,N
THCBU,"Tuscan Holdings Corp. - Unit",Q,S,N
THCX,"Spinnaker ETF Series The Cannabis ETF",P,,Y
THD,"iShares Inc iShares MSCI Thailand ETF",P,,Y
THFF,"First Financial Corporation Indiana - Common Stock",Q,Q,N
THG,"Hanover Insurance Group Inc",N,,N
THGA,"The Hanover Insurance Group, Inc. 6.35% Subordinated Debentures due 2053",N,,N
THM,"International Tower Hill Mines, Ltd. Ordinary Shares (Canada)",A,,N
THMO,"ThermoGenesis Holdings, Inc. - Common Stock",Q,S,N
THO,"Thor Industries, Inc. Common Stock",N,,N
THQ,"Tekla Healthcare Opportunies Fund Shares of Beneficial Interest",N,,N
THR,"Thermon Group Holdings, Inc. Common Stock",N,,N
THRM,"Gentherm Inc - Common Stock",Q,Q,N
THS,"Treehouse Foods, Inc. Common Stock",N,,N
THTX,"Theratechnologies Inc. - Common Shares",Q,S,N
THW,"Tekla World Healthcare Fund Shares of Beneficial Interest",N,,N
TIF,"Tiffany & Co. Common Stock",N,,N
TIGO,"Millicom International Cellular S.A. - Common Stock",Q,Q,N
TIGR,"UP Fintech Holding Limited - American Depositary Shares representing fifteen Class A Ordinary Shares",Q,Q,N
TILE,"Interface, Inc. - Common Stock",Q,Q,N
TILT,"FlexShares Mornigstar US Market Factors Tilt Index Fund ETF",Z,,Y
TIP,"iShares TIPS Bond ETF",P,,Y
TIPT,"Tiptree Inc. - Common Stock",Q,S,N
TIPX,"SPDR Bloomberg Barclays 1-10 Year TIPS",P,,Y
TIPZ,"PIMCO Broad U.S. TIPS Index Exchange-Traded Fund",P,,Y
TISI,"Team, Inc. Common Stock",N,,N
TITN,"Titan Machinery Inc. - Common Stock",Q,Q,N
TIVO,"TiVo Corporation - Common Stock",Q,Q,N
TJX,"TJX Companies, Inc. (The) Common Stock",N,,N
TK,"Teekay Corporation Common Stock",N,,N
TKAT,"Takung Art Co., Ltd. Common Stock",A,,N
TKC,"Turkcell Iletisim Hizmetleri AS Common Stock",N,,N
TKR,"Timken Company (The) Common Stock",N,,N
TLC,"Taiwan Liposome Company, Ltd. - American Depositary Shares",Q,G,N
TLDH,"FlexShares Currency Hedged Morningstar DM ex-US Factor Tilt Index Fund",P,,Y
TLEH,"FlexShares Currency Hedged Morningstar EM Factor Tilt Index Fund",P,,Y
TLF,"Tandy Leather Factory, Inc. - Common Stock",Q,G,N
TLGT,"Teligent, Inc. - Common Stock",Q,Q,N
TLH,"iShares 10-20 Year Treasury Bond ETF",P,,Y
TLI,"Western Asset Corporate Loan Fund Inc Common Stock",N,,N
TLK,"PT Telekomunikasi Indonesia, Tbk",N,,N
TLND,"Talend S.A. - American Depositary Shares",Q,G,N
TLRD,"Tailored Brands, Inc. Common Stock",N,,N
TLRY,"Tilray, Inc. - Class 2 Common Stock",Q,Q,N
TLSA,"Tiziana Life Sciences plc - American Depository Share",Q,G,N
TLT,"iShares 20+ Year Treasury Bond ETF",Q,G,Y
TLTD,"FlexShares Morningstar Developed Markets ex-US Factor Tilt Index Fund",P,,Y
TLTE,"FlexShares Morningstar Emerging Markets Factor Tilt Index Fund",P,,Y
TLYS,"Tilly's, Inc. Common Stock",N,,N
TM,"Toyota Motor Corporation Common Stock",N,,N
TMDI,"Titan Medical Inc. - Ordinary Shares",Q,S,N
TMDV,"ProShares Russell US Dividend Growers ETF",Z,,Y
TMDX,"TransMedics Group, Inc. - Common Stock",Q,G,N
TME,"Tencent Music Entertainment Group American Depositary Shares, each representing two Class A Ordinary Shares",N,,N
TMF,"Direxion Daily 20-Yr Treasury Bull 3x Shrs",P,,Y
TMFC,"Motley Fool 100 Index ETF ETF",Z,,Y
TMHC,"Taylor Morrison Home Corporation Common Stock",N,,N
TMO,"Thermo Fisher Scientific Inc Common Stock",N,,N
TMP,"Tompkins Financial Corporation Common Stock",A,,N
TMQ,"Trilogy Metals Inc. Common Stock",A,,N
TMSR,"TMSR Holding Company Limited - Common Stock",Q,S,N
TMST,"TimkenSteel Corporation Common Shares",N,,N
TMUS,"T-Mobile US, Inc. - Common Stock",Q,Q,N
TMV,"Direxion Daily 20-Year Treasury Bear 3X",P,,Y
TNA,"Direxion Small Cap Bull 3X Shares",P,,Y
TNAV,"Telenav, Inc. - Common Stock",Q,Q,N
TNC,"Tennant Company Common Stock",N,,N
TNDM,"Tandem Diabetes Care, Inc. - Common Stock",Q,G,N
TNET,"TriNet Group, Inc. Common Stock",N,,N
TNK,"Teekay Tankers Ltd.",N,,N
TNP,"Tsakos Energy Navigation Ltd Common Shares",N,,N
TNXP,"Tonix Pharmaceuticals Holding Corp. - Common Stock",Q,G,N
TOCA,"Tocagen Inc. - Common Stock",Q,Q,N
TOK,"iShares MSCI Kokusai ETF",P,,Y
TOKE,"Cambria Cannabis ETF",Z,,Y
TOL,"Toll Brothers, Inc. Common Stock",N,,N
TOLZ,"ProShares DJ Brookfield Global Infrastructure ETF",P,,Y
TOPS,"TOP Ships Inc. - Common Stock",Q,S,N
TORC,"resTORbio, Inc. - Common Stock",Q,Q,N
TOT,"Total S.A.",N,,N
TOTA,"Tottenham Acquisition I Limited - Ordinary Shares",Q,S,N
TOTAU,"Tottenham Acquisition I Limited - Unit",Q,S,N
TOTL,"SPDR DoubleLine Total Return Tactical ETF",P,,Y
TOUR,"Tuniu Corporation - American Depositary Shares",Q,G,N
TOWN,"Towne Bank - Common Stock",Q,Q,N
TPAY,"Tortoise Digital Payments Infrastructure Fund",Z,,Y
TPB,"Turning Point Brands, Inc. Common Stock",N,,N
TPC,"Tutor Perini Corporation Common Stock",N,,N
TPCO,"Tribune Publishing Company - Common Stock",Q,G,N
TPH,"TRI Pointe Group, Inc. Common Stock",N,,N
TPHD,"Timothy Plan High Dividend Stock ETF",P,,Y
TPHS,"Trinity Place Holdings Inc. Common Stock",A,,N
TPIC,"TPI Composites, Inc. - Common Stock",Q,G,N
TPIF,"Timothy Plan International ETF",P,,Y
TPL,"Texas Pacific Land Trust Common Stock",N,,N
TPLC,"Timothy Plan US Large Cap Core ETF",P,,Y
TPOR,"Direxion Daily Transportation Bull 3X Shares",P,,Y
TPR,"Tapestry, Inc. Common Stock",N,,N
TPRE,"Third Point Reinsurance Ltd. Common Shares",N,,N
TPSC,"Timothy Plan US Small Cap Core ETF",P,,Y
TPTX,"Turning Point Therapeutics, Inc. - Common stock",Q,Q,N
TPVG,"TriplePoint Venture Growth BDC Corp. Common Stock",N,,N
TPVY,"TriplePoint Venture Growth BDC Corp. 5.75% Notes due 2022",N,,N
TPX,"Tempur Sealy International, Inc. Common Stock",N,,N
TPYP,"Tortoise North American Pipeline ETF",P,,Y
TPZ,"Tortoise Power and Energy Infrastructure Fund, Inc Common Stock",N,,N
TQQQ,"ProShares UltraPro QQQ",Q,G,Y
TR,"Tootsie Roll Industries, Inc. Common Stock",N,,N
TRC,"Tejon Ranch Co Common Stock",N,,N
TRCH,"Torchlight Energy Resources, Inc. - Common Stock",Q,S,N
TREC,"Trecora Resources Common Stock",N,,N
TREE,"LendingTree, Inc. - Common Stock",Q,Q,N
TREX,"Trex Company, Inc. Common Stock",N,,N
TRGP,"Targa Resources, Inc. Common Stock",N,,N
TRHC,"Tabula Rasa HealthCare, Inc. - Common Stock",Q,G,N
TRI,"Thomson Reuters Corp Ordinary Shares",N,,N
TRIB,"Trinity Biotech plc - American Depositary Shares each representing 4 A Ordinary Shares",Q,Q,N
TRIL,"Trillium Therapeutics Inc. - Common Shares",Q,S,N
TRIP,"TripAdvisor, Inc. - Common Stock",Q,Q,N
TRMB,"Trimble Inc. - Common Stock",Q,Q,N
TRMD,"TORM plc - Class A Common Stock",Q,Q,N
TRMK,"Trustmark Corporation - Common Stock",Q,Q,N
TRMT,"Tremont Mortgage Trust - Common Shares of Beneficial Interest",Q,S,N
TRN,"Trinity Industries, Inc. Common Stock",N,,N
TRND,"Pacer Trendpilot Fund of Funds ETF",P,,Y
TRNE,"Trine Acquisition Corp. Class A Common Stock",N,,N
TRNO,"Terreno Realty Corporation Common Stock",N,,N
TRNS,"Transcat, Inc. - Common Stock",Q,G,N
TRNX,"Taronis Technologies, Inc. - Common Stcok",Q,S,N
TROV,"TrovaGene, Inc. - Common Stock",Q,S,N
TROW,"T. Rowe Price Group, Inc. - Common Stock",Q,Q,N
TROX,"Tronox Holdings plc Ordinary Shares (UK)",N,,N
TRP,"TC Energy Corporation Common Stock",N,,N
TRPX,"Therapix Biosciences Ltd. - American Depositary Shares",Q,S,N
TRQ,"Turquoise Hill Resources Ltd. Ordinary Shares",N,,N
TRS,"TriMas Corporation - Common Stock",Q,Q,N
TRST,"TrustCo Bank Corp NY - Common Stock",Q,Q,N
TRT,"Trio-Tech International Common Stock",A,,N
TRTN,"Triton International Limited Common Shares",N,,N
TRTX,"TPG RE Finance Trust, Inc. Common Stock",N,,N
TRTY,"Cambria Trinity ETF",Z,,Y
TRU,"TransUnion Common Stock",N,,N
TRUE,"TrueCar, Inc. - Common Stock",Q,Q,N
TRUP,"Trupanion, Inc. - Common Stock",Q,G,N
TRV,"The Travelers Companies, Inc. Common Stock",N,,N
TRVG,"trivago N.V. - American Depositary Shares",Q,Q,N
TRVI,"Trevi Therapeutics, Inc. - Common Stock",Q,G,N
TRVN,"Trevena, Inc. - Common Stock",Q,S,N
TRWH,"Twin River Worldwide Holdings, Inc. Common Stock",N,,N
TRX,"Tanzanian Gold Corporation Common Stock",A,,N
TRXC,"TransEnterix, Inc. Common Stock",A,,N
TS,"Tenaris S.A. American Depositary Shares",N,,N
TSBK,"Timberland Bancorp, Inc. - Common Stock",Q,G,N
TSC,"TriState Capital Holdings, Inc. - Common Stock",Q,Q,N
TSCAP,"TriState Capital Holdings, Inc. - Dep Shs Rep 1/40th Int 6.75% Srs A Non-Cum Pfd",Q,Q,N
TSCBP,"TriState Capital Holdings, Inc. - Depositary Share, representing a 1/40th Interest in a Share of 6.375% Fixed-to-Floating Rate Series B Non-Cumulative Perpetual Preferred Stock",Q,Q,N
TSCO,"Tractor Supply Company - Common Stock",Q,Q,N
TSE,"Trinseo S.A. Ordinary Shares",N,,N
TSEM,"Tower Semiconductor Ltd. - Ordinary Shares",Q,Q,N
TSG,"The Stars Group Inc. - Common Stock",Q,Q,N
TSI,"TCW Strategic Income Fund, Inc. Common Stock",N,,N
TSLA,"Tesla, Inc.  - Common Stock",Q,Q,N
TSLF,"THL Credit Senior Loan Fund Common Shares of Beneficial Interest",N,,N
TSLX,"TPG Specialty Lending, Inc. Common Stock",N,,N
TSM,"Taiwan Semiconductor Manufacturing Company Ltd.",N,,N
TSN,"Tyson Foods, Inc. Common Stock",N,,N
TSQ,"Townsquare Media, Inc. Class A Common Stock",N,,N
TSRI,"TSR, Inc. - Common Stock",Q,S,N
TSU,"TIM Participacoes S.A. American Depositary Shares (Each representing 5 Common Shares)",N,,N
TT,"Trane Technologies plc",N,,N
TTAC,"TrimTabs All Cap U.S. Free-Cash-Flow ETF",Z,,Y
TTAI,"TRIMTABS ETF TRUST ETF",Z,,Y
TTC,"Toro Company (The) Common Stock",N,,N
TTD,"The Trade Desk, Inc. - Class A Common Stock",Q,G,N
TTEC,"TTEC Holdings, Inc. - Common Stock",Q,Q,N
TTEK,"Tetra Tech, Inc. - Common Stock",Q,Q,N
TTGT,"TechTarget, Inc. - Common Stock",Q,G,N
TTI,"Tetra Technologies, Inc. Common Stock",N,,N
TTM,"Tata Motors Ltd Tata Motors Limited",N,,N
TTMI,"TTM Technologies, Inc. - Common Stock",Q,Q,N
TTNP,"Titan Pharmaceuticals, Inc. - Common Stock",Q,S,N
TTOO,"T2 Biosystems, Inc. - Common Stock",Q,G,N
TTP,"Tortoise Pipeline & Energy Fund, Inc. Common Stock",N,,N
TTPH,"Tetraphase Pharmaceuticals, Inc. - Common Stock",Q,Q,N
TTT,"ProShares UltraPro Short 20 Year Treasury",P,,Y
TTTN,"UP Fintech China-U.S. Internet Titans ETF",Q,G,Y
TTWO,"Take-Two Interactive Software, Inc. - Common Stock",Q,Q,N
TU,"Telus Corporation Ordinary Shares",N,,N
TUES,"Tuesday Morning Corp. - Common Stock",Q,Q,N
TUFN,"Tufin Software Technologies Ltd. Ordinary Shares",N,,N
TUP,"Tupperware Brands Corporation Common Stock",N,,N
TUR,"iShares MSCI Turkey ETF",Q,G,Y
TURN,"180 Degree Capital Corp. - Common Stock",Q,G,N
TUSA,"First Trust Total US Market AlphaDEX ETF",Q,G,Y
TUSK,"Mammoth Energy Services, Inc. - Common Stock",Q,Q,N
TV,"Grupo Televisa S.A. Common Stock",N,,N
TVC,"Tennessee Valley Authority Common Stock",N,,N
TVE,"Tennessee Valley Authority",N,,N
TVIX,"Credit Suisse AG - VelocityShares Daily 2x VIX Short Term ETN",Q,G,N
TVTY,"Tivity Health, Inc. - Common Stock",Q,Q,N
TW,"Tradeweb Markets Inc. - Class A Common Stock",Q,Q,N
TWI,"Titan International, Inc. (DE) Common Stock",N,,N
TWIN,"Twin Disc, Incorporated - Common Stock",Q,Q,N
TWLO,"Twilio Inc. Class A Common Stock",N,,N
TWM,"ProShares UltraShort Russell2000",P,,Y
TWMC,"Trans World Entertainment Corp. - Common Stock",Q,S,N
TWN,"Taiwan Fund, Inc. (The) Common Stock",N,,N
TWNK,"Hostess Brands, Inc. - Class A Common Stock",Q,S,N
TWNKW,"Hostess Brands, Inc. - Warrants",Q,S,N
TWO,"Two Harbors Investment Corp",N,,N
TWOU,"2U, Inc. - Common Stock",Q,Q,N
TWST,"Twist Bioscience Corporation - Common Stock",Q,Q,N
TWTR,"Twitter, Inc. Common Stock",N,,N
TX,"Ternium S.A. Ternium S.A. American Depositary Shares (each representing ten shares, USD1.00 par value)",N,,N
TXG,"10x Genomics, Inc. - Common Stock",Q,Q,N
TXMD,"TherapeuticsMD, Inc. - Common Stock",Q,Q,N
TXN,"Texas Instruments Incorporated - Common Stock",Q,Q,N
TXRH,"Texas Roadhouse, Inc. - Common Stock",Q,Q,N
TXT,"Textron Inc. Common Stock",N,,N
TY,"Tri Continental Corporation Common Stock",N,,N
TYBS,"Direxion Daily 20 Year Treasury Bear 1X Shares",P,,Y
TYD,"Direxion Daily 10-Yr Treasury Bull 3x Shrs",P,,Y
TYG,"Tortoise Energy Infrastructure Corporation Common Stock",N,,N
TYHT,"Shineco, Inc. - Common Stock",Q,S,N
TYL,"Tyler Technologies, Inc. Common Stock",N,,N
TYME,"Tyme Technologies, Inc. - Common Stock",Q,S,N
TYO,"Direxion Daily 10-Yr Treasury Bear 3x Shrs",P,,Y
TZA,"Direxion Small Cap Bear 3X Shares",P,,Y
TZAC,"Tenzing Acquisition Corp. - Ordinary Shares",Q,S,N
TZACU,"Tenzing Acquisition Corp. - Units",Q,S,N
TZOO,"Travelzoo - Common Stock",Q,Q,N
UA,"Under Armour, Inc. Class C Common Stock",N,,N
UAA,"Under Armour, Inc. Class A Common Stock",N,,N
UAE,"iShares MSCI UAE ETF",Q,G,Y
UAG,"E-TRACS USB Bloomberg Commodity Index Exchange Traded Notes E-TRACS UBS Bloomberg CMCI Agriculture ETN",P,,N
UAL,"United Airlines Holdings, Inc. - Common Stock",Q,Q,N
UAMY,"United States Antimony Corporation Common Stock",A,,N
UAN,"CVR Partners, LP Common Units representing Limited Partner Interests",N,,N
UAPR,"Innovator S&P 500 Ultra Buffer ETF - April",Z,,Y
UAUD,"ETNs linked to the VelocityShares Daily 4X Long AUD vs. USD Index",P,,N
UAUG,"Innovator S&P 500 Ultra Buffer ETF - August ",Z,,Y
UAVS,"AgEagle Aerial Systems, Inc. Common Stock",A,,N
UBA,"Urstadt Biddle Properties Inc. Common Stock",N,,N
UBCP,"United Bancorp, Inc. - Common Stock",Q,S,N
UBER,"Uber Technologies, Inc. Common Stock",N,,N
UBFO,"United Security Bancshares - Common Stock",Q,Q,N
UBG,"E-TRACS USB Bloomberg Commodity Index Exchange Traded Notes E-TRACS UBS Bloomberg CMCI Gold ETN",P,,N
UBOH,"United Bancshares, Inc. - Common Stock",Q,G,N
UBOT,"Direxion Daily Robotics, Artificial Intelligence & Automation Index Bull 3X Shares",P,,Y
UBP,"Urstadt Biddle Properties Inc. Common Stock",N,,N
UBR,"ProShares Ultra MSCI Brazil Capped",P,,Y
UBS,"UBS Group AG Registered Ordinary Shares",N,,N
UBSI,"United Bankshares, Inc. - Common Stock",Q,Q,N
UBT,"ProShares Ultra 20+ Year Treasury",P,,Y
UBX,"Unity Biotechnology, Inc. - Common Stock",Q,Q,N
UCBI,"United Community Banks, Inc. - Common Stock",Q,Q,N
UCC,"ProShares Ultra Consumer Services",P,,Y
UCHF,"ETNs linked to the VelocityShares Daily 4X Long CHF vs. USD Index",P,,N
UCI,"E-TRACS USB Bloomberg Commodity Index Exchange Traded Notes E-TRACS UBS Bloomberg CMCI ETN",P,,N
UCIB,"ETRACS UBS Bloomberg Constant Maturity Commodity Index (CMCI) Total Return ETN Series B due April 5, 2038",P,,N
UCO,"ProShares Ultra Bloomberg Crude Oil",P,,Y
UCON,"First Trust TCW Unconstrained Plus Bond ETF",P,,Y
UCTT,"Ultra Clean Holdings, Inc. - Common Stock",Q,Q,N
UDEC,"Innovator S&P 500 Ultra Buffer ETF - December",Z,,Y
UDN,"Invesco DB USD Index Bearish ETF",P,,Y
UDOW,"ProShares UltraPro Dow30",P,,Y
UDR,"UDR, Inc. Common Stock",N,,N
UE,"Urban Edge Properties Common Shares of Beneficial Interest",N,,N
UEC,"Uranium Energy Corp. Common Stock",A,,N
UEIC,"Universal Electronics Inc. - Common Stock",Q,Q,N
UEPS,"Net 1 UEPS Technologies, Inc. - Common Stock",Q,Q,N
UEUR,"ETNs linked to the VelocityShares Daily 4X Long EUR vs. USD Index",P,,N
UEVM,"VictoryShares USAA MSCI Emerging Markets Value Momentum ETF",P,,Y
UFAB,"Unique Fabricating, Inc. Common Stock",A,,N
UFCS,"United Fire Group, Inc - Common Stock",Q,Q,N
UFEB,"Innovator S&P 500 Ultra Buffer ETF - February",Z,,Y
UFI,"Unifi, Inc. New Common Stock",N,,N
UFO,"Procure Space ETF",Q,G,Y
UFPI,"Universal Forest Products, Inc. - Common Stock",Q,Q,N
UFPT,"UFP Technologies, Inc. - Common Stock",Q,S,N
UFS,"Domtar Corporation (NEW) Common Stock",N,,N
UG,"United-Guardian, Inc. - Common Stock",Q,G,N
UGA,"United States Gasoline Fund LP",P,,Y
UGAZ,"VelocityShares 3X Long Natural Gas ETN linked to the S&P GSCI Natural Gas Index Excess Return",P,,N
UGBP,"ETNs linked to the VelocityShares Daily 4X Long GBP vs. USD Index",P,,N
UGE,"ProShares Ultra Consumer Goods",P,,Y
UGI,"UGI Corporation Common Stock",N,,N
UGL,"ProShares Ultra Gold",P,,Y
UGLD,"Credit Suisse AG - VelocityShares 3x Long Gold ETN",Q,G,N
UGP,"Ultrapar Participacoes S.A. (New) American Depositary Shares (Each representing one Common Share)",N,,N
UHAL,"Amerco - Common Stock",Q,Q,N
UHS,"Universal Health Services, Inc. Common Stock",N,,N
UHT,"Universal Health Realty Income Trust Common Stock",N,,N
UI,"Ubiquiti Inc. Common Stock",N,,N
UIHC,"United Insurance Holdings Corp. - Common Stock",Q,S,N
UIS,"Unisys Corporation New Common Stock",N,,N
UITB,"VictoryShares USAA Core Intermediate-Term Bond ETF",P,,Y
UIVM,"VictoryShares USAA MSCI International Value Momentum ETF",P,,Y
UJAN,"Innovator S&P 500 Ultra Buffer ETF - January",Z,,Y
UJB,"ProShares Ultra High Yield ETF",P,,Y
UJPY,"ETNs linked to the VelocityShares Daily 4X Long JPY vs. USD Index",P,,N
UJUL,"Innovator S&P 500 Ultra Buffer ETF - July",Z,,Y
UJUN,"Innovator S&P 500 Ultra Buffer ETF - June",Z,,Y
UL,"Unilever PLC Common Stock",N,,N
ULBI,"Ultralife Corporation - Common Stock",Q,G,N
ULBR,"Citigroup Global Markets Holdings Inc VelocityShares Long LIBOR ETN",P,,Y
ULE,"ProShares Ultra Euro",P,,Y
ULH,"Universal Logistics Holdings, Inc. - Common Stock",Q,Q,N
ULST,"SPDR SSgA Ultra Short Term Bond ETF",P,,Y
ULTA,"Ulta Beauty, Inc. - Common Stock",Q,Q,N
ULTR,"IQ Ultra Short Duration ETF",P,,Y
ULVM,"VictoryShares USAA MSCI USA Value Momentum ETF",P,,Y
UMAR,"Innovator S&P 500 Ultra Buffer ETF - March",Z,,Y
UMBF,"UMB Financial Corporation - Common Stock",Q,Q,N
UMC,"United Microelectronics Corporation (NEW) Common Stock",N,,N
UMDD,"UltraPro MidCap400",P,,Y
UMH,"UMH Properties, Inc. Common Stock",N,,N
UMPQ,"Umpqua Holdings Corporation - Common Stock",Q,Q,N
UMRX,"Unum Therapeutics Inc. - Common Stock",Q,Q,N
UN,"Unilever NV Common Stock",N,,N
UNAM,"Unico American Corporation - Common Stock",Q,G,N
UNB,"Union Bankshares, Inc. - Common Stock",Q,G,N
UNF,"Unifirst Corporation Common Stock",N,,N
UNFI,"United Natural Foods, Inc. Common Stock",N,,N
UNG,"United States Natural Gas Fund LP",P,,Y
UNH,"UnitedHealth Group Incorporated Common Stock (DE)",N,,N
UNIT,"Uniti Group Inc. - Common Stock",Q,Q,N
UNL,"United States 12 Month Natural Gas Fund",P,,Y
UNM,"Unum Group Common Stock",N,,N
UNMA,"Unum Group 6.250% Junior Subordinated Notes due 2058",N,,N
UNOV,"Innovator S&P 500 Ultra Buffer ETF - November",Z,,Y
UNP,"Union Pacific Corporation Common Stock",N,,N
UNT,"Unit Corporation Common Stock",N,,N
UNTY,"Unity Bancorp, Inc. - Common Stock",Q,G,N
UNVR,"Univar Solutions Inc. Common Stock",N,,N
UOCT,"Innovator S&P 500 Ultra Buffer ETF - October",Z,,Y
UONE,"Urban One, Inc.  - Class A Common Stock",Q,S,N
UONEK,"Urban One, Inc.  - Class D Common Stock",Q,S,N
UPLD,"Upland Software, Inc. - Common Stock",Q,G,N
UPRO,"ProShares UltraPro S&P 500",P,,Y
UPS,"United Parcel Service, Inc. Common Stock",N,,N
UPV,"ProShares Ultra FTSE Europe",P,,Y
UPW,"ProShares Ultra Utilities",P,,Y
UPWK,"Upwork Inc. - Common Stock",Q,Q,N
URA,"Global X Uranium ETF",P,,Y
URBN,"Urban Outfitters, Inc. - Common Stock",Q,Q,N
URE,"ProShares Ultra Real Estate",P,,Y
URG,"Ur Energy Inc Common Shares (Canada)",A,,N
URGN,"UroGen Pharma Ltd. - Ordinary Shares",Q,G,N
URI,"United Rentals, Inc. Common Stock",N,,N
URNM,"NorthShore Global Uranium Mining ETF",P,,Y
UROV,"Urovant Sciences Ltd. - Common Stock",Q,Q,N
URR,"Market Vectors Double Long Euro ETN",P,,N
URTH,"Ishares MSCI World Index Fund",P,,Y
URTY,"ProShares UltraPro Russell2000",P,,Y
USA,"Liberty All-Star Equity Fund Common Stock",N,,N
USAC,"USA Compression Partners, LP Common Units Representing Limited Partner Interests",N,,N
USAI,"Pacer American Energy Independence ETF",P,,Y
USAK,"USA Truck, Inc. - Common Stock",Q,Q,N
USAP,"Universal Stainless & Alloy Products, Inc. - Common Stock",Q,Q,N
USAS,"Americas Gold and Silver Corporation Common Shares, no par value",A,,N
USAU,"U.S. Gold Corp. - Common Stock",Q,S,N
USB,"U.S. Bancorp Common Stock",N,,N
USCI,"United States Commodity Index Fund ETV",P,,Y
USCR,"U S Concrete, Inc. - Common Stock",Q,Q,N
USD,"ProShares Ultra Semiconductors",P,,Y
USDP,"USD Partners LP Common Units representing limited partner interest",N,,N
USDU,"WisdomTree Bloomberg U.S. Dollar Bullish Fund",P,,Y
USDY,"Pacific Global US Equity Income ETF",P,,Y
USEG,"U.S. Energy Corp. - Common Stock",Q,S,N
USEP,"Innovator ETFs Trust Innovator S&P 500 Ultra Buffer ETF - September",Z,,Y
USEQ,"Invesco Russell 1000 Enhanced Equal Weight ETF",Z,,Y
USFD,"US Foods Holding Corp. Common Stock",N,,N
USFR,"WisdomTree Floating Rate Treasury Fund",P,,Y
USHG,"AGFiQ Dynamic Hedged U.S. Equity ETF",P,,Y
USHY,"iShares Broad USD High Yield Corporate Bond ETF",Z,,Y
USI,"Principal Ultra-Short Active Income ETF",P,,Y
USIG,"iShares Broad USD Investment Grade Corporate Bond ETF",Q,G,Y
USIO,"Usio, Inc. - Common Stock",Q,S,N
USL,"United States 12 Month Oil",P,,Y
USLB,"Invesco Russell 1000 Low Beta Equal Weight ETF",Q,G,Y
USLM,"United States Lime & Minerals, Inc. - Common Stock",Q,Q,N
USLV,"Credit Suisse AG - VelocityShares 3x Long Silver ETN",Q,G,N
USM,"United States Cellular Corporation Common Stock",N,,N
USMC,"Principal U.S. Mega-Cap Multi-Factor Index ETF",Q,G,Y
USMF,"WisdomTree U.S. Multifactor Fund",Z,,Y
USMV,"iShares Edge MSCI Min Vol USA ETF",Z,,Y
USNA,"USANA Health Sciences, Inc. Common Stock",N,,N
USO,"United States Oil Fund",P,,Y
USOI,"Credit Suisse AG - Credit Suisse X-Links Crude Oil Shares Covered Call ETN",Q,G,N
USPH,"U.S. Physical Therapy, Inc. Common Stock",N,,N
USRT,"iShares Core U.S. REIT ETF",P,,Y
USSG,"Xtrackers MSCI USA ESG Leaders Equity ETF",P,,Y
UST,"ProShares Ultra 7-10 Year Treasury",P,,Y
USTB,"VictoryShares USAA Core Short-Term Bond ETF",P,,Y
USV,"E-TRACS USB Bloomberg Commodity Index Exchange Traded Notes E-TRACS UBS Bloomberg CMCI Silver ETN",P,,N
USVM,"VictoryShares USAA MSCI USA Small Cap Value Momentum ETF",P,,Y
USWS,"U.S. Well Services, Inc. - Class A Common Stock",Q,S,N
USX,"U.S. Xpress Enterprises, Inc. Class A Common Stock",N,,N
UTES,"Virtus Reaves Utilities ETF",P,,Y
UTF,"Cohen & Steers Infrastructure Fund, Inc Common Stock",N,,N
UTG,"Reaves Utility Income Fund Common Shares of Beneficial Interest",A,,N
UTHR,"United Therapeutics Corporation - Common Stock",Q,Q,N
UTI,"Universal Technical Institute Inc Common Stock",N,,N
UTL,"UNITIL Corporation Common Stock",N,,N
UTMD,"Utah Medical Products, Inc. - Common Stock",Q,Q,N
UTRN,"Vesper US Large Cap Short-Term Reversal Strategy ETF",P,,Y
UTSI,"UTStarcom Holdings Corp - Ordinary Shares",Q,Q,N
UTSL,"Direxion Daily Utilities Bull 3X Shares",P,,Y
UTX,"United Technologies Corporation Common Stock",N,,N
UTX.V,"United Technologies Corporation Common Stock Ex-Distribution When Issued",N,,N
UUP,"Invesco DB USD Index Bullish Fund ETF",P,,Y
UUU,"Universal Security Instruments, Inc. Common Stock",A,,N
UUUU,"Energy Fuels Inc Ordinary Shares (Canada)",A,,N
UVE,"UNIVERSAL INSURANCE HOLDINGS INC Common Stock",N,,N
UVSP,"Univest Financial Corporation - Common Stock",Q,Q,N
UVV,"Universal Corporation Common Stock",N,,N
UVXY,"ProShares Trust Ultra VIX Short Term Futures ETF",P,,Y
UWM,"ProShares Ultra Russell2000",P,,Y
UWT,"VelocityShares 3x Long Crude Oil ETNs linked to the S&P GSCI Crude Oil Index ER",P,,Y
UXI,"ProShares Ultra Industrials",P,,Y
UXIN,"Uxin Limited - American Depositary Shares",Q,Q,N
UYG,"ProShares Ultra Financials",P,,Y
UYM,"ProShares Ultra Basic Materials",P,,Y
UZA,"United States Cellular Corporation 6.95% Senior Notes due 2060",N,,N
UZB,"United States Cellular Corporation 7.25% Senior Notes due 2063",N,,N
UZC,"United States Cellular Corporation 7.25% Senior Notes due 2064",N,,N
V,"Visa Inc.",N,,N
VAC,"Marriott Vacations Worldwide Corporation Common Stock",N,,N
VAL,"Valaris plc Class A Ordinary Shares",N,,N
VALE,"VALE S.A.  American Depositary Shares Each Representing one common share",N,,N
VALQ,"American Century STOXX U.S. Quality Value ETF",P,,Y
VALT,"ETFMG Sit Ultra Short ETF",P,,Y
VALU,"Value Line, Inc. - Common Stock",Q,S,N
VALX,"Validea Market Legends ETF",Q,G,Y
VAM,"The Vivaldi Opportunities Fund Common Stock",N,,N
VAMO,"Cambria ETF Trust Cambria Value and Momentum ETF",Z,,Y
VAPO,"Vapotherm, Inc. Common Stock",N,,N
VAR,"Varian Medical Systems, Inc. Common Stock",N,,N
VAW,"Vanguard Materials ETF",P,,Y
VB,"Vanguard Small-Cap ETF",P,,Y
VBF,"Invesco Bond Fund Common Stock",N,,N
VBFC,"Village Bank and Trust Financial Corp. - Common Stock",Q,S,N
VBIV,"VBI Vaccines, Inc. - Ordinary Shares",Q,S,N
VBK,"Vanguard Small-Cap Growth ETF",P,,Y
VBLT,"Vascular Biogenics Ltd. - Ordinary Shares",Q,G,N
VBND,"ETF Series Solutions Trust Vident Core U.S. Bond Strategy Fund",P,,Y
VBR,"Vanguard Small-Cap Value ETF",P,,Y
VBTX,"Veritex Holdings, Inc. - Common Stock",Q,G,N
VC,"Visteon Corporation - Common Stock",Q,Q,N
VCEL,"Vericel Corporation - Common Stock",Q,S,N
VCF,"Delaware Investments Colorado Municipal Income Fund, Inc  Common Stock",A,,N
VCIF,"Vertical Capital Income Fund Common Shares of Beneficial Interest",N,,N
VCIT,"Vanguard Intermediate-Term Corporate Bond ETF",Q,G,Y
VCLT,"Vanguard Long-Term Corporate Bond ETF",Q,G,Y
VCNX,"Vaccinex, Inc. - Common Stock",Q,S,N
VCR,"Vanguard Consumer Discretion ETF",P,,Y
VCRA,"Vocera Communications, Inc. Common Stock",N,,N
VCSH,"Vanguard Short-Term Corporate Bond ETF",Q,G,Y
VCTR,"Victory Capital Holdings, Inc. - Common Stock",Q,Q,N
VCV,"Invesco California Value Municipal Income Trust Common Stock",N,,N
VCYT,"Veracyte, Inc. - Common Stock",Q,G,N
VDC,"Vanguard Consumer Staples ETF",P,,Y
VDE,"Vanguard Energy ETF",P,,Y
VEA,"Vanguard FTSE Developed Markets ETF",P,,Y
VEC,"Vectrus, Inc. Common Stock",N,,N
VECO,"Veeco Instruments Inc. - Common Stock",Q,Q,N
VEDL,"Vedanta Limited  American Depositary Shares (Each representing four equity shares)",N,,N
VEEV,"Veeva Systems Inc. Class A Common Stock",N,,N
VEGA,"AdvisorShares STAR Global Buy-Write ETF",P,,Y
VEGI,"iShares MSCI Agriculture Producers Fund",P,,Y
VEGN,"US Vegan Climate Index",P,,Y
VEL,"Velocity Financial, Inc. Common Stock",N,,N
VEON,"VEON Ltd. - American Depositary Shares",Q,Q,N
VER,"VEREIT, Inc. Common Stock",N,,N
VERB,"Verb Technology Company, Inc. - Common Stock",Q,S,N
VERI,"Veritone, Inc. - Common Stock",Q,G,N
VERO,"Venus Concept Inc.  - Common Stock",Q,G,N
VERU,"Veru Inc. - Common Stock",Q,S,N
VERY,"Vericity, Inc. - Common Stock",Q,S,N
VET,"Vermilion Energy Inc. Common (Canada)",N,,N
VETS,"Pacer Military Times Best Employers ETF",Q,G,Y
VEU,"Vanguard FTSE All World Ex US ETF",P,,Y
VFC,"V.F. Corporation Common Stock",N,,N
VFF,"Village Farms International, Inc. - Common Shares",Q,S,N
VFH,"Vanguard Financials ETF",P,,Y
VFL,"Delaware Investments National Municipal Income Fund Common Stock",A,,N
VFLQ,"Vanguard U.S. Liquidity Factor ETF",Z,,Y
VFMF,"Vanguard U.S. Multifactor ETF",Z,,Y
VFMO,"Vanguard U.S. Momentum Factor ETF",Z,,Y
VFMV,"Vanguard U.S. Minimum Volatility ETF",Z,,Y
VFQY,"Vanguard U.S. Quality Factor ETF",Z,,Y
VFVA,"Vanguard U.S. Value Factor ETF",Z,,Y
VG,"Vonage Holdings Corp. - Common Stock",Q,Q,N
VGFO,"Virtus WMC Global Factor Opportunities ETF",P,,Y
VGI,"Virtus Global Multi-Sector Income Fund Common Shares of Beneficial Interest",N,,N
VGIT,"Vanguard Intermediate-Term Treasury ETF",Q,G,Y
VGK,"Vanguard FTSEEuropean ETF",P,,Y
VGLT,"Vanguard Long-Treasury ETF",Q,G,Y
VGM,"Invesco Trust for Investment Grade Municipals Common Stock (DE)",N,,N
VGR,"Vector Group Ltd. Common Stock",N,,N
VGSH,"Vanguard Short-Term Treasury ETF",Q,G,Y
VGT,"Vanguard Information Tech ETF",P,,Y
VGZ,"Vista Gold Corp Common Stock",A,,N
VHC,"VirnetX Holding Corp Common Stock",A,,N
VHI,"Valhi, Inc. Common Stock",N,,N
VHT,"Vanguard Health Care ETF",P,,Y
VIAC,"ViacomCBS Inc. - Class B Common Stock",Q,Q,N
VIACA,"ViacomCBS Inc. - Class A Common Stock",Q,Q,N
VIAV,"Viavi Solutions Inc. - Common Stock",Q,Q,N
VICI,"VICI Properties Inc. Common Stock",N,,N
VICR,"Vicor Corporation - Common Stock",Q,Q,N
VIDI,"ETF Series Solutions Trust Vident International Equity Fund",P,,Y
VIE,"Viela Bio, Inc. - Common Stock",Q,Q,N
VIG,"Vanguard Div Appreciation ETF",P,,Y
VIGI,"Vanguard International Dividend Appreciation ETF",Q,G,Y
VIIX,"Credit Suisse AG - VelocityShares VIX Short Term ETN",Q,G,N
VIOG,"Vanguard S&P Small-Cap 600 Growth ETF",P,,Y
VIOO,"Vanguard S&P Small-Cap 600 ETF",P,,Y
VIOT,"Viomi Technology Co., Ltd - American Depositary Shares",Q,Q,N
VIOV,"Vanguard S&P Small-Cap 600 Value ETF",P,,Y
VIPS,"Vipshop Holdings Limited American Depositary Shares, each representing two ordinary shares",N,,N
VIR,"Vir Biotechnology, Inc. - Common Stock",Q,Q,N
VIRC,"Virco Manufacturing Corporation - Common Stock",Q,G,N
VIRT,"Virtu Financial, Inc. - Class A Common Stock",Q,Q,N
VIS,"Vanguard Industrials ETF",P,,Y
VISL,"Vislink Technologies, Inc. - Common Stock",Q,S,N
VIST,"Vista Oil & Gas, S.A.B. de C.V. American Depositary Shares, each representing one series A share, with no par value",N,,N
VIV,"Telefonica Brasil, S.A. ADS",N,,N
VIVE,"Viveve Medical, Inc. - Common Stock",Q,S,N
VIVO,"Meridian Bioscience Inc. - Common Stock",Q,Q,N
VIXM,"ProShares Trust VIX Mid-Term Futures ETF",P,,Y
VIXY,"ProShares Trust VIX Short-Term Futures ETF",P,,Y
VJET,"voxeljet AG American Depositary Shares, each representing one-fifth of an ordinary share/",N,,N
VKI,"Invesco Advantage Municipal Income Trust II Common Shares of Beneficial Interest (DE)",A,,N
VKQ,"Invesco Municipal Trust Common Stock",N,,N
VKTX,"Viking Therapeutics, Inc. - Common Stock",Q,S,N
VLGEA,"Village Super Market, Inc. - Class A Common Stock",Q,Q,N
VLO,"Valero Energy Corporation Common Stock",N,,N
VLRS,"Controladora Vuela Compania de Aviacion, S.A.B. de C.V. American Depositary Shares, each representing ten (10) Ordinary Participation Certificates",N,,N
VLT,"Invesco High Income Trust II",N,,N
VLU,"SPDR S&P 1500 Value Tilt ETF",P,,Y
VLUE,"iShares Edge MSCI USA Value Factor ETF",Z,,Y
VLY,"Valley National Bancorp - Common Stock",Q,Q,N
VLYPO,"Valley National Bancorp - 5.5% Fixed to Floating Rate Series B Non-Cumulative Perpetual Preferred Stock",Q,Q,N
VLYPP,"Valley National Bancorp - 6.25% Fixed-to-Floating Rate Series A Non-Cumulative Perpetual Preferred Stock",Q,Q,N
VMBS,"Vanguard Mortgage-Backed Securities ETF",Q,G,Y
VMC,"Vulcan Materials Company (Holding Company) Common Stock",N,,N
VMD,"Viemed Healthcare, Inc. - Common Shares",Q,S,N
VMI,"Valmont Industries, Inc. Common Stock",N,,N
VMM,"Delaware Investments Minnesota Municipal Income Fund II, Inc. Common Stock",A,,N
VMO,"Invesco Municipal Opportunity Trust Common Stock",N,,N
VMOT,"Alpha Architect Value Momentum Trend ETF",Z,,Y
VMW,"Vmware, Inc. Common stock, Class A",N,,N
VNCE,"Vince Holding Corp. Common Stock",N,,N
VNDA,"Vanda Pharmaceuticals Inc. - Common Stock",Q,G,N
VNE,"Veoneer, Inc. Common Stock ",N,,N
VNET,"21Vianet Group, Inc. - American Depositary Shares",Q,Q,N
VNLA,"Janus Henderson Short Duration Income ETF",P,,Y
VNM,"VanEck Vectors Vietnam ETF",Z,,Y
VNO,"Vornado Realty Trust Common Stock",N,,N
VNOM,"Viper Energy Partners LP - Common Unit",Q,Q,N
VNQ,"Vanguard Real Estate ETF",P,,Y
VNQI,"Vanguard Global ex-U.S. Real Estate ETF",Q,G,Y
VNRX,"VolitionRX Limited Common Stock",A,,N
VNTR,"Venator Materials PLC Ordinary Shares",N,,N
VO,"Vanguard Mid-Cap ETF",P,,Y
VOC,"VOC Energy Trust Units of Beneficial Interest",N,,N
VOD,"Vodafone Group Plc - American Depositary Shares each representing ten Ordinary Shares",Q,Q,N
VOE,"Vanguard Mid-Cap Value ETF",P,,Y
VOLT,"Volt Information Sciences, Inc. Common Stock",A,,N
VONE,"Vanguard Russell 1000 ETF",Q,G,Y
VONG,"Vanguard Russell 1000 Growth ETF",Q,G,Y
VONV,"Vanguard Russell 1000 Value ETF",Q,G,Y
VOO,"Vanguard S&P 500 ETF",P,,Y
VOOG,"Vanguard S&P 500 Growth ETF",P,,Y
VOOV,"Vanguard S&P 500 Value ETF",P,,Y
VOT,"Vanguard Mid-Cap Growth ETF",P,,Y
VOX,"Vanguard Communication Services  ETF",P,,Y
VOXX,"VOXX International Corporation - Class A Common Stock",Q,Q,N
VOYA,"Voya Financial, Inc. Common Stock",N,,N
VPC,"Virtus Private Credit Strategy ETF",P,,Y
VPG,"Vishay Precision Group, Inc. Common Stock",N,,N
VPL,"Vanguard FTSE Pacific ETF",P,,Y
VPU,"Vanguard Utilities ETF",P,,Y
VPV,"Invesco Pennsylvania Value Municipal Income Trust Common Stock (DE)",N,,N
VQT,"iPath S&P VEQTOR ETN",Z,,N
VRA,"Vera Bradley, Inc. - Common Stock",Q,Q,N
VRAI,"Virtus Real Asset Income ETF",P,,Y
VRAY,"ViewRay, Inc. - Common Stock",Q,G,N
VRCA,"Verrica Pharmaceuticals Inc. - Common Stock",Q,G,N
VREX,"Varex Imaging Corporation - Common Stock",Q,Q,N
VRIG,"Invesco Variable Rate Investment Grade ETF",Q,G,Y
VRML,"Vermillion, Inc. - Common Stock",Q,S,N
VRNA,"Verona Pharma plc - American Depositary Shares",Q,G,N
VRNS,"Varonis Systems, Inc. - Common Stock",Q,Q,N
VRNT,"Verint Systems Inc. - Common Stock",Q,Q,N
VRP,"Invesco Variable Rate Preferred ETF",P,,Y
VRRM,"Verra Mobility Corporation - Class A Common Stock",Q,S,N
VRS,"Verso Corporation Common Stock",N,,N
VRSK,"Verisk Analytics, Inc. - Common Stock",Q,Q,N
VRSN,"VeriSign, Inc. - Common Stock",Q,Q,N
VRT,"Vertiv Holdings, LLC Class A Common Stock",N,,N
VRTS,"Virtus Investment Partners, Inc. - Common Stock",Q,Q,N
VRTU,"Virtusa Corporation - Common Stock",Q,Q,N
VRTV,"Veritiv Corporation Common Stock",N,,N
VRTX,"Vertex Pharmaceuticals Incorporated - Common Stock",Q,Q,N
VSAT,"ViaSat, Inc. - Common Stock",Q,Q,N
VSDA,"VictoryShares Dividend Accelerator ETF",Q,G,Y
VSEC,"VSE Corporation - Common Stock",Q,Q,N
VSGX,"Vanguard ESG International Stock ETF",Z,,Y
VSH,"Vishay Intertechnology, Inc. Common Stock",N,,N
VSL,"Volshares Large Cap ETF",P,,Y
VSLR,"Vivint Solar, Inc. Common Stock",N,,N
VSMV,"VictoryShares US Multi-Factor Minimum Volatility ETF",Q,G,Y
VSS,"Vanguard FTSE All-Wld ex-US SmCp Idx ETF",P,,Y
VST,"Vistra Energy Corp. Common Stock",N,,N
VSTM,"Verastem, Inc. - Common Stock",Q,G,N
VSTO,"Vista Outdoor Inc. Common Stock",N,,N
VT,"Vanguard Total World Stock Index ETF",P,,Y
VTA,"Invesco Credit Opportunities Fund Common Shares of Beneficial Interest",N,,N
VTC,"Vanguard Total Corporate Bond ETF",Q,G,Y
VTEB,"Vanguard Tax-Exempt Bond ETF",P,,Y
VTGN,"VistaGen Therapeutics, Inc. - Common Stock",Q,S,N
VTHR,"Vanguard Russell 3000 ETF",Q,G,Y
VTI,"Vanguard Total Stock Market ETF",P,,Y
VTIP,"Vanguard Short-Term Inflation-Protected Securities Index Fund",Q,G,Y
VTIQ,"VectoIQ Acquisition Corp. - Common Stock",Q,S,N
VTIQU,"VectoIQ Acquisition Corp. - Unit",Q,S,N
VTIQW,"VectoIQ Acquisition Corp. - Warrant",Q,S,N
VTN,"Invesco Trust for Investment Grade New York Municipals Common Stock",N,,N
VTNR,"Vertex Energy, Inc - Common Stock",Q,S,N
VTR,"Ventas, Inc. Common Stock",N,,N
VTSI,"VirTra, Inc. - Common Stock",Q,S,N
VTV,"Vanguard Value ETF",P,,Y
VTVT,"vTv Therapeutics Inc. - Class A Common Stock",Q,S,N
VTWG,"Vanguard Russell 2000 Growth ETF",Q,G,Y
VTWO,"Vanguard Russell 2000 ETF",Q,G,Y
VTWV,"Vanguard Russell 2000 Value ETF",Q,G,Y
VUG,"Vanguard Growth ETF",P,,Y
VUSE,"ETF Series Solutions Trust Vident Core US Equity ETF",P,,Y
VUZI,"Vuzix Corporation - Common Stock",Q,S,N
VV,"Vanguard Large-Cap ETF",P,,Y
VVI,"Viad Corp Common Stock",N,,N
VVNT,"Vivint Smart Home, Inc. ",N,,N
VVPR,"VivoPower International PLC - Ordinary Shares",Q,S,N
VVR,"Invesco Senior Income Trust Common Stock (DE)",N,,N
VVUS,"VIVUS, Inc. - Common Stock",Q,Q,N
VVV,"Valvoline Inc. Common Stock",N,,N
VWO,"Vanguard FTSE Emerging Markets ETF",P,,Y
VWOB,"Vanguard Emerging Markets Government Bond ETF",Q,G,Y
VXF,"Vanguard Extended Market ETF",P,,Y
VXRT,"Vaxart, Inc. - Common Stock",Q,S,N
VXUS,"Vanguard Total International Stock ETF",Q,G,Y
VXX,"iPath Series B S&P 500 VIX Short-Term Futures ETN",Z,,N
VXZ,"iPath Series B S&P 500 VIX Mid-Term Futures ETN",Z,,N
VYGR,"Voyager Therapeutics, Inc. - Common Stock",Q,Q,N
VYM,"Vanguard High Dividend Yield ETF",P,,Y
VYMI,"Vanguard International High Dividend Yield ETF",Q,G,Y
VZ,"Verizon Communications Inc. Common Stock",N,,N
W,"Wayfair Inc. Class A Common Stock",N,,N
WAB,"Westinghouse Air Brake Technologies Corporation Common Stock",N,,N
WABC,"Westamerica Bancorporation - Common Stock",Q,Q,N
WAFD,"Washington Federal, Inc. - Common Stock",Q,Q,N
WAFU,"Wah Fu Education Group Limited - Ordinary Shares",Q,S,N
WAL,"Western Alliance Bancorporation Common Stock (DE)",N,,N
WALA,"Western Alliance Bancorporation 6.25% Subordinated Debentures due 2056",N,,N
WANT,"Direxion Daily Consumer Discretionary Bull 3X Shares",P,,Y
WASH,"Washington Trust Bancorp, Inc. - Common Stock",Q,Q,N
WAT,"Waters Corporation Common Stock",N,,N
WATT,"Energous Corporation - Common Stock",Q,S,N
WB,"Weibo Corporation - American Depositary Shares",Q,Q,N
WBA,"Walgreens Boots Alliance, Inc. - Common Stock",Q,Q,N
WBAI,"500.com Limited American Depositary Shares, each representing 10 Class A shares",N,,N
WBC,"Wabco Holdings Inc. Common Stock",N,,N
WBIE,"WBI BullBear Rising Income 3000 ETF",P,,Y
WBIF,"WBI BullBear Value 3000 ETF",P,,Y
WBIG,"WBI BullBear Yield 3000 ETF",P,,Y
WBII,"WBI BullBear Global Income ETF",P,,Y
WBIL,"WBI BullBear Quality 3000 ETF",P,,Y
WBIN,"WBI BullBear Trend Switch US Total Return ETF",P,,Y
WBIT,"Absolute Shares Trust WBI BullBear Trend Switch US 3000 Total Return ETF",P,,Y
WBIY,"WBI Power Factor High Dividend ETF",P,,Y
WBK,"Westpac Banking Corporation Common Stock",N,,N
WBND,"Western Asset Total Return ETF",Q,G,Y
WBS,"Webster Financial Corporation Common Stock",N,,N
WBT,"Welbilt, Inc. Common Stock",N,,N
WCC,"WESCO International, Inc. Common Stock",N,,N
WCHN,"WisdomTree ICBCCS S&P China 500 Fund",P,,Y
WCLD,"WisdomTree Cloud Computing Fund",Q,G,Y
WCN,"Waste Connections, Inc. Common Shares",N,,N
WD,"Walker & Dunlop, Inc Common Stock",N,,N
WDAY,"Workday, Inc. - Class A Common Stock",Q,Q,N
WDC,"Western Digital Corporation - Common Stock",Q,Q,N
WDFC,"WD-40 Company - Common Stock",Q,Q,N
WDIV,"SPDR S&P Global Dividend",P,,Y
WDR,"Waddell & Reed Financial, Inc. Common Stock",N,,N
WEA,"Western Asset Bond Fund Share of Beneficial Interest",N,,N
WEAT,"Teucrium Wheat Fund ETV",P,,Y
WEBK,"Wellesley Bancorp, Inc. - Common Stock",Q,S,N
WEBL,"Direxion Daily Dow Jones Internet Bull 3X Shares",P,,Y
WEBS,"Direxion Daily Dow Jones Internet Bear 3X Shares",P,,Y
WEC,"WEC Energy Group, Inc. Common Stock",N,,N
WEI,"Weidai Ltd. American depositary shares, each  representing one (1) Class A ordinary share",N,,N
WELL,"Welltower Inc. Common Stock",N,,N
WEN,"Wendy's Company (The) - Common Stock",Q,Q,N
WERN,"Werner Enterprises, Inc. - Common Stock",Q,Q,N
WES,"Western Midstream Partners, LP Common Units Representing Limited Partner Interests",N,,N
WETF,"WisdomTree Investments, Inc. - Common Stock",Q,Q,N
WEX,"WEX Inc. common stock",N,,N
WEYS,"Weyco Group, Inc. - Common Stock",Q,Q,N
WF,"Woori Financial Group Inc. American Depositary Shares (each representing three (3) shares of Common Stock)",N,,N
WFC,"Wells Fargo & Company Common Stock",N,,N
WFHY,"WisdomTree U.S. High Yield Corporate Bond Fund",Z,,Y
WFIG,"WisdomTree U.S. Corporate Bond Fund",Z,,Y
WGO,"Winnebago Industries, Inc. Common Stock",N,,N
WH,"Wyndham Hotels & Resorts, Inc. Common Stock ",N,,N
WHD,"Cactus, Inc. Class A Common Stock",N,,N
WHF,"WhiteHorse Finance, Inc. - Common Stock",Q,Q,N
WHFBZ,"WhiteHorse Finance, Inc. - 6.50% Notes due 2025",Q,Q,N
WHG,"Westwood Holdings Group Inc Common Stock",N,,N
WHLM,"Wilhelmina International, Inc. - Common Stock",Q,S,N
WHLR,"Wheeler Real Estate Investment Trust, Inc. - Common Stock",Q,S,N
WHLRD,"Wheeler Real Estate Investment Trust, Inc. - Series D Cumulative Preferred Stock",Q,S,N
WHLRP,"Wheeler Real Estate Investment Trust, Inc. - Series B Preferred Stock",Q,S,N
WHR,"Whirlpool Corporation Common Stock",N,,N
WIA,"Western Asset Inflation-Linked Income Fund",N,,N
WIFI,"Boingo Wireless, Inc. - Common Stock",Q,Q,N
WIL,"iPath Women in Leadership ETN",Z,,N
WILC,"G. Willi-Food International,  Ltd. - Ordinary Shares",Q,S,N
WINA,"Winmark Corporation - Common Stock",Q,G,N
WINC,"Western Asset Short Duration Income ETF",Q,G,Y
WING,"Wingstop Inc. - Common Stock",Q,Q,N
WINS,"Wins Finance Holdings Inc. - Ordinary Shares (Cayman Islands)",Q,S,N
WIP,"SPDR FTSE International Government Inflation-Protected Bond ETF",P,,Y
WIRE,"Encore Wire Corporation - Common Stock",Q,Q,N
WISA,"Summit Wireless Technologies, Inc. - Common Stock",Q,S,N
WIT,"Wipro Limited Common Stock",N,,N
WIW,"Western Asset Inflation-Linked Opportunities & Income Fund",N,,N
WIX,"Wix.com Ltd. - Ordinary Shares",Q,Q,N
WIZ,"Merlyn.AI Bull-Rider Bear-Fighter ETF",P,,Y
WK,"Workiva Inc. Class A Common Stock",N,,N
WKEY,"WISeKey International Holding AG - American Depositary Shares",Q,G,N
WKHS,"Workhorse Group, Inc. - Common Stock",Q,S,N
WLDN,"Willdan Group, Inc. - Common Stock",Q,G,N
WLDR,"Affinity World Leaders Equity ETF ",Z,,Y
WLFC,"Willis Lease Finance Corporation - Common Stock",Q,G,N
WLK,"Westlake Chemical Corporation Common Stock",N,,N
WLKP,"Westlake Chemical Partners LP Common Units representing limited partner interests",N,,N
WLL,"Whiting Petroleum Corporation Common Stock",N,,N
WLTW,"Willis Towers Watson Public Limited Company - Ordinary Shares",Q,Q,N
WM,"Waste Management, Inc. Common Stock",N,,N
WMB,"Williams Companies, Inc. (The) Common Stock",N,,N
WMC,"Western Asset Mortgage Capital Corporation Common Stock",N,,N
WMGI,"Wright Medical Group N.V. - Ordinary Shares",Q,Q,N
WMK,"Weis Markets, Inc. Common Stock",N,,N
WMS,"Advanced Drainage Systems, Inc. Common Stock",N,,N
WMT,"Walmart Inc. Common Stock",N,,N
WNC,"Wabash National Corporation Common Stock",N,,N
WNEB,"Western New England Bancorp, Inc. - Common Stock",Q,Q,N
WNS,"WNS (Holdings) Limited Sponsored ADR (Jersey)",N,,N
WOMN,"Impact Shares Trust I ETF Impact Shares YWCA Womenas Empowerment ETF",P,,Y
WOOD,"iShares S&P Global Timber & Forestry Index Fund",Q,G,Y
WOR,"Worthington Industries, Inc. Common Stock",N,,N
WORK,"Slack Technologies, Inc. Class A Common Stock",N,,N
WORX,"SCWorx Corp. - Common Stock",Q,S,N
WOW,"WideOpenWest, Inc. Common Stock",N,,N
WPC,"W. P. Carey Inc. REIT",N,,N
WPG,"Washington Prime Group Inc. Common Stock",N,,N
WPM,"Wheaton Precious Metals Corp Common Shares (Canada)",N,,N
WPP,"WPP plc American Depositary Shares",N,,N
WPRT,"Westport Fuel Systems Inc - Common Shares",Q,Q,N
WPS,"iShares International Developed Property ETF",P,,Y
WPX,"WPX Energy, Inc. Common Stock",N,,N
WRB,"W.R. Berkley Corporation Common Stock",N,,N
WRE,"Washington Real Estate Investment Trust Common Stock",N,,N
WRI,"Weingarten Realty Investors Common Stock",N,,N
WRK,"Westrock Company Common Stock",N,,N
WRLD,"World Acceptance Corporation - Common Stock",Q,Q,N
WRLS,"Pensare Acquisition Corp. - Common Stock",Q,S,N
WRLSU,"Pensare Acquisition Corp. - Unit",Q,S,N
WRN,"Western Copper and Gold Corporation Common Stock",A,,N
WRTC,"Wrap Technologies, Inc. - Common Stock",Q,S,N
WSBC,"WesBanco, Inc. - Common Stock",Q,Q,N
WSBF,"Waterstone Financial, Inc. - Common Stock",Q,Q,N
WSC,"WillScot Corporation - Common Stock",Q,S,N
WSFS,"WSFS Financial Corporation - Common Stock",Q,Q,N
WSG,"Wanda Sports Group Company Limited - American Depositary Shares",Q,Q,N
WSM,"Williams-Sonoma, Inc. Common Stock (DE)",N,,N
WSO,"Watsco, Inc. Common Stock",N,,N
WSR,"Whitestone REIT Common Shares",N,,N
WST,"West Pharmaceutical Services, Inc. Common Stock",N,,N
WSTG,"Wayside Technology Group, Inc. - Common Stock",Q,G,N
WSTL,"Westell Technologies, Inc. - Class A Common Stock",Q,S,N
WTBA,"West Bancorporation - Common Stock",Q,Q,N
WTER,"The Alkaline Water Company Inc. - Common Stock",Q,S,N
WTFC,"Wintrust Financial Corporation - Common Stock",Q,Q,N
WTFCM,"Wintrust Financial Corporation - Fixed-to-Floating Rate Non-Cumulative Perpetual Preferred Stock, Series D",Q,Q,N
WTI,"W&T Offshore, Inc. Common Stock",N,,N
WTIU,"UBS ETRACS - ProShares Daily 3x Long Crude ETN",P,,N
WTM,"White Mountains Insurance Group, Ltd. Common Stock",N,,N
WTMF,"WisdomTree Managed Futures Strategy Fund",P,,Y
WTRE,"Watford Holdings Ltd. - Common Shares",Q,Q,N
WTREP,"Watford Holdings Ltd. - 8.25% Cumulative Redeemable Preference Shares",Q,Q,N
WTRG,"Essential Utilities, Inc. Common Stock",N,,N
WTRH,"Waitr Holdings Inc. - Common Stock",Q,Q,N
WTRU,"Essential Utilities, Inc. 6.00% TEU",N,,N
WTS,"Watts Water Technologies, Inc. Class A Common Stock",N,,N
WTT,"Wireless Telecom Group,  Inc. Common Stock",A,,N
WTTR,"Select Energy Services, Inc. Class A Common Stock",N,,N
WU,"Western Union Company (The) Common Stock",N,,N
WUBA,"58.com Inc. American Depositary Shares, each representing 2 Class A Ordinary Shares",N,,N
WVE,"Wave Life Sciences Ltd. - Ordinary Shares",Q,G,N
WVFC,"WVS Financial Corp. - Common Stock",Q,G,N
WVVI,"Willamette Valley Vineyards, Inc. - Common Stock",Q,S,N
WVVIP,"Willamette Valley Vineyards, Inc. - Series A Redeemable Preferred Stock",Q,S,N
WW,"WW International, Inc.  - Common Stock",Q,Q,N
WWD,"Woodward, Inc. - Common Stock",Q,Q,N
WWE,"World Wrestling Entertainment, Inc. Class A Common Stock",N,,N
WWJD,"Inspire International ESG ETF",P,,Y
WWR,"Westwater Resources, Inc. - Common Stock",Q,S,N
WWW,"Wolverine World Wide, Inc. Common Stock",N,,N
WY,"Weyerhaeuser Company Common Stock",N,,N
WYND,"Wyndham Destinations, Inc. Common  Stock",N,,N
WYNN,"Wynn Resorts, Limited - Common Stock",Q,Q,N
WYY,"WidePoint Corporation Common Stock",A,,N
X,"United States Steel Corporation Common Stock",N,,N
XAIR,"Beyond Air, Inc. - Common Stock",Q,S,N
XAN,"Exantas Capital Corp.",N,,N
XAR,"SPDR S&P Aerospace & Defense ETF",P,,Y
XBI,"SPDR Series Trust  SPDR S&P Biotech ETF",P,,Y
XBIO,"Xenetic Biosciences, Inc. - Common Stock",Q,S,N
XBIOW,"Xenetic Biosciences, Inc. - Warrants",Q,S,N
XBIT,"XBiotech Inc. - Common Stock",Q,Q,N
XBUY,"Amplify International Online Retail ETF",P,,Y
XCEM,"Columbia EM Core ex-China ETF",P,,Y
XCOM,"ProShares Ultra Communication Services Select Sector",P,,Y
XCUR,"Exicure, Inc. - Common Stock",Q,S,N
XDIV,"U.S. Equity Ex-Dividend Fund Series 2027 Shares",P,,Y
XEC,"Cimarex Energy Co Common Stock",N,,N
XEL,"Xcel Energy Inc. - Common Stock",Q,Q,N
XELA,"Exela Technologies, Inc. - Common Stock",Q,S,N
XELB,"Xcel Brands, Inc - Common Stock",Q,G,N
XENE,"Xenon Pharmaceuticals Inc. - Common Shares",Q,G,N
XENT,"Intersect ENT, Inc. - Common Stock",Q,G,N
XERS,"Xeris Pharmaceuticals, Inc. - Common Stock",Q,Q,N
XES,"SPDR Series Trust SPDR S&P Oil & Gas Equipment & Services ETF",P,,Y
XFLT,"XAI Octagon Floating Rate & Alternative Income Term Trust Common Shares of Beneficial Interest",N,,N
XFOR,"X4 Pharmaceuticals, Inc. - Common Stock",Q,S,N
XGN,"Exagen Inc. - Common Stock",Q,G,N
XHB,"SPDR Series Trust SPDR Homebuilders ETF",P,,Y
XHE,"SPDR S&P Health Care Equipment",P,,Y
XHR,"Xenia Hotels & Resorts, Inc. Common Stock",N,,N
XHS,"SPDR S&P Health Care Services ETF",P,,Y
XIN,"Xinyuan Real Estate Co Ltd American Depositary Shares",N,,N
XITK,"SPDR FactSet Innovative Technology ETF",P,,Y
XLB,"Materials Select Sector SPDR",P,,Y
XLC,"The Communication Services Select Sector SPDR Fund",P,,Y
XLE,"SPDR Select Sector Fund - Energy Select Sector",P,,Y
XLF,"SPDR Select Sector Fund - Financial",P,,Y
XLG,"Invesco S&P 500 Top 50 ETF",P,,Y
XLI,"SPDR Select Sector Fund - Industrial",P,,Y
XLK,"SPDR Select Sector Fund - Technology",P,,Y
XLNX,"Xilinx, Inc. - Common Stock",Q,Q,N
XLP,"SPDR Select Sector Fund - Consumer Staples",P,,Y
XLRE,"Real Estate Select Sector SPDR Fund (The)",P,,Y
XLRN,"Acceleron Pharma Inc. - Common Stock",Q,G,N
XLSR,"SPDR SSGA U.S. Sector Rotation ETF",P,,Y
XLU,"SPDR Select Sector Fund - Utilities",P,,Y
XLV,"SPDR Select Sector Fund - Health Care",P,,Y
XLY,"SPDR Select Sector Fund - Consumer Discretionary",P,,Y
XME,"SPDR S&P Metals & Mining ETF",P,,Y
XMHQ,"Invesco S&P MidCap Quality ETF",P,,Y
XMLV,"Invesco S&P MidCap Low Volatility ETF",P,,Y
XMMO,"Invesco S&P MidCap Momentum ETF",P,,Y
XMPT,"VanEck Vectors CEF Municipal Income ETF",Z,,Y
XMVM,"Invesco S&P MidCap Value with Momentum ETF",P,,Y
XNCR,"Xencor, Inc. - Common Stock",Q,G,N
XNET,"Xunlei Limited - American Depositary Shares",Q,Q,N
XNTK,"SPDR NYSE Technology ETF",P,,Y
XOG,"Extraction Oil & Gas, Inc. - Common Stock",Q,Q,N
XOM,"Exxon Mobil Corporation Common Stock",N,,N
XOMA,"XOMA Corporation - Common Stock",Q,G,N
XONE,"The ExOne Company - Common Stock",Q,Q,N
XOP,"SPDR S&P Oil & Gas Explor & Product",P,,Y
XOUT,"GraniteShares XOUT U.S. Large Cap ETF",P,,Y
XP,"XP Inc. - Class A Common Stock",Q,Q,N
XPEL,"XPEL, Inc. - Common Stock",Q,S,N
XPER,"Xperi Corporation  - Common Stock",Q,Q,N
XPH,"SPDR S&P Pharmaceuticals ETF",P,,Y
XPL,"Solitario Zinc Corp. Common Stock",A,,N
XPO,"XPO Logistics, Inc.",N,,N
XPP,"ProShares Ultra FTSE China 50",P,,Y
XRAY,"DENTSPLY SIRONA Inc. - Common Stock",Q,Q,N
XRF,"China Rapid Finance Limited American Depositary Shares",N,,N
XRLV,"Invesco S&P 500 ex-Rate Sensitive Low Volatility ETF",P,,Y
XRT,"SPDR S&P Retail ETF",P,,Y
XRX,"Xerox Holdings Corporation Common Stock",N,,N
XSD,"SPDR S&P Semiconductor ETF",P,,Y
XSHD,"Invesco S&P SmallCap High Dividend Low Volatility ETF",Z,,Y
XSHQ,"Invesco S&P SmallCap Quality ETF",Z,,Y
XSLV,"Invesco S&P SmallCap Low Volatility ETF",P,,Y
XSMO,"Invesco S&P SmallCap Momentum ETF",P,,Y
XSOE,"WisdomTree Emerging Markets Ex-State Owned Enterprises Fund",P,,Y
XSPA,"XpresSpa Group, Inc.  - Common Stock",Q,S,N
XSVM,"Invesco S&P SmallCap Value with Momentum ETF",P,,Y
XSW,"SPDR S&P Software & Services ETF",P,,Y
XT,"iShares Exponential Technologies ETF",Q,G,Y
XTH,"SPDR S&P Technology Hardware ETF",P,,Y
XTL,"SPDR S&P Telecom ETF",P,,Y
XTLB,"XTL Biopharmaceuticals Ltd. - American Depositary Shares",Q,S,N
XTN,"SPDR S&P Transportation ETF",P,,Y
XTNT,"Xtant Medical Holdings, Inc. Common Stock",A,,N
XVZ,"iPath S&P 500 Dynamic VIX ETN",Z,,N
XWEB,"SPDR S&P Internet ETF",P,,Y
XXII,"22nd Century Group, Inc. Common Stock",A,,N
XYF,"X Financial American Depositary Shares, each representing two Class A Ordinary Shares",N,,N
XYL,"Xylem Inc. Common Stock New",N,,N
Y,"Alleghany Corporation Common Stock",N,,N
YANG,"Direxion Daily FTSE China Bear 3x Shares",P,,Y
YCBD,"cbdMD, Inc. Common Stock",A,,N
YCL,"ProShares Ultra Yen",P,,Y
YCOM,"ProShares UltraShort Communication Services Select Sector",P,,Y
YCS,"ProShares UltraShort Yen New",P,,Y
YELP,"Yelp Inc. Common Stock",N,,N
YETI,"YETI Holdings, Inc. Common Stock",N,,N
YEXT,"Yext, Inc. Common Stock",N,,N
YGRN,"MicroSectors U.S. Big Oil Index Inverse ETN",P,,N
YGYI,"Youngevity International, Inc. - Common Stock",Q,S,N
YGYIP,"Youngevity International, Inc. - 9.75% Series D Cumulative Redeemable Perpetual Preferred Stock",Q,S,N
YI,"111, Inc. - American Depositary Shares",Q,G,N
YIN,"Yintech Investment Holdings Limited - American Depositary Shares",Q,Q,N
YINN,"Direxion Daily FTSE China Bull 3x Shares",P,,Y
YJ,"Yunji Inc. - American Depository Shares",Q,G,N
YLCO,"Global X YieldCo & Renewable Energy Income ETF",Q,G,Y
YLD,"Principal Active Income ETF",P,,Y
YLDE,"ClearBridge Dividend Strategy ESG ETF",Q,G,Y
YMAB,"Y-mAbs Therapeutics, Inc. - Common Stock",Q,Q,N
YNDX,"Yandex N.V. - Class A Ordinary Shares",Q,Q,N
YOLO,"AdvisorShares Pure Cannabis ETF",P,,Y
YORW,"The York Water Company - Common Stock",Q,Q,N
YPF,"YPF Sociedad Anonima Common Stock",N,,N
YRCW,"YRC Worldwide, Inc. - Common Stock",Q,Q,N
YRD,"Yiren Digital Ltd. American Depositary Shares, each representing two ordinary shares",N,,N
YTEN,"Yield10 Bioscience, Inc.  - Common Stock",Q,S,N
YTRA,"Yatra Online, Inc. - Ordinary Shares",Q,S,N
YUM,"Yum! Brands, Inc.",N,,N
YUMA,"Yuma Energy, Inc.",A,,N
YUMC,"Yum China Holdings, Inc. Common Stock",N,,N
YVR,"Liquid Media Group Ltd. - Common Shares",Q,S,N
YXI,"ProShares Short FTSE China 50",P,,Y
YY,"JOYY Inc. - American Depositary Shares",Q,Q,N
YYY,"Amplify High Income ETF",P,,Y
Z,"Zillow Group, Inc. - Class C Capital Stock",Q,Q,N
ZAGG,"ZAGG Inc - Common Stock",Q,Q,N
ZBH,"Zimmer Biomet Holdings, Inc. Common Stock",N,,N
ZBRA,"Zebra Technologies Corporation - Class A Common Stock",Q,Q,N
ZCAN,"SPDR Solactive Canada ETF",P,,Y
ZCMD,"Zhongchao Inc. - Class A Ordinary Shares",Q,S,N
ZDEU,"SPDR Solactive Germany ETF",P,,Y
ZDGE,"Zedge, Inc. Class B Common Stock ",A,,N
ZEAL,"Zealand Pharma A/S - American Depositary Shares",Q,Q,N
ZEN,"Zendesk, Inc. Common Stock",N,,N
ZEUS,"Olympic Steel, Inc. - Common Stock",Q,Q,N
ZFGN,"Zafgen, Inc. - Common Stock",Q,Q,N
ZG,"Zillow Group, Inc. - Class A Common Stock",Q,Q,N
ZGBR,"SPDR Solactive United Kingdom ETF",P,,Y
ZGNX,"Zogenix, Inc. - Common Stock",Q,G,N
ZGYHU,"Yunhong International - Unit",Q,S,N
ZHOK,"SPDR Solactive Hong Kong ETF",P,,Y
ZIG,"The Acquirers Fund",P,,Y
ZION,"Zions Bancorporation N.A. - Common Stock",Q,Q,N
ZIONL,"Zions Bancorporation N.A. - 6.95% Fixed-to-Floating Rate Subordinated Notes due September 15, 2028",Q,G,N
ZIONN,"Zions Bancorporation N.A. - Depositary Shares each representing a 1/40th ownership interest in a share of Series H 5.75% Non-Cumulative Perpetual Preferred Stock",Q,G,N
ZIONO,"Zions Bancorporation N.A. - Depositary Shares each representing a 1/40th ownership interest in a share of Series G Fixed/Floating-Rate Non-Cumulative Perpetual Preferred Stock",Q,G,N
ZIONP,"Zions Bancorporation N.A. - Depositary Shares each representing a 1/40th ownership interest in a share of Series A Floating-Rate Non-Cumulative Perpetual Preferred Stock",Q,G,N
ZIONW,"Zions Bancorporation N.A. - Warrants 05/21/2020",Q,Q,N
ZIOP,"ZIOPHARM Oncology Inc - Common Stock",Q,Q,N
ZIV,"Credit Suisse AG - VelocityShares Daily Inverse VIX Medium Term ETN",Q,G,N
ZIXI,"Zix Corporation - Common Stock",Q,Q,N
ZJPN,"SPDR Solactive Japan ETF",P,,Y
ZKIN,"ZK International Group Co., Ltd - Ordinary Share",Q,S,N
ZLAB,"Zai Lab Limited - American Depositary Shares",Q,G,N
ZM,"Zoom Video Communications, Inc. - Class A Common Stock",Q,Q,N
ZMLP,"Direxion Zacks MLP High Income Index Shares",P,,Y
ZN,"Zion Oil  - Common Stock",Q,S,N
ZNGA,"Zynga Inc. - Class A Common Stock",Q,Q,N
ZNH,"China Southern Airlines Company Limited Common Stock",N,,N
ZOM,"Zomedica Pharmaceuticals Corp. Common Shares",A,,N
ZROZ,"PIMCO 25  Year Zero Coupon U.S. Treasury Index Exchange-Traded Fund",P,,Y
ZS,"Zscaler, Inc. - Common Stock",Q,Q,N
ZSAN,"Zosano Pharma Corporation - Common Stock",Q,S,N
ZSL,"ProShares UltraShort Silver",P,,Y
ZTO,"ZTO Express (Cayman) Inc. American Depositary Shares, each representing one Class A ordinary share.",N,,N
ZTR,"Virtus Total Return Fund Inc.",N,,N
ZTS,"Zoetis Inc. Class A Common Stock",N,,N
ZUMZ,"Zumiez Inc. - Common Stock",Q,Q,N
ZUO,"Zuora, Inc. Class A Common Stock",N,,N
ZVO,"Zovio Inc. - Common Stock",Q,Q,N
ZYME,"Zymeworks Inc. Common Shares",N,,N
ZYNE,"Zynerba Pharmaceuticals, Inc. - Common Stock",Q,G,N
ZYXI,"Zynex, Inc. - Common Stock",Q,S,N
